timestamp,dataNum,antennaID,beaconID,beaconMac,beaconUUID,beaconRSSI,(office room2.01 no_path_loss)
2018-06-14 14:32:45.289934,50,2,1,c1:00:dd:00:01:de,e2c56db5-dffb-48d2-b060-d0f5a71096e0,-73
2018-06-14 14:32:45.909536,51,2,1,c1:00:dd:00:01:de,e2c56db5-dffb-48d2-b060-d0f5a71096e0,-74
2018-06-14 14:32:46.116985,52,2,1,c1:00:dd:00:01:de,e2c56db5-dffb-48d2-b060-d0f5a71096e0,-69
2018-06-14 14:32:46.319825,53,2,1,c1:00:dd:00:01:de,e2c56db5-dffb-48d2-b060-d0f5a71096e0,-71
2018-06-14 14:32:46.527022,54,2,1,c1:00:dd:00:01:de,e2c56db5-dffb-48d2-b060-d0f5a71096e0,-69
2018-06-14 14:32:46.736438,55,2,1,c1:00:dd:00:01:de,e2c56db5-dffb-48d2-b060-d0f5a71096e0,-55
2018-06-14 14:32:46.941955,56,2,1,c1:00:dd:00:01:de,e2c56db5-dffb-48d2-b060-d0f5a71096e0,-72
2018-06-14 14:32:47.149779,57,2,1,c1:00:dd:00:01:de,e2c56db5-dffb-48d2-b060-d0f5a71096e0,-58
2018-06-14 14:32:47.556956,58,2,1,c1:00:dd:00:01:de,e2c56db5-dffb-48d2-b060-d0f5a71096e0,-73
2018-06-14 14:32:47.763070,59,2,1,c1:00:dd:00:01:de,e2c56db5-dffb-48d2-b060-d0f5a71096e0,-69
2018-06-14 14:32:47.971890,60,2,1,c1:00:dd:00:01:de,e2c56db5-dffb-48d2-b060-d0f5a71096e0,-55
2018-06-14 14:32:48.175474,61,2,1,c1:00:dd:00:01:de,e2c56db5-dffb-48d2-b060-d0f5a71096e0,-55
2018-06-14 14:32:48.377731,62,2,1,c1:00:dd:00:01:de,e2c56db5-dffb-48d2-b060-d0f5a71096e0,-58
2018-06-14 14:32:49.004270,63,2,1,c1:00:dd:00:01:de,e2c56db5-dffb-48d2-b060-d0f5a71096e0,-73
2018-06-14 14:32:49.211728,64,2,1,c1:00:dd:00:01:de,e2c56db5-dffb-48d2-b060-d0f5a71096e0,-57
2018-06-14 14:32:49.420893,65,2,1,c1:00:dd:00:01:de,e2c56db5-dffb-48d2-b060-d0f5a71096e0,-57
2018-06-14 14:32:49.628824,66,2,1,c1:00:dd:00:01:de,e2c56db5-dffb-48d2-b060-d0f5a71096e0,-57
2018-06-14 14:32:50.039039,67,2,1,c1:00:dd:00:01:de,e2c56db5-dffb-48d2-b060-d0f5a71096e0,-70
2018-06-14 14:32:50.857878,68,2,1,c1:00:dd:00:01:de,e2c56db5-dffb-48d2-b060-d0f5a71096e0,-73
2018-06-14 14:32:51.060262,69,2,1,c1:00:dd:00:01:de,e2c56db5-dffb-48d2-b060-d0f5a71096e0,-55
2018-06-14 14:32:51.268349,70,2,1,c1:00:dd:00:01:de,e2c56db5-dffb-48d2-b060-d0f5a71096e0,-71
2018-06-14 14:32:51.474762,71,2,1,c1:00:dd:00:01:de,e2c56db5-dffb-48d2-b060-d0f5a71096e0,-73
2018-06-14 14:32:51.675977,72,2,1,c1:00:dd:00:01:de,e2c56db5-dffb-48d2-b060-d0f5a71096e0,-73
2018-06-14 14:32:52.297058,73,2,1,c1:00:dd:00:01:de,e2c56db5-dffb-48d2-b060-d0f5a71096e0,-73
2018-06-14 14:32:52.502914,74,2,1,c1:00:dd:00:01:de,e2c56db5-dffb-48d2-b060-d0f5a71096e0,-55
2018-06-14 14:32:52.703552,75,2,1,c1:00:dd:00:01:de,e2c56db5-dffb-48d2-b060-d0f5a71096e0,-58
2018-06-14 14:32:52.911219,76,2,1,c1:00:dd:00:01:de,e2c56db5-dffb-48d2-b060-d0f5a71096e0,-73
2018-06-14 14:32:53.318444,77,2,1,c1:00:dd:00:01:de,e2c56db5-dffb-48d2-b060-d0f5a71096e0,-73
2018-06-14 14:32:53.515341,78,2,1,c1:00:dd:00:01:de,e2c56db5-dffb-48d2-b060-d0f5a71096e0,-71
2018-06-14 14:32:53.714565,79,2,1,c1:00:dd:00:01:de,e2c56db5-dffb-48d2-b060-d0f5a71096e0,-73
2018-06-14 14:32:53.923732,80,2,1,c1:00:dd:00:01:de,e2c56db5-dffb-48d2-b060-d0f5a71096e0,-72
2018-06-14 14:32:54.342601,81,2,1,c1:00:dd:00:01:de,e2c56db5-dffb-48d2-b060-d0f5a71096e0,-73
2018-06-14 14:32:54.955066,82,2,1,c1:00:dd:00:01:de,e2c56db5-dffb-48d2-b060-d0f5a71096e0,-72
2018-06-14 14:32:55.168488,83,2,1,c1:00:dd:00:01:de,e2c56db5-dffb-48d2-b060-d0f5a71096e0,-59
2018-06-14 14:32:55.370752,84,2,1,c1:00:dd:00:01:de,e2c56db5-dffb-48d2-b060-d0f5a71096e0,-73
2018-06-14 14:32:55.569346,85,2,1,c1:00:dd:00:01:de,e2c56db5-dffb-48d2-b060-d0f5a71096e0,-73
2018-06-14 14:32:55.772353,86,2,1,c1:00:dd:00:01:de,e2c56db5-dffb-48d2-b060-d0f5a71096e0,-73
2018-06-14 14:32:55.976229,87,2,1,c1:00:dd:00:01:de,e2c56db5-dffb-48d2-b060-d0f5a71096e0,-54
2018-06-14 14:32:56.193259,88,2,1,c1:00:dd:00:01:de,e2c56db5-dffb-48d2-b060-d0f5a71096e0,-69
2018-06-14 14:32:56.398365,89,2,1,c1:00:dd:00:01:de,e2c56db5-dffb-48d2-b060-d0f5a71096e0,-70
2018-06-14 14:32:56.603437,90,2,1,c1:00:dd:00:01:de,e2c56db5-dffb-48d2-b060-d0f5a71096e0,-72
2018-06-14 14:32:57.021463,91,2,1,c1:00:dd:00:01:de,e2c56db5-dffb-48d2-b060-d0f5a71096e0,-73
2018-06-14 14:32:57.238461,92,2,1,c1:00:dd:00:01:de,e2c56db5-dffb-48d2-b060-d0f5a71096e0,-73
2018-06-14 14:32:57.848369,93,2,1,c1:00:dd:00:01:de,e2c56db5-dffb-48d2-b060-d0f5a71096e0,-73
2018-06-14 14:32:58.051931,94,2,1,c1:00:dd:00:01:de,e2c56db5-dffb-48d2-b060-d0f5a71096e0,-55
2018-06-14 14:32:58.260923,95,2,1,c1:00:dd:00:01:de,e2c56db5-dffb-48d2-b060-d0f5a71096e0,-72
2018-06-14 14:32:58.860444,96,2,1,c1:00:dd:00:01:de,e2c56db5-dffb-48d2-b060-d0f5a71096e0,-68
2018-06-14 14:32:59.063571,97,2,1,c1:00:dd:00:01:de,e2c56db5-dffb-48d2-b060-d0f5a71096e0,-75
2018-06-14 14:32:59.271338,98,2,1,c1:00:dd:00:01:de,e2c56db5-dffb-48d2-b060-d0f5a71096e0,-72
2018-06-14 14:32:59.478124,99,2,1,c1:00:dd:00:01:de,e2c56db5-dffb-48d2-b060-d0f5a71096e0,-73
2018-06-14 14:32:59.687756,100,2,1,c1:00:dd:00:01:de,e2c56db5-dffb-48d2-b060-d0f5a71096e0,-72
2018-06-14 14:33:00.103762,101,2,1,c1:00:dd:00:01:de,e2c56db5-dffb-48d2-b060-d0f5a71096e0,-73
2018-06-14 14:33:00.518919,102,2,1,c1:00:dd:00:01:de,e2c56db5-dffb-48d2-b060-d0f5a71096e0,-69
2018-06-14 14:33:00.721012,103,2,1,c1:00:dd:00:01:de,e2c56db5-dffb-48d2-b060-d0f5a71096e0,-58
2018-06-14 14:33:00.912938,104,2,1,c1:00:dd:00:01:de,e2c56db5-dffb-48d2-b060-d0f5a71096e0,-72
2018-06-14 14:33:01.131551,105,2,1,c1:00:dd:00:01:de,e2c56db5-dffb-48d2-b060-d0f5a71096e0,-73
2018-06-14 14:33:02.144418,106,2,1,c1:00:dd:00:01:de,e2c56db5-dffb-48d2-b060-d0f5a71096e0,-57
2018-06-14 14:33:02.347661,107,2,1,c1:00:dd:00:01:de,e2c56db5-dffb-48d2-b060-d0f5a71096e0,-70
2018-06-14 14:33:02.548224,108,2,1,c1:00:dd:00:01:de,e2c56db5-dffb-48d2-b060-d0f5a71096e0,-70
2018-06-14 14:33:02.760020,109,2,1,c1:00:dd:00:01:de,e2c56db5-dffb-48d2-b060-d0f5a71096e0,-70
2018-06-14 14:33:02.965673,110,2,1,c1:00:dd:00:01:de,e2c56db5-dffb-48d2-b060-d0f5a71096e0,-73
2018-06-14 14:33:03.158130,111,2,1,c1:00:dd:00:01:de,e2c56db5-dffb-48d2-b060-d0f5a71096e0,-56
2018-06-14 14:33:03.363587,112,2,1,c1:00:dd:00:01:de,e2c56db5-dffb-48d2-b060-d0f5a71096e0,-77
2018-06-14 14:33:03.565346,113,2,1,c1:00:dd:00:01:de,e2c56db5-dffb-48d2-b060-d0f5a71096e0,-70
2018-06-14 14:33:03.781897,114,2,1,c1:00:dd:00:01:de,e2c56db5-dffb-48d2-b060-d0f5a71096e0,-55
2018-06-14 14:33:03.989745,115,2,1,c1:00:dd:00:01:de,e2c56db5-dffb-48d2-b060-d0f5a71096e0,-69
2018-06-14 14:33:04.421826,116,2,1,c1:00:dd:00:01:de,e2c56db5-dffb-48d2-b060-d0f5a71096e0,-70
2018-06-14 14:33:04.622557,117,2,1,c1:00:dd:00:01:de,e2c56db5-dffb-48d2-b060-d0f5a71096e0,-75
2018-06-14 14:33:05.229327,118,2,1,c1:00:dd:00:01:de,e2c56db5-dffb-48d2-b060-d0f5a71096e0,-73
2018-06-14 14:33:05.438422,119,2,1,c1:00:dd:00:01:de,e2c56db5-dffb-48d2-b060-d0f5a71096e0,-57
2018-06-14 14:33:05.639909,120,2,1,c1:00:dd:00:01:de,e2c56db5-dffb-48d2-b060-d0f5a71096e0,-55
2018-06-14 14:33:05.842107,121,2,1,c1:00:dd:00:01:de,e2c56db5-dffb-48d2-b060-d0f5a71096e0,-58
2018-06-14 14:33:06.462209,122,2,1,c1:00:dd:00:01:de,e2c56db5-dffb-48d2-b060-d0f5a71096e0,-73
2018-06-14 14:33:06.671376,123,2,1,c1:00:dd:00:01:de,e2c56db5-dffb-48d2-b060-d0f5a71096e0,-55
2018-06-14 14:33:06.876557,124,2,1,c1:00:dd:00:01:de,e2c56db5-dffb-48d2-b060-d0f5a71096e0,-72
2018-06-14 14:33:07.067619,125,2,1,c1:00:dd:00:01:de,e2c56db5-dffb-48d2-b060-d0f5a71096e0,-74
2018-06-14 14:33:07.273938,126,2,1,c1:00:dd:00:01:de,e2c56db5-dffb-48d2-b060-d0f5a71096e0,-73
2018-06-14 14:33:07.481997,127,2,1,c1:00:dd:00:01:de,e2c56db5-dffb-48d2-b060-d0f5a71096e0,-73
2018-06-14 14:33:07.684359,128,2,1,c1:00:dd:00:01:de,e2c56db5-dffb-48d2-b060-d0f5a71096e0,-69
2018-06-14 14:33:07.891322,129,2,1,c1:00:dd:00:01:de,e2c56db5-dffb-48d2-b060-d0f5a71096e0,-55
2018-06-14 14:33:08.114467,130,2,1,c1:00:dd:00:01:de,e2c56db5-dffb-48d2-b060-d0f5a71096e0,-71
2018-06-14 14:33:08.510454,131,2,1,c1:00:dd:00:01:de,e2c56db5-dffb-48d2-b060-d0f5a71096e0,-59
2018-06-14 14:33:08.924589,132,2,1,c1:00:dd:00:01:de,e2c56db5-dffb-48d2-b060-d0f5a71096e0,-73
2018-06-14 14:33:09.116809,133,2,1,c1:00:dd:00:01:de,e2c56db5-dffb-48d2-b060-d0f5a71096e0,-55
2018-06-14 14:33:09.527295,134,2,1,c1:00:dd:00:01:de,e2c56db5-dffb-48d2-b060-d0f5a71096e0,-73
2018-06-14 14:33:09.720684,135,2,1,c1:00:dd:00:01:de,e2c56db5-dffb-48d2-b060-d0f5a71096e0,-57
2018-06-14 14:33:09.925110,136,2,1,c1:00:dd:00:01:de,e2c56db5-dffb-48d2-b060-d0f5a71096e0,-54
2018-06-14 14:33:10.132676,137,2,1,c1:00:dd:00:01:de,e2c56db5-dffb-48d2-b060-d0f5a71096e0,-55
2018-06-14 14:33:10.351927,138,2,1,c1:00:dd:00:01:de,e2c56db5-dffb-48d2-b060-d0f5a71096e0,-73
2018-06-14 14:33:10.749610,139,2,1,c1:00:dd:00:01:de,e2c56db5-dffb-48d2-b060-d0f5a71096e0,-74
2018-06-14 14:33:10.944264,140,2,1,c1:00:dd:00:01:de,e2c56db5-dffb-48d2-b060-d0f5a71096e0,-69
2018-06-14 14:33:11.156619,141,2,1,c1:00:dd:00:01:de,e2c56db5-dffb-48d2-b060-d0f5a71096e0,-69
2018-06-14 14:33:11.353651,142,2,1,c1:00:dd:00:01:de,e2c56db5-dffb-48d2-b060-d0f5a71096e0,-72
2018-06-14 14:33:11.568139,143,2,1,c1:00:dd:00:01:de,e2c56db5-dffb-48d2-b060-d0f5a71096e0,-73
2018-06-14 14:33:11.767075,144,2,1,c1:00:dd:00:01:de,e2c56db5-dffb-48d2-b060-d0f5a71096e0,-77
2018-06-14 14:33:11.968049,145,2,1,c1:00:dd:00:01:de,e2c56db5-dffb-48d2-b060-d0f5a71096e0,-69
2018-06-14 14:33:12.174046,146,2,1,c1:00:dd:00:01:de,e2c56db5-dffb-48d2-b060-d0f5a71096e0,-58
2018-06-14 14:33:12.582204,147,2,1,c1:00:dd:00:01:de,e2c56db5-dffb-48d2-b060-d0f5a71096e0,-57
2018-06-14 14:33:12.783403,148,2,1,c1:00:dd:00:01:de,e2c56db5-dffb-48d2-b060-d0f5a71096e0,-69
2018-06-14 14:33:12.988259,149,2,1,c1:00:dd:00:01:de,e2c56db5-dffb-48d2-b060-d0f5a71096e0,-55
2018-06-14 14:33:13.196947,150,2,1,c1:00:dd:00:01:de,e2c56db5-dffb-48d2-b060-d0f5a71096e0,-69
2018-06-14 14:33:13.396499,151,2,1,c1:00:dd:00:01:de,e2c56db5-dffb-48d2-b060-d0f5a71096e0,-59
2018-06-14 14:33:13.599876,152,2,1,c1:00:dd:00:01:de,e2c56db5-dffb-48d2-b060-d0f5a71096e0,-74
2018-06-14 14:33:13.804016,153,2,1,c1:00:dd:00:01:de,e2c56db5-dffb-48d2-b060-d0f5a71096e0,-71
2018-06-14 14:33:14.009882,154,2,1,c1:00:dd:00:01:de,e2c56db5-dffb-48d2-b060-d0f5a71096e0,-71
2018-06-14 14:33:14.209559,155,2,1,c1:00:dd:00:01:de,e2c56db5-dffb-48d2-b060-d0f5a71096e0,-73
2018-06-14 14:33:14.418134,156,2,1,c1:00:dd:00:01:de,e2c56db5-dffb-48d2-b060-d0f5a71096e0,-74
2018-06-14 14:33:14.624744,157,2,1,c1:00:dd:00:01:de,e2c56db5-dffb-48d2-b060-d0f5a71096e0,-73
2018-06-14 14:33:14.836875,158,2,1,c1:00:dd:00:01:de,e2c56db5-dffb-48d2-b060-d0f5a71096e0,-73
2018-06-14 14:33:15.040737,159,2,1,c1:00:dd:00:01:de,e2c56db5-dffb-48d2-b060-d0f5a71096e0,-73
2018-06-14 14:33:15.453515,160,2,1,c1:00:dd:00:01:de,e2c56db5-dffb-48d2-b060-d0f5a71096e0,-69
2018-06-14 14:33:15.662341,161,2,1,c1:00:dd:00:01:de,e2c56db5-dffb-48d2-b060-d0f5a71096e0,-70
2018-06-14 14:33:15.870164,162,2,1,c1:00:dd:00:01:de,e2c56db5-dffb-48d2-b060-d0f5a71096e0,-70
2018-06-14 14:33:16.071183,163,2,1,c1:00:dd:00:01:de,e2c56db5-dffb-48d2-b060-d0f5a71096e0,-58
2018-06-14 14:33:16.278801,164,2,1,c1:00:dd:00:01:de,e2c56db5-dffb-48d2-b060-d0f5a71096e0,-73
2018-06-14 14:33:16.497873,165,2,1,c1:00:dd:00:01:de,e2c56db5-dffb-48d2-b060-d0f5a71096e0,-73
2018-06-14 14:33:17.108314,166,2,1,c1:00:dd:00:01:de,e2c56db5-dffb-48d2-b060-d0f5a71096e0,-71
2018-06-14 14:33:17.318495,167,2,1,c1:00:dd:00:01:de,e2c56db5-dffb-48d2-b060-d0f5a71096e0,-74
2018-06-14 14:33:17.524102,168,2,1,c1:00:dd:00:01:de,e2c56db5-dffb-48d2-b060-d0f5a71096e0,-55
2018-06-14 14:33:17.732954,169,2,1,c1:00:dd:00:01:de,e2c56db5-dffb-48d2-b060-d0f5a71096e0,-74
2018-06-14 14:33:18.137122,170,2,1,c1:00:dd:00:01:de,e2c56db5-dffb-48d2-b060-d0f5a71096e0,-73
2018-06-14 14:33:18.330144,171,2,1,c1:00:dd:00:01:de,e2c56db5-dffb-48d2-b060-d0f5a71096e0,-69
2018-06-14 14:33:19.342246,172,2,1,c1:00:dd:00:01:de,e2c56db5-dffb-48d2-b060-d0f5a71096e0,-58
2018-06-14 14:33:19.551988,173,2,1,c1:00:dd:00:01:de,e2c56db5-dffb-48d2-b060-d0f5a71096e0,-72
2018-06-14 14:33:19.759224,174,2,1,c1:00:dd:00:01:de,e2c56db5-dffb-48d2-b060-d0f5a71096e0,-72
2018-06-14 14:33:20.165460,175,2,1,c1:00:dd:00:01:de,e2c56db5-dffb-48d2-b060-d0f5a71096e0,-73
2018-06-14 14:33:20.377565,176,2,1,c1:00:dd:00:01:de,e2c56db5-dffb-48d2-b060-d0f5a71096e0,-73
2018-06-14 14:33:20.580774,177,2,1,c1:00:dd:00:01:de,e2c56db5-dffb-48d2-b060-d0f5a71096e0,-71
2018-06-14 14:33:20.786871,178,2,1,c1:00:dd:00:01:de,e2c56db5-dffb-48d2-b060-d0f5a71096e0,-69
2018-06-14 14:33:21.003156,179,2,1,c1:00:dd:00:01:de,e2c56db5-dffb-48d2-b060-d0f5a71096e0,-58
2018-06-14 14:33:21.194693,180,2,1,c1:00:dd:00:01:de,e2c56db5-dffb-48d2-b060-d0f5a71096e0,-74
2018-06-14 14:33:21.605562,181,2,1,c1:00:dd:00:01:de,e2c56db5-dffb-48d2-b060-d0f5a71096e0,-70
2018-06-14 14:33:21.804182,182,2,1,c1:00:dd:00:01:de,e2c56db5-dffb-48d2-b060-d0f5a71096e0,-74
2018-06-14 14:33:22.010878,183,2,1,c1:00:dd:00:01:de,e2c56db5-dffb-48d2-b060-d0f5a71096e0,-73
2018-06-14 14:33:22.425120,184,2,1,c1:00:dd:00:01:de,e2c56db5-dffb-48d2-b060-d0f5a71096e0,-73
2018-06-14 14:33:22.628351,185,2,1,c1:00:dd:00:01:de,e2c56db5-dffb-48d2-b060-d0f5a71096e0,-73
2018-06-14 14:33:22.831175,186,2,1,c1:00:dd:00:01:de,e2c56db5-dffb-48d2-b060-d0f5a71096e0,-69
2018-06-14 14:33:23.237380,187,2,1,c1:00:dd:00:01:de,e2c56db5-dffb-48d2-b060-d0f5a71096e0,-75
2018-06-14 14:33:23.441037,188,2,1,c1:00:dd:00:01:de,e2c56db5-dffb-48d2-b060-d0f5a71096e0,-71
2018-06-14 14:33:23.842016,189,2,1,c1:00:dd:00:01:de,e2c56db5-dffb-48d2-b060-d0f5a71096e0,-73
2018-06-14 14:33:24.045237,190,2,1,c1:00:dd:00:01:de,e2c56db5-dffb-48d2-b060-d0f5a71096e0,-73
2018-06-14 14:33:24.452340,191,2,1,c1:00:dd:00:01:de,e2c56db5-dffb-48d2-b060-d0f5a71096e0,-69
2018-06-14 14:33:24.863929,192,2,1,c1:00:dd:00:01:de,e2c56db5-dffb-48d2-b060-d0f5a71096e0,-73
2018-06-14 14:33:25.068475,193,2,1,c1:00:dd:00:01:de,e2c56db5-dffb-48d2-b060-d0f5a71096e0,-73
2018-06-14 14:33:25.480248,194,2,1,c1:00:dd:00:01:de,e2c56db5-dffb-48d2-b060-d0f5a71096e0,-57
2018-06-14 14:33:25.679843,195,2,1,c1:00:dd:00:01:de,e2c56db5-dffb-48d2-b060-d0f5a71096e0,-55
2018-06-14 14:33:25.883770,196,2,1,c1:00:dd:00:01:de,e2c56db5-dffb-48d2-b060-d0f5a71096e0,-72
2018-06-14 14:33:26.489434,197,2,1,c1:00:dd:00:01:de,e2c56db5-dffb-48d2-b060-d0f5a71096e0,-70
2018-06-14 14:33:26.697160,198,2,1,c1:00:dd:00:01:de,e2c56db5-dffb-48d2-b060-d0f5a71096e0,-55
2018-06-14 14:33:26.903978,199,2,1,c1:00:dd:00:01:de,e2c56db5-dffb-48d2-b060-d0f5a71096e0,-59
2018-06-14 14:33:27.107307,200,2,1,c1:00:dd:00:01:de,e2c56db5-dffb-48d2-b060-d0f5a71096e0,-68
2018-06-14 14:33:27.312507,201,2,1,c1:00:dd:00:01:de,e2c56db5-dffb-48d2-b060-d0f5a71096e0,-57
2018-06-14 14:33:27.514914,202,2,1,c1:00:dd:00:01:de,e2c56db5-dffb-48d2-b060-d0f5a71096e0,-71
2018-06-14 14:33:27.723536,203,2,1,c1:00:dd:00:01:de,e2c56db5-dffb-48d2-b060-d0f5a71096e0,-70
2018-06-14 14:33:27.925357,204,2,1,c1:00:dd:00:01:de,e2c56db5-dffb-48d2-b060-d0f5a71096e0,-58
2018-06-14 14:33:28.126839,205,2,1,c1:00:dd:00:01:de,e2c56db5-dffb-48d2-b060-d0f5a71096e0,-74
2018-06-14 14:33:28.326792,206,2,1,c1:00:dd:00:01:de,e2c56db5-dffb-48d2-b060-d0f5a71096e0,-57
2018-06-14 14:33:28.533631,207,2,1,c1:00:dd:00:01:de,e2c56db5-dffb-48d2-b060-d0f5a71096e0,-57
2018-06-14 14:33:28.735838,208,2,1,c1:00:dd:00:01:de,e2c56db5-dffb-48d2-b060-d0f5a71096e0,-71
2018-06-14 14:33:28.946752,209,2,1,c1:00:dd:00:01:de,e2c56db5-dffb-48d2-b060-d0f5a71096e0,-69
2018-06-14 14:33:29.148297,210,2,1,c1:00:dd:00:01:de,e2c56db5-dffb-48d2-b060-d0f5a71096e0,-72
2018-06-14 14:33:29.560336,211,2,1,c1:00:dd:00:01:de,e2c56db5-dffb-48d2-b060-d0f5a71096e0,-74
2018-06-14 14:33:29.966719,212,2,1,c1:00:dd:00:01:de,e2c56db5-dffb-48d2-b060-d0f5a71096e0,-55
2018-06-14 14:33:30.176804,213,2,1,c1:00:dd:00:01:de,e2c56db5-dffb-48d2-b060-d0f5a71096e0,-55
2018-06-14 14:33:30.385483,214,2,1,c1:00:dd:00:01:de,e2c56db5-dffb-48d2-b060-d0f5a71096e0,-73
2018-06-14 14:33:30.787175,215,2,1,c1:00:dd:00:01:de,e2c56db5-dffb-48d2-b060-d0f5a71096e0,-73
2018-06-14 14:33:30.989368,216,2,1,c1:00:dd:00:01:de,e2c56db5-dffb-48d2-b060-d0f5a71096e0,-69
2018-06-14 14:33:31.190004,217,2,1,c1:00:dd:00:01:de,e2c56db5-dffb-48d2-b060-d0f5a71096e0,-72
2018-06-14 14:33:31.391084,218,2,1,c1:00:dd:00:01:de,e2c56db5-dffb-48d2-b060-d0f5a71096e0,-58
2018-06-14 14:33:31.807479,219,2,1,c1:00:dd:00:01:de,e2c56db5-dffb-48d2-b060-d0f5a71096e0,-71
2018-06-14 14:33:32.021579,220,2,1,c1:00:dd:00:01:de,e2c56db5-dffb-48d2-b060-d0f5a71096e0,-56
2018-06-14 14:33:32.231609,221,2,1,c1:00:dd:00:01:de,e2c56db5-dffb-48d2-b060-d0f5a71096e0,-57
2018-06-14 14:33:32.436750,222,2,1,c1:00:dd:00:01:de,e2c56db5-dffb-48d2-b060-d0f5a71096e0,-73
2018-06-14 14:33:32.640310,223,2,1,c1:00:dd:00:01:de,e2c56db5-dffb-48d2-b060-d0f5a71096e0,-69
2018-06-14 14:33:32.847341,224,2,1,c1:00:dd:00:01:de,e2c56db5-dffb-48d2-b060-d0f5a71096e0,-69
2018-06-14 14:33:33.052866,225,2,1,c1:00:dd:00:01:de,e2c56db5-dffb-48d2-b060-d0f5a71096e0,-72
2018-06-14 14:33:33.262800,226,2,1,c1:00:dd:00:01:de,e2c56db5-dffb-48d2-b060-d0f5a71096e0,-73
2018-06-14 14:33:33.670155,227,2,1,c1:00:dd:00:01:de,e2c56db5-dffb-48d2-b060-d0f5a71096e0,-73
2018-06-14 14:33:33.873914,228,2,1,c1:00:dd:00:01:de,e2c56db5-dffb-48d2-b060-d0f5a71096e0,-71
2018-06-14 14:33:34.072360,229,2,1,c1:00:dd:00:01:de,e2c56db5-dffb-48d2-b060-d0f5a71096e0,-71
2018-06-14 14:33:34.482510,230,2,1,c1:00:dd:00:01:de,e2c56db5-dffb-48d2-b060-d0f5a71096e0,-72
2018-06-14 14:33:34.697515,231,2,1,c1:00:dd:00:01:de,e2c56db5-dffb-48d2-b060-d0f5a71096e0,-58
2018-06-14 14:33:35.107844,232,2,1,c1:00:dd:00:01:de,e2c56db5-dffb-48d2-b060-d0f5a71096e0,-57
2018-06-14 14:33:35.307015,233,2,1,c1:00:dd:00:01:de,e2c56db5-dffb-48d2-b060-d0f5a71096e0,-55
2018-06-14 14:33:35.506432,234,2,1,c1:00:dd:00:01:de,e2c56db5-dffb-48d2-b060-d0f5a71096e0,-73
2018-06-14 14:33:35.713758,235,2,1,c1:00:dd:00:01:de,e2c56db5-dffb-48d2-b060-d0f5a71096e0,-70
2018-06-14 14:33:35.923354,236,2,1,c1:00:dd:00:01:de,e2c56db5-dffb-48d2-b060-d0f5a71096e0,-57
2018-06-14 14:33:36.122083,237,2,1,c1:00:dd:00:01:de,e2c56db5-dffb-48d2-b060-d0f5a71096e0,-69
2018-06-14 14:33:36.327488,238,2,1,c1:00:dd:00:01:de,e2c56db5-dffb-48d2-b060-d0f5a71096e0,-68
2018-06-14 14:33:36.534246,239,2,1,c1:00:dd:00:01:de,e2c56db5-dffb-48d2-b060-d0f5a71096e0,-72
2018-06-14 14:33:36.743472,240,2,1,c1:00:dd:00:01:de,e2c56db5-dffb-48d2-b060-d0f5a71096e0,-72
2018-06-14 14:33:36.949456,241,2,1,c1:00:dd:00:01:de,e2c56db5-dffb-48d2-b060-d0f5a71096e0,-72
2018-06-14 14:33:37.152575,242,2,1,c1:00:dd:00:01:de,e2c56db5-dffb-48d2-b060-d0f5a71096e0,-73
2018-06-14 14:33:37.558466,243,2,1,c1:00:dd:00:01:de,e2c56db5-dffb-48d2-b060-d0f5a71096e0,-55
2018-06-14 14:33:37.762761,244,2,1,c1:00:dd:00:01:de,e2c56db5-dffb-48d2-b060-d0f5a71096e0,-74
2018-06-14 14:33:38.382864,245,2,1,c1:00:dd:00:01:de,e2c56db5-dffb-48d2-b060-d0f5a71096e0,-57
2018-06-14 14:33:38.589750,246,2,1,c1:00:dd:00:01:de,e2c56db5-dffb-48d2-b060-d0f5a71096e0,-73
2018-06-14 14:33:38.791078,247,2,1,c1:00:dd:00:01:de,e2c56db5-dffb-48d2-b060-d0f5a71096e0,-69
2018-06-14 14:33:38.996475,248,2,1,c1:00:dd:00:01:de,e2c56db5-dffb-48d2-b060-d0f5a71096e0,-70
2018-06-14 14:33:39.200829,249,2,1,c1:00:dd:00:01:de,e2c56db5-dffb-48d2-b060-d0f5a71096e0,-73
2018-06-14 14:33:39.607339,250,2,1,c1:00:dd:00:01:de,e2c56db5-dffb-48d2-b060-d0f5a71096e0,-73
2018-06-14 14:33:39.814904,251,2,1,c1:00:dd:00:01:de,e2c56db5-dffb-48d2-b060-d0f5a71096e0,-54
2018-06-14 14:33:40.018485,252,2,1,c1:00:dd:00:01:de,e2c56db5-dffb-48d2-b060-d0f5a71096e0,-71
2018-06-14 14:33:40.633146,253,2,1,c1:00:dd:00:01:de,e2c56db5-dffb-48d2-b060-d0f5a71096e0,-74
2018-06-14 14:33:41.060072,254,2,1,c1:00:dd:00:01:de,e2c56db5-dffb-48d2-b060-d0f5a71096e0,-73
2018-06-14 14:33:41.256981,255,2,1,c1:00:dd:00:01:de,e2c56db5-dffb-48d2-b060-d0f5a71096e0,-73
2018-06-14 14:33:41.459265,256,2,1,c1:00:dd:00:01:de,e2c56db5-dffb-48d2-b060-d0f5a71096e0,-71
2018-06-14 14:33:41.663166,257,2,1,c1:00:dd:00:01:de,e2c56db5-dffb-48d2-b060-d0f5a71096e0,-58
2018-06-14 14:33:41.874758,258,2,1,c1:00:dd:00:01:de,e2c56db5-dffb-48d2-b060-d0f5a71096e0,-72
2018-06-14 14:33:42.288640,259,2,1,c1:00:dd:00:01:de,e2c56db5-dffb-48d2-b060-d0f5a71096e0,-57
2018-06-14 14:33:42.494633,260,2,1,c1:00:dd:00:01:de,e2c56db5-dffb-48d2-b060-d0f5a71096e0,-69
2018-06-14 14:33:42.697171,261,2,1,c1:00:dd:00:01:de,e2c56db5-dffb-48d2-b060-d0f5a71096e0,-69
2018-06-14 14:33:43.311312,262,2,1,c1:00:dd:00:01:de,e2c56db5-dffb-48d2-b060-d0f5a71096e0,-73
2018-06-14 14:33:43.524071,263,2,1,c1:00:dd:00:01:de,e2c56db5-dffb-48d2-b060-d0f5a71096e0,-58
2018-06-14 14:33:43.925061,264,2,1,c1:00:dd:00:01:de,e2c56db5-dffb-48d2-b060-d0f5a71096e0,-57
2018-06-14 14:33:44.127574,265,2,1,c1:00:dd:00:01:de,e2c56db5-dffb-48d2-b060-d0f5a71096e0,-69
2018-06-14 14:33:44.342481,266,2,1,c1:00:dd:00:01:de,e2c56db5-dffb-48d2-b060-d0f5a71096e0,-69
2018-06-14 14:33:44.551992,267,2,1,c1:00:dd:00:01:de,e2c56db5-dffb-48d2-b060-d0f5a71096e0,-69
2018-06-14 14:33:44.756881,268,2,1,c1:00:dd:00:01:de,e2c56db5-dffb-48d2-b060-d0f5a71096e0,-73
2018-06-14 14:33:45.160226,269,2,1,c1:00:dd:00:01:de,e2c56db5-dffb-48d2-b060-d0f5a71096e0,-57
2018-06-14 14:33:45.355566,270,2,1,c1:00:dd:00:01:de,e2c56db5-dffb-48d2-b060-d0f5a71096e0,-71
2018-06-14 14:33:45.974113,271,2,1,c1:00:dd:00:01:de,e2c56db5-dffb-48d2-b060-d0f5a71096e0,-74
2018-06-14 14:33:46.179365,272,2,1,c1:00:dd:00:01:de,e2c56db5-dffb-48d2-b060-d0f5a71096e0,-57
2018-06-14 14:33:46.395956,273,2,1,c1:00:dd:00:01:de,e2c56db5-dffb-48d2-b060-d0f5a71096e0,-55
2018-06-14 14:33:46.791120,274,2,1,c1:00:dd:00:01:de,e2c56db5-dffb-48d2-b060-d0f5a71096e0,-59
2018-06-14 14:33:46.993626,275,2,1,c1:00:dd:00:01:de,e2c56db5-dffb-48d2-b060-d0f5a71096e0,-73
2018-06-14 14:33:47.197836,276,2,1,c1:00:dd:00:01:de,e2c56db5-dffb-48d2-b060-d0f5a71096e0,-69
2018-06-14 14:33:47.402264,277,2,1,c1:00:dd:00:01:de,e2c56db5-dffb-48d2-b060-d0f5a71096e0,-69
2018-06-14 14:33:48.032381,278,2,1,c1:00:dd:00:01:de,e2c56db5-dffb-48d2-b060-d0f5a71096e0,-59
2018-06-14 14:33:48.241252,279,2,1,c1:00:dd:00:01:de,e2c56db5-dffb-48d2-b060-d0f5a71096e0,-72
2018-06-14 14:33:48.447726,280,2,1,c1:00:dd:00:01:de,e2c56db5-dffb-48d2-b060-d0f5a71096e0,-73
2018-06-14 14:33:48.639032,281,2,1,c1:00:dd:00:01:de,e2c56db5-dffb-48d2-b060-d0f5a71096e0,-74
2018-06-14 14:33:48.856788,282,2,1,c1:00:dd:00:01:de,e2c56db5-dffb-48d2-b060-d0f5a71096e0,-69
2018-06-14 14:33:49.264346,283,2,1,c1:00:dd:00:01:de,e2c56db5-dffb-48d2-b060-d0f5a71096e0,-69
2018-06-14 14:33:50.070465,284,2,1,c1:00:dd:00:01:de,e2c56db5-dffb-48d2-b060-d0f5a71096e0,-70
2018-06-14 14:33:50.279197,285,2,1,c1:00:dd:00:01:de,e2c56db5-dffb-48d2-b060-d0f5a71096e0,-69
2018-06-14 14:33:50.479044,286,2,1,c1:00:dd:00:01:de,e2c56db5-dffb-48d2-b060-d0f5a71096e0,-73
2018-06-14 14:33:50.685232,287,2,1,c1:00:dd:00:01:de,e2c56db5-dffb-48d2-b060-d0f5a71096e0,-73
2018-06-14 14:33:50.884086,288,2,1,c1:00:dd:00:01:de,e2c56db5-dffb-48d2-b060-d0f5a71096e0,-69
2018-06-14 14:33:51.291525,289,2,1,c1:00:dd:00:01:de,e2c56db5-dffb-48d2-b060-d0f5a71096e0,-58
2018-06-14 14:33:51.495413,290,2,1,c1:00:dd:00:01:de,e2c56db5-dffb-48d2-b060-d0f5a71096e0,-73
2018-06-14 14:33:51.694829,291,2,1,c1:00:dd:00:01:de,e2c56db5-dffb-48d2-b060-d0f5a71096e0,-73
2018-06-14 14:33:51.900633,292,2,1,c1:00:dd:00:01:de,e2c56db5-dffb-48d2-b060-d0f5a71096e0,-72
2018-06-14 14:33:52.110556,293,2,1,c1:00:dd:00:01:de,e2c56db5-dffb-48d2-b060-d0f5a71096e0,-73
2018-06-14 14:33:52.318986,294,2,1,c1:00:dd:00:01:de,e2c56db5-dffb-48d2-b060-d0f5a71096e0,-55
2018-06-14 14:33:52.519581,295,2,1,c1:00:dd:00:01:de,e2c56db5-dffb-48d2-b060-d0f5a71096e0,-58
2018-06-14 14:33:52.932389,296,2,1,c1:00:dd:00:01:de,e2c56db5-dffb-48d2-b060-d0f5a71096e0,-73
2018-06-14 14:33:53.140385,297,2,1,c1:00:dd:00:01:de,e2c56db5-dffb-48d2-b060-d0f5a71096e0,-57
2018-06-14 14:33:53.339613,298,2,1,c1:00:dd:00:01:de,e2c56db5-dffb-48d2-b060-d0f5a71096e0,-69
2018-06-14 14:33:53.747067,299,2,1,c1:00:dd:00:01:de,e2c56db5-dffb-48d2-b060-d0f5a71096e0,-73
2018-06-14 14:33:53.955222,300,2,1,c1:00:dd:00:01:de,e2c56db5-dffb-48d2-b060-d0f5a71096e0,-73
2018-06-14 14:33:54.164811,301,2,1,c1:00:dd:00:01:de,e2c56db5-dffb-48d2-b060-d0f5a71096e0,-73
2018-06-14 14:33:54.372597,302,2,1,c1:00:dd:00:01:de,e2c56db5-dffb-48d2-b060-d0f5a71096e0,-73
2018-06-14 14:33:54.578191,303,2,1,c1:00:dd:00:01:de,e2c56db5-dffb-48d2-b060-d0f5a71096e0,-73
2018-06-14 14:33:54.778420,304,2,1,c1:00:dd:00:01:de,e2c56db5-dffb-48d2-b060-d0f5a71096e0,-69
2018-06-14 14:33:54.983254,305,2,1,c1:00:dd:00:01:de,e2c56db5-dffb-48d2-b060-d0f5a71096e0,-73
2018-06-14 14:33:55.188428,306,2,1,c1:00:dd:00:01:de,e2c56db5-dffb-48d2-b060-d0f5a71096e0,-58
2018-06-14 14:33:55.602757,307,2,1,c1:00:dd:00:01:de,e2c56db5-dffb-48d2-b060-d0f5a71096e0,-73
2018-06-14 14:33:55.804145,308,2,1,c1:00:dd:00:01:de,e2c56db5-dffb-48d2-b060-d0f5a71096e0,-69
2018-06-14 14:33:56.011997,309,2,1,c1:00:dd:00:01:de,e2c56db5-dffb-48d2-b060-d0f5a71096e0,-71
2018-06-14 14:33:56.210544,310,2,1,c1:00:dd:00:01:de,e2c56db5-dffb-48d2-b060-d0f5a71096e0,-70
2018-06-14 14:33:56.412364,311,2,1,c1:00:dd:00:01:de,e2c56db5-dffb-48d2-b060-d0f5a71096e0,-59
2018-06-14 14:33:56.827817,312,2,1,c1:00:dd:00:01:de,e2c56db5-dffb-48d2-b060-d0f5a71096e0,-73
2018-06-14 14:33:57.030392,313,2,1,c1:00:dd:00:01:de,e2c56db5-dffb-48d2-b060-d0f5a71096e0,-70
2018-06-14 14:33:57.441431,314,2,1,c1:00:dd:00:01:de,e2c56db5-dffb-48d2-b060-d0f5a71096e0,-58
2018-06-14 14:33:57.645024,315,2,1,c1:00:dd:00:01:de,e2c56db5-dffb-48d2-b060-d0f5a71096e0,-73
2018-06-14 14:33:57.852844,316,2,1,c1:00:dd:00:01:de,e2c56db5-dffb-48d2-b060-d0f5a71096e0,-73
2018-06-14 14:33:58.053619,317,2,1,c1:00:dd:00:01:de,e2c56db5-dffb-48d2-b060-d0f5a71096e0,-69
2018-06-14 14:33:58.259124,318,2,1,c1:00:dd:00:01:de,e2c56db5-dffb-48d2-b060-d0f5a71096e0,-70
2018-06-14 14:33:58.673100,319,2,1,c1:00:dd:00:01:de,e2c56db5-dffb-48d2-b060-d0f5a71096e0,-73
2018-06-14 14:33:58.878355,320,2,1,c1:00:dd:00:01:de,e2c56db5-dffb-48d2-b060-d0f5a71096e0,-73
2018-06-14 14:33:59.285415,321,2,1,c1:00:dd:00:01:de,e2c56db5-dffb-48d2-b060-d0f5a71096e0,-73
2018-06-14 14:33:59.494498,322,2,1,c1:00:dd:00:01:de,e2c56db5-dffb-48d2-b060-d0f5a71096e0,-73
2018-06-14 14:33:59.704225,323,2,1,c1:00:dd:00:01:de,e2c56db5-dffb-48d2-b060-d0f5a71096e0,-69
2018-06-14 14:33:59.914009,324,2,1,c1:00:dd:00:01:de,e2c56db5-dffb-48d2-b060-d0f5a71096e0,-69
2018-06-14 14:34:00.522031,325,2,1,c1:00:dd:00:01:de,e2c56db5-dffb-48d2-b060-d0f5a71096e0,-73
2018-06-14 14:34:00.728435,326,2,1,c1:00:dd:00:01:de,e2c56db5-dffb-48d2-b060-d0f5a71096e0,-73
2018-06-14 14:34:01.135235,327,2,1,c1:00:dd:00:01:de,e2c56db5-dffb-48d2-b060-d0f5a71096e0,-59
2018-06-14 14:34:01.339460,328,2,1,c1:00:dd:00:01:de,e2c56db5-dffb-48d2-b060-d0f5a71096e0,-73
2018-06-14 14:34:01.748052,329,2,1,c1:00:dd:00:01:de,e2c56db5-dffb-48d2-b060-d0f5a71096e0,-73
2018-06-14 14:34:01.949532,330,2,1,c1:00:dd:00:01:de,e2c56db5-dffb-48d2-b060-d0f5a71096e0,-55
2018-06-14 14:34:02.154831,331,2,1,c1:00:dd:00:01:de,e2c56db5-dffb-48d2-b060-d0f5a71096e0,-75
2018-06-14 14:34:02.363841,332,2,1,c1:00:dd:00:01:de,e2c56db5-dffb-48d2-b060-d0f5a71096e0,-73
2018-06-14 14:34:02.766630,333,2,1,c1:00:dd:00:01:de,e2c56db5-dffb-48d2-b060-d0f5a71096e0,-57
2018-06-14 14:34:02.974411,334,2,1,c1:00:dd:00:01:de,e2c56db5-dffb-48d2-b060-d0f5a71096e0,-73
2018-06-14 14:34:03.388925,335,2,1,c1:00:dd:00:01:de,e2c56db5-dffb-48d2-b060-d0f5a71096e0,-55
2018-06-14 14:34:03.594203,336,2,1,c1:00:dd:00:01:de,e2c56db5-dffb-48d2-b060-d0f5a71096e0,-72
2018-06-14 14:34:03.800194,337,2,1,c1:00:dd:00:01:de,e2c56db5-dffb-48d2-b060-d0f5a71096e0,-73
2018-06-14 14:34:04.004034,338,2,1,c1:00:dd:00:01:de,e2c56db5-dffb-48d2-b060-d0f5a71096e0,-73
2018-06-14 14:34:04.210186,339,2,1,c1:00:dd:00:01:de,e2c56db5-dffb-48d2-b060-d0f5a71096e0,-74
2018-06-14 14:34:04.629996,340,2,1,c1:00:dd:00:01:de,e2c56db5-dffb-48d2-b060-d0f5a71096e0,-73
2018-06-14 14:34:04.832554,341,2,1,c1:00:dd:00:01:de,e2c56db5-dffb-48d2-b060-d0f5a71096e0,-70
2018-06-14 14:34:05.034840,342,2,1,c1:00:dd:00:01:de,e2c56db5-dffb-48d2-b060-d0f5a71096e0,-73
2018-06-14 14:34:05.240962,343,2,1,c1:00:dd:00:01:de,e2c56db5-dffb-48d2-b060-d0f5a71096e0,-73
2018-06-14 14:34:05.448666,344,2,1,c1:00:dd:00:01:de,e2c56db5-dffb-48d2-b060-d0f5a71096e0,-73
2018-06-14 14:34:05.849254,345,2,1,c1:00:dd:00:01:de,e2c56db5-dffb-48d2-b060-d0f5a71096e0,-71
2018-06-14 14:34:06.058858,346,2,1,c1:00:dd:00:01:de,e2c56db5-dffb-48d2-b060-d0f5a71096e0,-69
2018-06-14 14:34:06.257948,347,2,1,c1:00:dd:00:01:de,e2c56db5-dffb-48d2-b060-d0f5a71096e0,-73
2018-06-14 14:34:06.465206,348,2,1,c1:00:dd:00:01:de,e2c56db5-dffb-48d2-b060-d0f5a71096e0,-74
2018-06-14 14:34:06.674448,349,2,1,c1:00:dd:00:01:de,e2c56db5-dffb-48d2-b060-d0f5a71096e0,-73
2018-06-14 14:34:07.090367,350,2,1,c1:00:dd:00:01:de,e2c56db5-dffb-48d2-b060-d0f5a71096e0,-73
2018-06-14 14:34:07.291240,351,2,1,c1:00:dd:00:01:de,e2c56db5-dffb-48d2-b060-d0f5a71096e0,-71
2018-06-14 14:34:07.493543,352,2,1,c1:00:dd:00:01:de,e2c56db5-dffb-48d2-b060-d0f5a71096e0,-73
2018-06-14 14:34:07.695899,353,2,1,c1:00:dd:00:01:de,e2c56db5-dffb-48d2-b060-d0f5a71096e0,-73
2018-06-14 14:34:08.111674,354,2,1,c1:00:dd:00:01:de,e2c56db5-dffb-48d2-b060-d0f5a71096e0,-73
2018-06-14 14:34:08.320213,355,2,1,c1:00:dd:00:01:de,e2c56db5-dffb-48d2-b060-d0f5a71096e0,-57
2018-06-14 14:34:08.728636,356,2,1,c1:00:dd:00:01:de,e2c56db5-dffb-48d2-b060-d0f5a71096e0,-71
2018-06-14 14:34:08.940839,357,2,1,c1:00:dd:00:01:de,e2c56db5-dffb-48d2-b060-d0f5a71096e0,-59
2018-06-14 14:34:09.343855,358,2,1,c1:00:dd:00:01:de,e2c56db5-dffb-48d2-b060-d0f5a71096e0,-73
2018-06-14 14:34:09.547052,359,2,1,c1:00:dd:00:01:de,e2c56db5-dffb-48d2-b060-d0f5a71096e0,-55
2018-06-14 14:34:09.749105,360,2,1,c1:00:dd:00:01:de,e2c56db5-dffb-48d2-b060-d0f5a71096e0,-69
2018-06-14 14:34:09.957959,361,2,1,c1:00:dd:00:01:de,e2c56db5-dffb-48d2-b060-d0f5a71096e0,-75
2018-06-14 14:34:10.159288,362,2,1,c1:00:dd:00:01:de,e2c56db5-dffb-48d2-b060-d0f5a71096e0,-73
2018-06-14 14:34:10.991656,363,2,1,c1:00:dd:00:01:de,e2c56db5-dffb-48d2-b060-d0f5a71096e0,-55
2018-06-14 14:34:11.209914,364,2,1,c1:00:dd:00:01:de,e2c56db5-dffb-48d2-b060-d0f5a71096e0,-55
2018-06-14 14:34:11.404088,365,2,1,c1:00:dd:00:01:de,e2c56db5-dffb-48d2-b060-d0f5a71096e0,-73
2018-06-14 14:34:11.609690,366,2,1,c1:00:dd:00:01:de,e2c56db5-dffb-48d2-b060-d0f5a71096e0,-73
2018-06-14 14:34:11.814922,367,2,1,c1:00:dd:00:01:de,e2c56db5-dffb-48d2-b060-d0f5a71096e0,-73
2018-06-14 14:34:12.017766,368,2,1,c1:00:dd:00:01:de,e2c56db5-dffb-48d2-b060-d0f5a71096e0,-73
2018-06-14 14:34:12.223063,369,2,1,c1:00:dd:00:01:de,e2c56db5-dffb-48d2-b060-d0f5a71096e0,-70
2018-06-14 14:34:13.045791,370,2,1,c1:00:dd:00:01:de,e2c56db5-dffb-48d2-b060-d0f5a71096e0,-56
2018-06-14 14:34:13.249653,371,2,1,c1:00:dd:00:01:de,e2c56db5-dffb-48d2-b060-d0f5a71096e0,-57
2018-06-14 14:34:13.447818,372,2,1,c1:00:dd:00:01:de,e2c56db5-dffb-48d2-b060-d0f5a71096e0,-57
2018-06-14 14:34:13.652283,373,2,1,c1:00:dd:00:01:de,e2c56db5-dffb-48d2-b060-d0f5a71096e0,-55
2018-06-14 14:34:13.854434,374,2,1,c1:00:dd:00:01:de,e2c56db5-dffb-48d2-b060-d0f5a71096e0,-70
2018-06-14 14:34:14.060485,375,2,1,c1:00:dd:00:01:de,e2c56db5-dffb-48d2-b060-d0f5a71096e0,-54
2018-06-14 14:34:14.261107,376,2,1,c1:00:dd:00:01:de,e2c56db5-dffb-48d2-b060-d0f5a71096e0,-73
2018-06-14 14:34:14.473612,377,2,1,c1:00:dd:00:01:de,e2c56db5-dffb-48d2-b060-d0f5a71096e0,-73
2018-06-14 14:34:14.673488,378,2,1,c1:00:dd:00:01:de,e2c56db5-dffb-48d2-b060-d0f5a71096e0,-70
2018-06-14 14:34:14.874150,379,2,1,c1:00:dd:00:01:de,e2c56db5-dffb-48d2-b060-d0f5a71096e0,-73
2018-06-14 14:34:15.079001,380,2,1,c1:00:dd:00:01:de,e2c56db5-dffb-48d2-b060-d0f5a71096e0,-59
2018-06-14 14:34:15.285427,381,2,1,c1:00:dd:00:01:de,e2c56db5-dffb-48d2-b060-d0f5a71096e0,-57
2018-06-14 14:34:15.687335,382,2,1,c1:00:dd:00:01:de,e2c56db5-dffb-48d2-b060-d0f5a71096e0,-69
2018-06-14 14:34:15.893699,383,2,1,c1:00:dd:00:01:de,e2c56db5-dffb-48d2-b060-d0f5a71096e0,-70
2018-06-14 14:34:16.308362,384,2,1,c1:00:dd:00:01:de,e2c56db5-dffb-48d2-b060-d0f5a71096e0,-73
2018-06-14 14:34:16.728317,385,2,1,c1:00:dd:00:01:de,e2c56db5-dffb-48d2-b060-d0f5a71096e0,-73
2018-06-14 14:34:16.934407,386,2,1,c1:00:dd:00:01:de,e2c56db5-dffb-48d2-b060-d0f5a71096e0,-57
2018-06-14 14:34:17.543742,387,2,1,c1:00:dd:00:01:de,e2c56db5-dffb-48d2-b060-d0f5a71096e0,-73
2018-06-14 14:34:17.757183,388,2,1,c1:00:dd:00:01:de,e2c56db5-dffb-48d2-b060-d0f5a71096e0,-74
2018-06-14 14:34:17.962241,389,2,1,c1:00:dd:00:01:de,e2c56db5-dffb-48d2-b060-d0f5a71096e0,-73
2018-06-14 14:34:18.165863,390,2,1,c1:00:dd:00:01:de,e2c56db5-dffb-48d2-b060-d0f5a71096e0,-73
2018-06-14 14:34:18.361125,391,2,1,c1:00:dd:00:01:de,e2c56db5-dffb-48d2-b060-d0f5a71096e0,-55
2018-06-14 14:34:18.775407,392,2,1,c1:00:dd:00:01:de,e2c56db5-dffb-48d2-b060-d0f5a71096e0,-73
2018-06-14 14:34:18.984191,393,2,1,c1:00:dd:00:01:de,e2c56db5-dffb-48d2-b060-d0f5a71096e0,-73
2018-06-14 14:34:19.805862,394,2,1,c1:00:dd:00:01:de,e2c56db5-dffb-48d2-b060-d0f5a71096e0,-55
2018-06-14 14:34:20.008287,395,2,1,c1:00:dd:00:01:de,e2c56db5-dffb-48d2-b060-d0f5a71096e0,-55
2018-06-14 14:34:20.225789,396,2,1,c1:00:dd:00:01:de,e2c56db5-dffb-48d2-b060-d0f5a71096e0,-74
2018-06-14 14:34:21.034038,397,2,1,c1:00:dd:00:01:de,e2c56db5-dffb-48d2-b060-d0f5a71096e0,-70
2018-06-14 14:34:21.234693,398,2,1,c1:00:dd:00:01:de,e2c56db5-dffb-48d2-b060-d0f5a71096e0,-74
2018-06-14 14:34:21.440707,399,2,1,c1:00:dd:00:01:de,e2c56db5-dffb-48d2-b060-d0f5a71096e0,-73
2018-06-14 14:34:21.648068,400,2,1,c1:00:dd:00:01:de,e2c56db5-dffb-48d2-b060-d0f5a71096e0,-73
2018-06-14 14:34:21.855528,401,2,1,c1:00:dd:00:01:de,e2c56db5-dffb-48d2-b060-d0f5a71096e0,-73
2018-06-14 14:34:22.062363,402,2,1,c1:00:dd:00:01:de,e2c56db5-dffb-48d2-b060-d0f5a71096e0,-73
2018-06-14 14:34:22.266950,403,2,1,c1:00:dd:00:01:de,e2c56db5-dffb-48d2-b060-d0f5a71096e0,-69
2018-06-14 14:34:22.462282,404,2,1,c1:00:dd:00:01:de,e2c56db5-dffb-48d2-b060-d0f5a71096e0,-55
2018-06-14 14:34:22.665225,405,2,1,c1:00:dd:00:01:de,e2c56db5-dffb-48d2-b060-d0f5a71096e0,-74
2018-06-14 14:34:23.082740,406,2,1,c1:00:dd:00:01:de,e2c56db5-dffb-48d2-b060-d0f5a71096e0,-73
2018-06-14 14:34:23.292014,407,2,1,c1:00:dd:00:01:de,e2c56db5-dffb-48d2-b060-d0f5a71096e0,-57
2018-06-14 14:34:23.492812,408,2,1,c1:00:dd:00:01:de,e2c56db5-dffb-48d2-b060-d0f5a71096e0,-55
2018-06-14 14:34:23.696919,409,2,1,c1:00:dd:00:01:de,e2c56db5-dffb-48d2-b060-d0f5a71096e0,-55
2018-06-14 14:34:24.312827,410,2,1,c1:00:dd:00:01:de,e2c56db5-dffb-48d2-b060-d0f5a71096e0,-57
2018-06-14 14:34:24.515677,411,2,1,c1:00:dd:00:01:de,e2c56db5-dffb-48d2-b060-d0f5a71096e0,-69
2018-06-14 14:34:24.724198,412,2,1,c1:00:dd:00:01:de,e2c56db5-dffb-48d2-b060-d0f5a71096e0,-70
2018-06-14 14:34:24.930477,413,2,1,c1:00:dd:00:01:de,e2c56db5-dffb-48d2-b060-d0f5a71096e0,-71
2018-06-14 14:34:25.136422,414,2,1,c1:00:dd:00:01:de,e2c56db5-dffb-48d2-b060-d0f5a71096e0,-59
2018-06-14 14:34:25.553457,415,2,1,c1:00:dd:00:01:de,e2c56db5-dffb-48d2-b060-d0f5a71096e0,-57
2018-06-14 14:34:25.761399,416,2,1,c1:00:dd:00:01:de,e2c56db5-dffb-48d2-b060-d0f5a71096e0,-57
2018-06-14 14:34:25.965095,417,2,1,c1:00:dd:00:01:de,e2c56db5-dffb-48d2-b060-d0f5a71096e0,-55
2018-06-14 14:34:26.173105,418,2,1,c1:00:dd:00:01:de,e2c56db5-dffb-48d2-b060-d0f5a71096e0,-69
2018-06-14 14:34:26.359946,419,2,1,c1:00:dd:00:01:de,e2c56db5-dffb-48d2-b060-d0f5a71096e0,-59
2018-06-14 14:34:26.776226,420,2,1,c1:00:dd:00:01:de,e2c56db5-dffb-48d2-b060-d0f5a71096e0,-69
2018-06-14 14:34:26.977586,421,2,1,c1:00:dd:00:01:de,e2c56db5-dffb-48d2-b060-d0f5a71096e0,-71
2018-06-14 14:34:27.807680,422,2,1,c1:00:dd:00:01:de,e2c56db5-dffb-48d2-b060-d0f5a71096e0,-73
2018-06-14 14:34:28.003947,423,2,1,c1:00:dd:00:01:de,e2c56db5-dffb-48d2-b060-d0f5a71096e0,-54
2018-06-14 14:34:28.212401,424,2,1,c1:00:dd:00:01:de,e2c56db5-dffb-48d2-b060-d0f5a71096e0,-55
2018-06-14 14:34:28.414176,425,2,1,c1:00:dd:00:01:de,e2c56db5-dffb-48d2-b060-d0f5a71096e0,-71
2018-06-14 14:34:28.621004,426,2,1,c1:00:dd:00:01:de,e2c56db5-dffb-48d2-b060-d0f5a71096e0,-69
2018-06-14 14:34:28.826400,427,2,1,c1:00:dd:00:01:de,e2c56db5-dffb-48d2-b060-d0f5a71096e0,-59
2018-06-14 14:34:29.036636,428,2,1,c1:00:dd:00:01:de,e2c56db5-dffb-48d2-b060-d0f5a71096e0,-73
2018-06-14 14:34:29.240220,429,2,1,c1:00:dd:00:01:de,e2c56db5-dffb-48d2-b060-d0f5a71096e0,-72
2018-06-14 14:34:29.652588,430,2,1,c1:00:dd:00:01:de,e2c56db5-dffb-48d2-b060-d0f5a71096e0,-57
2018-06-14 14:34:29.855710,431,2,1,c1:00:dd:00:01:de,e2c56db5-dffb-48d2-b060-d0f5a71096e0,-69
2018-06-14 14:34:30.064469,432,2,1,c1:00:dd:00:01:de,e2c56db5-dffb-48d2-b060-d0f5a71096e0,-70
2018-06-14 14:34:30.264103,433,2,1,c1:00:dd:00:01:de,e2c56db5-dffb-48d2-b060-d0f5a71096e0,-73
2018-06-14 14:34:30.673624,434,2,1,c1:00:dd:00:01:de,e2c56db5-dffb-48d2-b060-d0f5a71096e0,-73
2018-06-14 14:34:30.878150,435,2,1,c1:00:dd:00:01:de,e2c56db5-dffb-48d2-b060-d0f5a71096e0,-57
2018-06-14 14:34:31.085382,436,2,1,c1:00:dd:00:01:de,e2c56db5-dffb-48d2-b060-d0f5a71096e0,-69
2018-06-14 14:34:31.293677,437,2,1,c1:00:dd:00:01:de,e2c56db5-dffb-48d2-b060-d0f5a71096e0,-71
2018-06-14 14:34:31.493347,438,2,1,c1:00:dd:00:01:de,e2c56db5-dffb-48d2-b060-d0f5a71096e0,-73
2018-06-14 14:34:31.698055,439,2,1,c1:00:dd:00:01:de,e2c56db5-dffb-48d2-b060-d0f5a71096e0,-73
2018-06-14 14:34:31.904113,440,2,1,c1:00:dd:00:01:de,e2c56db5-dffb-48d2-b060-d0f5a71096e0,-73
2018-06-14 14:34:32.105662,441,2,1,c1:00:dd:00:01:de,e2c56db5-dffb-48d2-b060-d0f5a71096e0,-71
2018-06-14 14:34:32.309628,442,2,1,c1:00:dd:00:01:de,e2c56db5-dffb-48d2-b060-d0f5a71096e0,-69
2018-06-14 14:34:32.516244,443,2,1,c1:00:dd:00:01:de,e2c56db5-dffb-48d2-b060-d0f5a71096e0,-73
2018-06-14 14:34:32.724006,444,2,1,c1:00:dd:00:01:de,e2c56db5-dffb-48d2-b060-d0f5a71096e0,-60
2018-06-14 14:34:33.125802,445,2,1,c1:00:dd:00:01:de,e2c56db5-dffb-48d2-b060-d0f5a71096e0,-69
2018-06-14 14:34:33.330636,446,2,1,c1:00:dd:00:01:de,e2c56db5-dffb-48d2-b060-d0f5a71096e0,-69
2018-06-14 14:34:33.534965,447,2,1,c1:00:dd:00:01:de,e2c56db5-dffb-48d2-b060-d0f5a71096e0,-74
2018-06-14 14:34:33.945987,448,2,1,c1:00:dd:00:01:de,e2c56db5-dffb-48d2-b060-d0f5a71096e0,-57
2018-06-14 14:34:34.151574,449,2,1,c1:00:dd:00:01:de,e2c56db5-dffb-48d2-b060-d0f5a71096e0,-73
2018-06-14 14:34:34.357654,450,2,1,c1:00:dd:00:01:de,e2c56db5-dffb-48d2-b060-d0f5a71096e0,-73
2018-06-14 14:34:34.568381,451,2,1,c1:00:dd:00:01:de,e2c56db5-dffb-48d2-b060-d0f5a71096e0,-54
2018-06-14 14:34:34.770211,452,2,1,c1:00:dd:00:01:de,e2c56db5-dffb-48d2-b060-d0f5a71096e0,-69
2018-06-14 14:34:34.970236,453,2,1,c1:00:dd:00:01:de,e2c56db5-dffb-48d2-b060-d0f5a71096e0,-74
2018-06-14 14:34:35.377192,454,2,1,c1:00:dd:00:01:de,e2c56db5-dffb-48d2-b060-d0f5a71096e0,-57
2018-06-14 14:34:35.580077,455,2,1,c1:00:dd:00:01:de,e2c56db5-dffb-48d2-b060-d0f5a71096e0,-54
2018-06-14 14:34:35.780921,456,2,1,c1:00:dd:00:01:de,e2c56db5-dffb-48d2-b060-d0f5a71096e0,-73
2018-06-14 14:34:36.190804,457,2,1,c1:00:dd:00:01:de,e2c56db5-dffb-48d2-b060-d0f5a71096e0,-73
2018-06-14 14:34:36.393074,458,2,1,c1:00:dd:00:01:de,e2c56db5-dffb-48d2-b060-d0f5a71096e0,-69
2018-06-14 14:34:36.597556,459,2,1,c1:00:dd:00:01:de,e2c56db5-dffb-48d2-b060-d0f5a71096e0,-69
2018-06-14 14:34:37.004091,460,2,1,c1:00:dd:00:01:de,e2c56db5-dffb-48d2-b060-d0f5a71096e0,-73
2018-06-14 14:34:37.218966,461,2,1,c1:00:dd:00:01:de,e2c56db5-dffb-48d2-b060-d0f5a71096e0,-57
2018-06-14 14:34:37.425280,462,2,1,c1:00:dd:00:01:de,e2c56db5-dffb-48d2-b060-d0f5a71096e0,-71
2018-06-14 14:34:37.621624,463,2,1,c1:00:dd:00:01:de,e2c56db5-dffb-48d2-b060-d0f5a71096e0,-70
2018-06-14 14:34:37.825004,464,2,1,c1:00:dd:00:01:de,e2c56db5-dffb-48d2-b060-d0f5a71096e0,-73
2018-06-14 14:34:38.029775,465,2,1,c1:00:dd:00:01:de,e2c56db5-dffb-48d2-b060-d0f5a71096e0,-73
2018-06-14 14:34:38.233027,466,2,1,c1:00:dd:00:01:de,e2c56db5-dffb-48d2-b060-d0f5a71096e0,-73
2018-06-14 14:34:38.435309,467,2,1,c1:00:dd:00:01:de,e2c56db5-dffb-48d2-b060-d0f5a71096e0,-70
2018-06-14 14:34:38.840033,468,2,1,c1:00:dd:00:01:de,e2c56db5-dffb-48d2-b060-d0f5a71096e0,-73
2018-06-14 14:34:39.254443,469,2,1,c1:00:dd:00:01:de,e2c56db5-dffb-48d2-b060-d0f5a71096e0,-73
2018-06-14 14:34:39.463198,470,2,1,c1:00:dd:00:01:de,e2c56db5-dffb-48d2-b060-d0f5a71096e0,-73
2018-06-14 14:34:39.662017,471,2,1,c1:00:dd:00:01:de,e2c56db5-dffb-48d2-b060-d0f5a71096e0,-69
2018-06-14 14:34:39.856957,472,2,1,c1:00:dd:00:01:de,e2c56db5-dffb-48d2-b060-d0f5a71096e0,-73
2018-06-14 14:34:40.062136,473,2,1,c1:00:dd:00:01:de,e2c56db5-dffb-48d2-b060-d0f5a71096e0,-73
2018-06-14 14:34:40.269262,474,2,1,c1:00:dd:00:01:de,e2c56db5-dffb-48d2-b060-d0f5a71096e0,-72
2018-06-14 14:34:40.477963,475,2,1,c1:00:dd:00:01:de,e2c56db5-dffb-48d2-b060-d0f5a71096e0,-73
2018-06-14 14:34:40.679294,476,2,1,c1:00:dd:00:01:de,e2c56db5-dffb-48d2-b060-d0f5a71096e0,-70
2018-06-14 14:34:40.885045,477,2,1,c1:00:dd:00:01:de,e2c56db5-dffb-48d2-b060-d0f5a71096e0,-75
2018-06-14 14:34:41.290038,478,2,1,c1:00:dd:00:01:de,e2c56db5-dffb-48d2-b060-d0f5a71096e0,-74
2018-06-14 14:34:42.105950,479,2,1,c1:00:dd:00:01:de,e2c56db5-dffb-48d2-b060-d0f5a71096e0,-57
2018-06-14 14:34:42.311890,480,2,1,c1:00:dd:00:01:de,e2c56db5-dffb-48d2-b060-d0f5a71096e0,-73
2018-06-14 14:34:42.532639,481,2,1,c1:00:dd:00:01:de,e2c56db5-dffb-48d2-b060-d0f5a71096e0,-57
2018-06-14 14:34:42.734043,482,2,1,c1:00:dd:00:01:de,e2c56db5-dffb-48d2-b060-d0f5a71096e0,-73
2018-06-14 14:34:42.935083,483,2,1,c1:00:dd:00:01:de,e2c56db5-dffb-48d2-b060-d0f5a71096e0,-70
2018-06-14 14:34:43.340593,484,2,1,c1:00:dd:00:01:de,e2c56db5-dffb-48d2-b060-d0f5a71096e0,-55
2018-06-14 14:34:43.543695,485,2,1,c1:00:dd:00:01:de,e2c56db5-dffb-48d2-b060-d0f5a71096e0,-74
2018-06-14 14:34:43.760207,486,2,1,c1:00:dd:00:01:de,e2c56db5-dffb-48d2-b060-d0f5a71096e0,-73
2018-06-14 14:34:43.964572,487,2,1,c1:00:dd:00:01:de,e2c56db5-dffb-48d2-b060-d0f5a71096e0,-74
2018-06-14 14:34:44.174028,488,2,1,c1:00:dd:00:01:de,e2c56db5-dffb-48d2-b060-d0f5a71096e0,-57
2018-06-14 14:34:44.375789,489,2,1,c1:00:dd:00:01:de,e2c56db5-dffb-48d2-b060-d0f5a71096e0,-69
2018-06-14 14:34:44.583728,490,2,1,c1:00:dd:00:01:de,e2c56db5-dffb-48d2-b060-d0f5a71096e0,-69
2018-06-14 14:34:44.789585,491,2,1,c1:00:dd:00:01:de,e2c56db5-dffb-48d2-b060-d0f5a71096e0,-69
2018-06-14 14:34:45.395398,492,2,1,c1:00:dd:00:01:de,e2c56db5-dffb-48d2-b060-d0f5a71096e0,-69
2018-06-14 14:34:45.597016,493,2,1,c1:00:dd:00:01:de,e2c56db5-dffb-48d2-b060-d0f5a71096e0,-69
2018-06-14 14:34:45.800627,494,2,1,c1:00:dd:00:01:de,e2c56db5-dffb-48d2-b060-d0f5a71096e0,-70
2018-06-14 14:34:46.007540,495,2,1,c1:00:dd:00:01:de,e2c56db5-dffb-48d2-b060-d0f5a71096e0,-73
2018-06-14 14:34:46.624904,496,2,1,c1:00:dd:00:01:de,e2c56db5-dffb-48d2-b060-d0f5a71096e0,-54
2018-06-14 14:34:46.828613,497,2,1,c1:00:dd:00:01:de,e2c56db5-dffb-48d2-b060-d0f5a71096e0,-69
2018-06-14 14:34:47.036640,498,2,1,c1:00:dd:00:01:de,e2c56db5-dffb-48d2-b060-d0f5a71096e0,-73
2018-06-14 14:34:47.445627,499,2,1,c1:00:dd:00:01:de,e2c56db5-dffb-48d2-b060-d0f5a71096e0,-57
2018-06-14 14:34:47.649771,500,2,1,c1:00:dd:00:01:de,e2c56db5-dffb-48d2-b060-d0f5a71096e0,-73
2018-06-14 14:34:47.857710,501,2,1,c1:00:dd:00:01:de,e2c56db5-dffb-48d2-b060-d0f5a71096e0,-69
2018-06-14 14:34:48.066785,502,2,1,c1:00:dd:00:01:de,e2c56db5-dffb-48d2-b060-d0f5a71096e0,-68
2018-06-14 14:34:48.269385,503,2,1,c1:00:dd:00:01:de,e2c56db5-dffb-48d2-b060-d0f5a71096e0,-73
2018-06-14 14:34:48.678052,504,2,1,c1:00:dd:00:01:de,e2c56db5-dffb-48d2-b060-d0f5a71096e0,-73
2018-06-14 14:34:48.883310,505,2,1,c1:00:dd:00:01:de,e2c56db5-dffb-48d2-b060-d0f5a71096e0,-74
2018-06-14 14:34:49.083327,506,2,1,c1:00:dd:00:01:de,e2c56db5-dffb-48d2-b060-d0f5a71096e0,-71
2018-06-14 14:34:49.292961,507,2,1,c1:00:dd:00:01:de,e2c56db5-dffb-48d2-b060-d0f5a71096e0,-71
2018-06-14 14:34:49.498122,508,2,1,c1:00:dd:00:01:de,e2c56db5-dffb-48d2-b060-d0f5a71096e0,-70
2018-06-14 14:34:49.704501,509,2,1,c1:00:dd:00:01:de,e2c56db5-dffb-48d2-b060-d0f5a71096e0,-73
2018-06-14 14:34:50.117990,510,2,1,c1:00:dd:00:01:de,e2c56db5-dffb-48d2-b060-d0f5a71096e0,-72
2018-06-14 14:34:50.315605,511,2,1,c1:00:dd:00:01:de,e2c56db5-dffb-48d2-b060-d0f5a71096e0,-68
2018-06-14 14:34:50.520425,512,2,1,c1:00:dd:00:01:de,e2c56db5-dffb-48d2-b060-d0f5a71096e0,-69
2018-06-14 14:34:50.722455,513,2,1,c1:00:dd:00:01:de,e2c56db5-dffb-48d2-b060-d0f5a71096e0,-71
2018-06-14 14:34:50.922945,514,2,1,c1:00:dd:00:01:de,e2c56db5-dffb-48d2-b060-d0f5a71096e0,-73
2018-06-14 14:34:51.128838,515,2,1,c1:00:dd:00:01:de,e2c56db5-dffb-48d2-b060-d0f5a71096e0,-73
2018-06-14 14:34:51.544535,516,2,1,c1:00:dd:00:01:de,e2c56db5-dffb-48d2-b060-d0f5a71096e0,-69
2018-06-14 14:34:51.752027,517,2,1,c1:00:dd:00:01:de,e2c56db5-dffb-48d2-b060-d0f5a71096e0,-73
2018-06-14 14:34:52.158088,518,2,1,c1:00:dd:00:01:de,e2c56db5-dffb-48d2-b060-d0f5a71096e0,-73
2018-06-14 14:34:52.362008,519,2,1,c1:00:dd:00:01:de,e2c56db5-dffb-48d2-b060-d0f5a71096e0,-73
2018-06-14 14:34:52.570029,520,2,1,c1:00:dd:00:01:de,e2c56db5-dffb-48d2-b060-d0f5a71096e0,-70
2018-06-14 14:34:52.770232,521,2,1,c1:00:dd:00:01:de,e2c56db5-dffb-48d2-b060-d0f5a71096e0,-70
2018-06-14 14:34:52.976199,522,2,1,c1:00:dd:00:01:de,e2c56db5-dffb-48d2-b060-d0f5a71096e0,-73
2018-06-14 14:34:53.177896,523,2,1,c1:00:dd:00:01:de,e2c56db5-dffb-48d2-b060-d0f5a71096e0,-73
2018-06-14 14:34:53.387278,524,2,1,c1:00:dd:00:01:de,e2c56db5-dffb-48d2-b060-d0f5a71096e0,-73
2018-06-14 14:34:53.578422,525,2,1,c1:00:dd:00:01:de,e2c56db5-dffb-48d2-b060-d0f5a71096e0,-69
2018-06-14 14:34:53.998567,526,2,1,c1:00:dd:00:01:de,e2c56db5-dffb-48d2-b060-d0f5a71096e0,-73
2018-06-14 14:34:54.197044,527,2,1,c1:00:dd:00:01:de,e2c56db5-dffb-48d2-b060-d0f5a71096e0,-73
2018-06-14 14:34:54.397632,528,2,1,c1:00:dd:00:01:de,e2c56db5-dffb-48d2-b060-d0f5a71096e0,-69
2018-06-14 14:34:54.593540,529,2,1,c1:00:dd:00:01:de,e2c56db5-dffb-48d2-b060-d0f5a71096e0,-69
2018-06-14 14:34:54.795941,530,2,1,c1:00:dd:00:01:de,e2c56db5-dffb-48d2-b060-d0f5a71096e0,-73
2018-06-14 14:34:55.003512,531,2,1,c1:00:dd:00:01:de,e2c56db5-dffb-48d2-b060-d0f5a71096e0,-73
2018-06-14 14:34:55.423416,532,2,1,c1:00:dd:00:01:de,e2c56db5-dffb-48d2-b060-d0f5a71096e0,-57
2018-06-14 14:34:55.629708,533,2,1,c1:00:dd:00:01:de,e2c56db5-dffb-48d2-b060-d0f5a71096e0,-73
2018-06-14 14:34:55.835718,534,2,1,c1:00:dd:00:01:de,e2c56db5-dffb-48d2-b060-d0f5a71096e0,-70
2018-06-14 14:34:56.036613,535,2,1,c1:00:dd:00:01:de,e2c56db5-dffb-48d2-b060-d0f5a71096e0,-73
2018-06-14 14:34:56.247328,536,2,1,c1:00:dd:00:01:de,e2c56db5-dffb-48d2-b060-d0f5a71096e0,-59
2018-06-14 14:34:56.449236,537,2,1,c1:00:dd:00:01:de,e2c56db5-dffb-48d2-b060-d0f5a71096e0,-59
2018-06-14 14:34:56.654806,538,2,1,c1:00:dd:00:01:de,e2c56db5-dffb-48d2-b060-d0f5a71096e0,-73
2018-06-14 14:34:56.861231,539,2,1,c1:00:dd:00:01:de,e2c56db5-dffb-48d2-b060-d0f5a71096e0,-73
2018-06-14 14:34:57.065704,540,2,1,c1:00:dd:00:01:de,e2c56db5-dffb-48d2-b060-d0f5a71096e0,-69
2018-06-14 14:34:57.268218,541,2,1,c1:00:dd:00:01:de,e2c56db5-dffb-48d2-b060-d0f5a71096e0,-70
2018-06-14 14:34:57.471296,542,2,1,c1:00:dd:00:01:de,e2c56db5-dffb-48d2-b060-d0f5a71096e0,-69
2018-06-14 14:34:57.681871,543,2,1,c1:00:dd:00:01:de,e2c56db5-dffb-48d2-b060-d0f5a71096e0,-70
2018-06-14 14:34:57.890670,544,2,1,c1:00:dd:00:01:de,e2c56db5-dffb-48d2-b060-d0f5a71096e0,-70
2018-06-14 14:34:58.103194,545,2,1,c1:00:dd:00:01:de,e2c56db5-dffb-48d2-b060-d0f5a71096e0,-58
2018-06-14 14:34:58.301751,546,2,1,c1:00:dd:00:01:de,e2c56db5-dffb-48d2-b060-d0f5a71096e0,-73
2018-06-14 14:34:58.510591,547,2,1,c1:00:dd:00:01:de,e2c56db5-dffb-48d2-b060-d0f5a71096e0,-74
2018-06-14 14:34:58.914068,548,2,1,c1:00:dd:00:01:de,e2c56db5-dffb-48d2-b060-d0f5a71096e0,-54
2018-06-14 14:34:59.140351,549,2,1,c1:00:dd:00:01:de,e2c56db5-dffb-48d2-b060-d0f5a71096e0,-55
