timestamp,dataNum,antennaID,beaconID,beaconMac,beaconUUID,beaconRSSI,(pt office room2.11 no_path_loss)
2018-06-11 13:31:58.230542,1,2,1,c1:00:dd:00:01:de,e2c56db5-dffb-48d2-b060-d0f5a71096e0,-53
2018-06-11 13:31:58.429762,2,2,1,c1:00:dd:00:01:de,e2c56db5-dffb-48d2-b060-d0f5a71096e0,-76
2018-06-11 13:31:58.636485,3,2,1,c1:00:dd:00:01:de,e2c56db5-dffb-48d2-b060-d0f5a71096e0,-77
2018-06-11 13:31:58.847354,4,2,1,c1:00:dd:00:01:de,e2c56db5-dffb-48d2-b060-d0f5a71096e0,-76
2018-06-11 13:31:59.060084,5,2,1,c1:00:dd:00:01:de,e2c56db5-dffb-48d2-b060-d0f5a71096e0,-61
2018-06-11 13:31:59.270303,6,2,1,c1:00:dd:00:01:de,e2c56db5-dffb-48d2-b060-d0f5a71096e0,-78
2018-06-11 13:31:59.678459,7,2,1,c1:00:dd:00:01:de,e2c56db5-dffb-48d2-b060-d0f5a71096e0,-70
2018-06-11 13:31:59.882159,8,2,1,c1:00:dd:00:01:de,e2c56db5-dffb-48d2-b060-d0f5a71096e0,-76
2018-06-11 13:32:00.066517,9,2,1,c1:00:dd:00:01:de,e2c56db5-dffb-48d2-b060-d0f5a71096e0,-76
2018-06-11 13:32:01.324699,10,2,1,c1:00:dd:00:01:de,e2c56db5-dffb-48d2-b060-d0f5a71096e0,-75
2018-06-11 13:32:01.923094,11,2,1,c1:00:dd:00:01:de,e2c56db5-dffb-48d2-b060-d0f5a71096e0,-70
2018-06-11 13:32:02.327126,12,2,1,c1:00:dd:00:01:de,e2c56db5-dffb-48d2-b060-d0f5a71096e0,-76
2018-06-11 13:32:02.530995,13,2,1,c1:00:dd:00:01:de,e2c56db5-dffb-48d2-b060-d0f5a71096e0,-76
2018-06-11 13:32:02.737775,14,2,1,c1:00:dd:00:01:de,e2c56db5-dffb-48d2-b060-d0f5a71096e0,-53
2018-06-11 13:32:02.946006,15,2,1,c1:00:dd:00:01:de,e2c56db5-dffb-48d2-b060-d0f5a71096e0,-68
2018-06-11 13:32:03.151902,16,2,1,c1:00:dd:00:01:de,e2c56db5-dffb-48d2-b060-d0f5a71096e0,-70
2018-06-11 13:32:03.353905,17,2,1,c1:00:dd:00:01:de,e2c56db5-dffb-48d2-b060-d0f5a71096e0,-76
2018-06-11 13:32:03.556553,18,2,1,c1:00:dd:00:01:de,e2c56db5-dffb-48d2-b060-d0f5a71096e0,-62
2018-06-11 13:32:03.757477,19,2,1,c1:00:dd:00:01:de,e2c56db5-dffb-48d2-b060-d0f5a71096e0,-75
2018-06-11 13:32:03.966543,20,2,1,c1:00:dd:00:01:de,e2c56db5-dffb-48d2-b060-d0f5a71096e0,-76
2018-06-11 13:32:04.395930,21,2,1,c1:00:dd:00:01:de,e2c56db5-dffb-48d2-b060-d0f5a71096e0,-69
2018-06-11 13:32:04.587072,22,2,1,c1:00:dd:00:01:de,e2c56db5-dffb-48d2-b060-d0f5a71096e0,-77
2018-06-11 13:32:04.790047,23,2,1,c1:00:dd:00:01:de,e2c56db5-dffb-48d2-b060-d0f5a71096e0,-78
2018-06-11 13:32:05.197263,24,2,1,c1:00:dd:00:01:de,e2c56db5-dffb-48d2-b060-d0f5a71096e0,-69
2018-06-11 13:32:05.615264,25,2,1,c1:00:dd:00:01:de,e2c56db5-dffb-48d2-b060-d0f5a71096e0,-68
2018-06-11 13:32:05.807366,26,2,1,c1:00:dd:00:01:de,e2c56db5-dffb-48d2-b060-d0f5a71096e0,-76
2018-06-11 13:32:06.012506,27,2,1,c1:00:dd:00:01:de,e2c56db5-dffb-48d2-b060-d0f5a71096e0,-77
2018-06-11 13:32:06.216359,28,2,1,c1:00:dd:00:01:de,e2c56db5-dffb-48d2-b060-d0f5a71096e0,-75
2018-06-11 13:32:06.425799,29,2,1,c1:00:dd:00:01:de,e2c56db5-dffb-48d2-b060-d0f5a71096e0,-69
2018-06-11 13:32:06.630218,30,2,1,c1:00:dd:00:01:de,e2c56db5-dffb-48d2-b060-d0f5a71096e0,-68
2018-06-11 13:32:06.832236,31,2,1,c1:00:dd:00:01:de,e2c56db5-dffb-48d2-b060-d0f5a71096e0,-75
2018-06-11 13:32:07.024706,32,2,1,c1:00:dd:00:01:de,e2c56db5-dffb-48d2-b060-d0f5a71096e0,-61
2018-06-11 13:32:07.227378,33,2,1,c1:00:dd:00:01:de,e2c56db5-dffb-48d2-b060-d0f5a71096e0,-68
2018-06-11 13:32:07.426480,34,2,1,c1:00:dd:00:01:de,e2c56db5-dffb-48d2-b060-d0f5a71096e0,-75
2018-06-11 13:32:07.640533,35,2,1,c1:00:dd:00:01:de,e2c56db5-dffb-48d2-b060-d0f5a71096e0,-76
2018-06-11 13:32:07.845156,36,2,1,c1:00:dd:00:01:de,e2c56db5-dffb-48d2-b060-d0f5a71096e0,-63
2018-06-11 13:32:08.049904,37,2,1,c1:00:dd:00:01:de,e2c56db5-dffb-48d2-b060-d0f5a71096e0,-75
2018-06-11 13:32:08.464835,38,2,1,c1:00:dd:00:01:de,e2c56db5-dffb-48d2-b060-d0f5a71096e0,-70
2018-06-11 13:32:08.665541,39,2,1,c1:00:dd:00:01:de,e2c56db5-dffb-48d2-b060-d0f5a71096e0,-75
2018-06-11 13:32:08.872738,40,2,1,c1:00:dd:00:01:de,e2c56db5-dffb-48d2-b060-d0f5a71096e0,-61
2018-06-11 13:32:09.076322,41,2,1,c1:00:dd:00:01:de,e2c56db5-dffb-48d2-b060-d0f5a71096e0,-74
2018-06-11 13:32:09.686003,42,2,1,c1:00:dd:00:01:de,e2c56db5-dffb-48d2-b060-d0f5a71096e0,-75
2018-06-11 13:32:09.891525,43,2,1,c1:00:dd:00:01:de,e2c56db5-dffb-48d2-b060-d0f5a71096e0,-75
2018-06-11 13:32:10.089672,44,2,1,c1:00:dd:00:01:de,e2c56db5-dffb-48d2-b060-d0f5a71096e0,-75
2018-06-11 13:32:10.299134,45,2,1,c1:00:dd:00:01:de,e2c56db5-dffb-48d2-b060-d0f5a71096e0,-75
2018-06-11 13:32:10.920941,46,2,1,c1:00:dd:00:01:de,e2c56db5-dffb-48d2-b060-d0f5a71096e0,-69
2018-06-11 13:32:11.129347,47,2,1,c1:00:dd:00:01:de,e2c56db5-dffb-48d2-b060-d0f5a71096e0,-69
2018-06-11 13:32:11.334591,48,2,1,c1:00:dd:00:01:de,e2c56db5-dffb-48d2-b060-d0f5a71096e0,-62
2018-06-11 13:32:11.530936,49,2,1,c1:00:dd:00:01:de,e2c56db5-dffb-48d2-b060-d0f5a71096e0,-75
2018-06-11 13:32:11.740487,50,2,1,c1:00:dd:00:01:de,e2c56db5-dffb-48d2-b060-d0f5a71096e0,-74
2018-06-11 13:32:11.944408,51,2,1,c1:00:dd:00:01:de,e2c56db5-dffb-48d2-b060-d0f5a71096e0,-69
2018-06-11 13:32:12.151858,52,2,1,c1:00:dd:00:01:de,e2c56db5-dffb-48d2-b060-d0f5a71096e0,-69
2018-06-11 13:32:12.556758,53,2,1,c1:00:dd:00:01:de,e2c56db5-dffb-48d2-b060-d0f5a71096e0,-74
2018-06-11 13:32:12.765025,54,2,1,c1:00:dd:00:01:de,e2c56db5-dffb-48d2-b060-d0f5a71096e0,-75
2018-06-11 13:32:12.974398,55,2,1,c1:00:dd:00:01:de,e2c56db5-dffb-48d2-b060-d0f5a71096e0,-75
2018-06-11 13:32:13.186891,56,2,1,c1:00:dd:00:01:de,e2c56db5-dffb-48d2-b060-d0f5a71096e0,-75
2018-06-11 13:32:13.591424,57,2,1,c1:00:dd:00:01:de,e2c56db5-dffb-48d2-b060-d0f5a71096e0,-69
2018-06-11 13:32:13.800395,58,2,1,c1:00:dd:00:01:de,e2c56db5-dffb-48d2-b060-d0f5a71096e0,-69
2018-06-11 13:32:14.000421,59,2,1,c1:00:dd:00:01:de,e2c56db5-dffb-48d2-b060-d0f5a71096e0,-76
2018-06-11 13:32:14.404979,60,2,1,c1:00:dd:00:01:de,e2c56db5-dffb-48d2-b060-d0f5a71096e0,-69
2018-06-11 13:32:14.615599,61,2,1,c1:00:dd:00:01:de,e2c56db5-dffb-48d2-b060-d0f5a71096e0,-51
2018-06-11 13:32:14.816168,62,2,1,c1:00:dd:00:01:de,e2c56db5-dffb-48d2-b060-d0f5a71096e0,-75
2018-06-11 13:32:15.022033,63,2,1,c1:00:dd:00:01:de,e2c56db5-dffb-48d2-b060-d0f5a71096e0,-75
2018-06-11 13:32:15.219135,64,2,1,c1:00:dd:00:01:de,e2c56db5-dffb-48d2-b060-d0f5a71096e0,-76
2018-06-11 13:32:15.628504,65,2,1,c1:00:dd:00:01:de,e2c56db5-dffb-48d2-b060-d0f5a71096e0,-68
2018-06-11 13:32:15.835679,66,2,1,c1:00:dd:00:01:de,e2c56db5-dffb-48d2-b060-d0f5a71096e0,-75
2018-06-11 13:32:16.036743,67,2,1,c1:00:dd:00:01:de,e2c56db5-dffb-48d2-b060-d0f5a71096e0,-76
2018-06-11 13:32:16.246668,68,2,1,c1:00:dd:00:01:de,e2c56db5-dffb-48d2-b060-d0f5a71096e0,-76
2018-06-11 13:32:16.450147,69,2,1,c1:00:dd:00:01:de,e2c56db5-dffb-48d2-b060-d0f5a71096e0,-74
2018-06-11 13:32:16.856438,70,2,1,c1:00:dd:00:01:de,e2c56db5-dffb-48d2-b060-d0f5a71096e0,-76
2018-06-11 13:32:17.059373,71,2,1,c1:00:dd:00:01:de,e2c56db5-dffb-48d2-b060-d0f5a71096e0,-76
2018-06-11 13:32:17.266279,72,2,1,c1:00:dd:00:01:de,e2c56db5-dffb-48d2-b060-d0f5a71096e0,-75
2018-06-11 13:32:17.672136,73,2,1,c1:00:dd:00:01:de,e2c56db5-dffb-48d2-b060-d0f5a71096e0,-67
2018-06-11 13:32:18.079767,74,2,1,c1:00:dd:00:01:de,e2c56db5-dffb-48d2-b060-d0f5a71096e0,-75
2018-06-11 13:32:18.281800,75,2,1,c1:00:dd:00:01:de,e2c56db5-dffb-48d2-b060-d0f5a71096e0,-75
2018-06-11 13:32:18.692602,76,2,1,c1:00:dd:00:01:de,e2c56db5-dffb-48d2-b060-d0f5a71096e0,-52
2018-06-11 13:32:18.895488,77,2,1,c1:00:dd:00:01:de,e2c56db5-dffb-48d2-b060-d0f5a71096e0,-76
2018-06-11 13:32:19.102712,78,2,1,c1:00:dd:00:01:de,e2c56db5-dffb-48d2-b060-d0f5a71096e0,-61
2018-06-11 13:32:19.305054,79,2,1,c1:00:dd:00:01:de,e2c56db5-dffb-48d2-b060-d0f5a71096e0,-75
2018-06-11 13:32:19.508422,80,2,1,c1:00:dd:00:01:de,e2c56db5-dffb-48d2-b060-d0f5a71096e0,-76
2018-06-11 13:32:19.712716,81,2,1,c1:00:dd:00:01:de,e2c56db5-dffb-48d2-b060-d0f5a71096e0,-69
2018-06-11 13:32:20.119782,82,2,1,c1:00:dd:00:01:de,e2c56db5-dffb-48d2-b060-d0f5a71096e0,-75
2018-06-11 13:32:20.320802,83,2,1,c1:00:dd:00:01:de,e2c56db5-dffb-48d2-b060-d0f5a71096e0,-76
2018-06-11 13:32:20.532868,84,2,1,c1:00:dd:00:01:de,e2c56db5-dffb-48d2-b060-d0f5a71096e0,-75
2018-06-11 13:32:20.941670,85,2,1,c1:00:dd:00:01:de,e2c56db5-dffb-48d2-b060-d0f5a71096e0,-68
2018-06-11 13:32:21.140981,86,2,1,c1:00:dd:00:01:de,e2c56db5-dffb-48d2-b060-d0f5a71096e0,-75
2018-06-11 13:32:21.350152,87,2,1,c1:00:dd:00:01:de,e2c56db5-dffb-48d2-b060-d0f5a71096e0,-76
2018-06-11 13:32:21.562564,88,2,1,c1:00:dd:00:01:de,e2c56db5-dffb-48d2-b060-d0f5a71096e0,-77
2018-06-11 13:32:21.975096,89,2,1,c1:00:dd:00:01:de,e2c56db5-dffb-48d2-b060-d0f5a71096e0,-69
2018-06-11 13:32:22.172883,90,2,1,c1:00:dd:00:01:de,e2c56db5-dffb-48d2-b060-d0f5a71096e0,-69
2018-06-11 13:32:22.380796,91,2,1,c1:00:dd:00:01:de,e2c56db5-dffb-48d2-b060-d0f5a71096e0,-69
2018-06-11 13:32:22.590670,92,2,1,c1:00:dd:00:01:de,e2c56db5-dffb-48d2-b060-d0f5a71096e0,-76
2018-06-11 13:32:22.795391,93,2,1,c1:00:dd:00:01:de,e2c56db5-dffb-48d2-b060-d0f5a71096e0,-75
2018-06-11 13:32:23.000227,94,2,1,c1:00:dd:00:01:de,e2c56db5-dffb-48d2-b060-d0f5a71096e0,-61
2018-06-11 13:32:23.403633,95,2,1,c1:00:dd:00:01:de,e2c56db5-dffb-48d2-b060-d0f5a71096e0,-68
2018-06-11 13:32:23.606719,96,2,1,c1:00:dd:00:01:de,e2c56db5-dffb-48d2-b060-d0f5a71096e0,-61
2018-06-11 13:32:23.809195,97,2,1,c1:00:dd:00:01:de,e2c56db5-dffb-48d2-b060-d0f5a71096e0,-75
2018-06-11 13:32:24.018499,98,2,1,c1:00:dd:00:01:de,e2c56db5-dffb-48d2-b060-d0f5a71096e0,-75
2018-06-11 13:32:24.423847,99,2,1,c1:00:dd:00:01:de,e2c56db5-dffb-48d2-b060-d0f5a71096e0,-69
2018-06-11 13:32:24.626346,100,2,1,c1:00:dd:00:01:de,e2c56db5-dffb-48d2-b060-d0f5a71096e0,-76
2018-06-11 13:32:24.831807,101,2,1,c1:00:dd:00:01:de,e2c56db5-dffb-48d2-b060-d0f5a71096e0,-75
2018-06-11 13:32:25.032101,102,2,1,c1:00:dd:00:01:de,e2c56db5-dffb-48d2-b060-d0f5a71096e0,-74
2018-06-11 13:32:25.649225,103,2,1,c1:00:dd:00:01:de,e2c56db5-dffb-48d2-b060-d0f5a71096e0,-68
2018-06-11 13:32:25.858571,104,2,1,c1:00:dd:00:01:de,e2c56db5-dffb-48d2-b060-d0f5a71096e0,-75
2018-06-11 13:32:26.062739,105,2,1,c1:00:dd:00:01:de,e2c56db5-dffb-48d2-b060-d0f5a71096e0,-75
2018-06-11 13:32:26.270325,106,2,1,c1:00:dd:00:01:de,e2c56db5-dffb-48d2-b060-d0f5a71096e0,-75
2018-06-11 13:32:26.475532,107,2,1,c1:00:dd:00:01:de,e2c56db5-dffb-48d2-b060-d0f5a71096e0,-76
2018-06-11 13:32:26.681385,108,2,1,c1:00:dd:00:01:de,e2c56db5-dffb-48d2-b060-d0f5a71096e0,-77
2018-06-11 13:32:26.886841,109,2,1,c1:00:dd:00:01:de,e2c56db5-dffb-48d2-b060-d0f5a71096e0,-68
2018-06-11 13:32:27.088939,110,2,1,c1:00:dd:00:01:de,e2c56db5-dffb-48d2-b060-d0f5a71096e0,-52
2018-06-11 13:32:27.293167,111,2,1,c1:00:dd:00:01:de,e2c56db5-dffb-48d2-b060-d0f5a71096e0,-76
2018-06-11 13:32:27.500231,112,2,1,c1:00:dd:00:01:de,e2c56db5-dffb-48d2-b060-d0f5a71096e0,-61
2018-06-11 13:32:28.322080,113,2,1,c1:00:dd:00:01:de,e2c56db5-dffb-48d2-b060-d0f5a71096e0,-69
2018-06-11 13:32:28.528647,114,2,1,c1:00:dd:00:01:de,e2c56db5-dffb-48d2-b060-d0f5a71096e0,-76
2018-06-11 13:32:28.732244,115,2,1,c1:00:dd:00:01:de,e2c56db5-dffb-48d2-b060-d0f5a71096e0,-76
2018-06-11 13:32:28.936516,116,2,1,c1:00:dd:00:01:de,e2c56db5-dffb-48d2-b060-d0f5a71096e0,-61
2018-06-11 13:32:29.144373,117,2,1,c1:00:dd:00:01:de,e2c56db5-dffb-48d2-b060-d0f5a71096e0,-76
2018-06-11 13:32:29.553505,118,2,1,c1:00:dd:00:01:de,e2c56db5-dffb-48d2-b060-d0f5a71096e0,-52
2018-06-11 13:32:29.763136,119,2,1,c1:00:dd:00:01:de,e2c56db5-dffb-48d2-b060-d0f5a71096e0,-52
2018-06-11 13:32:29.962332,120,2,1,c1:00:dd:00:01:de,e2c56db5-dffb-48d2-b060-d0f5a71096e0,-61
2018-06-11 13:32:30.161510,121,2,1,c1:00:dd:00:01:de,e2c56db5-dffb-48d2-b060-d0f5a71096e0,-75
2018-06-11 13:32:30.366832,122,2,1,c1:00:dd:00:01:de,e2c56db5-dffb-48d2-b060-d0f5a71096e0,-52
2018-06-11 13:32:30.568051,123,2,1,c1:00:dd:00:01:de,e2c56db5-dffb-48d2-b060-d0f5a71096e0,-68
2018-06-11 13:32:30.775002,124,2,1,c1:00:dd:00:01:de,e2c56db5-dffb-48d2-b060-d0f5a71096e0,-61
2018-06-11 13:32:30.984937,125,2,1,c1:00:dd:00:01:de,e2c56db5-dffb-48d2-b060-d0f5a71096e0,-74
2018-06-11 13:32:31.187338,126,2,1,c1:00:dd:00:01:de,e2c56db5-dffb-48d2-b060-d0f5a71096e0,-75
2018-06-11 13:32:31.392927,127,2,1,c1:00:dd:00:01:de,e2c56db5-dffb-48d2-b060-d0f5a71096e0,-52
2018-06-11 13:32:31.592165,128,2,1,c1:00:dd:00:01:de,e2c56db5-dffb-48d2-b060-d0f5a71096e0,-69
2018-06-11 13:32:31.792485,129,2,1,c1:00:dd:00:01:de,e2c56db5-dffb-48d2-b060-d0f5a71096e0,-75
2018-06-11 13:32:31.993683,130,2,1,c1:00:dd:00:01:de,e2c56db5-dffb-48d2-b060-d0f5a71096e0,-77
2018-06-11 13:32:32.196649,131,2,1,c1:00:dd:00:01:de,e2c56db5-dffb-48d2-b060-d0f5a71096e0,-69
2018-06-11 13:32:32.395959,132,2,1,c1:00:dd:00:01:de,e2c56db5-dffb-48d2-b060-d0f5a71096e0,-76
2018-06-11 13:32:32.808487,133,2,1,c1:00:dd:00:01:de,e2c56db5-dffb-48d2-b060-d0f5a71096e0,-74
2018-06-11 13:32:33.009699,134,2,1,c1:00:dd:00:01:de,e2c56db5-dffb-48d2-b060-d0f5a71096e0,-75
2018-06-11 13:32:33.418533,135,2,1,c1:00:dd:00:01:de,e2c56db5-dffb-48d2-b060-d0f5a71096e0,-68
2018-06-11 13:32:33.630037,136,2,1,c1:00:dd:00:01:de,e2c56db5-dffb-48d2-b060-d0f5a71096e0,-69
2018-06-11 13:32:33.832305,137,2,1,c1:00:dd:00:01:de,e2c56db5-dffb-48d2-b060-d0f5a71096e0,-76
2018-06-11 13:32:34.033394,138,2,1,c1:00:dd:00:01:de,e2c56db5-dffb-48d2-b060-d0f5a71096e0,-74
2018-06-11 13:32:34.238342,139,2,1,c1:00:dd:00:01:de,e2c56db5-dffb-48d2-b060-d0f5a71096e0,-74
2018-06-11 13:32:34.861632,140,2,1,c1:00:dd:00:01:de,e2c56db5-dffb-48d2-b060-d0f5a71096e0,-69
2018-06-11 13:32:35.059374,141,2,1,c1:00:dd:00:01:de,e2c56db5-dffb-48d2-b060-d0f5a71096e0,-75
2018-06-11 13:32:35.260121,142,2,1,c1:00:dd:00:01:de,e2c56db5-dffb-48d2-b060-d0f5a71096e0,-75
2018-06-11 13:32:35.671149,143,2,1,c1:00:dd:00:01:de,e2c56db5-dffb-48d2-b060-d0f5a71096e0,-69
2018-06-11 13:32:35.874647,144,2,1,c1:00:dd:00:01:de,e2c56db5-dffb-48d2-b060-d0f5a71096e0,-75
2018-06-11 13:32:36.074841,145,2,1,c1:00:dd:00:01:de,e2c56db5-dffb-48d2-b060-d0f5a71096e0,-61
2018-06-11 13:32:36.271803,146,2,1,c1:00:dd:00:01:de,e2c56db5-dffb-48d2-b060-d0f5a71096e0,-62
2018-06-11 13:32:36.476764,147,2,1,c1:00:dd:00:01:de,e2c56db5-dffb-48d2-b060-d0f5a71096e0,-53
2018-06-11 13:32:36.678017,148,2,1,c1:00:dd:00:01:de,e2c56db5-dffb-48d2-b060-d0f5a71096e0,-75
2018-06-11 13:32:36.894820,149,2,1,c1:00:dd:00:01:de,e2c56db5-dffb-48d2-b060-d0f5a71096e0,-74
2018-06-11 13:32:37.100219,150,2,1,c1:00:dd:00:01:de,e2c56db5-dffb-48d2-b060-d0f5a71096e0,-74
2018-06-11 13:32:37.306147,151,2,1,c1:00:dd:00:01:de,e2c56db5-dffb-48d2-b060-d0f5a71096e0,-76
2018-06-11 13:32:37.514743,152,2,1,c1:00:dd:00:01:de,e2c56db5-dffb-48d2-b060-d0f5a71096e0,-59
2018-06-11 13:32:37.718515,153,2,1,c1:00:dd:00:01:de,e2c56db5-dffb-48d2-b060-d0f5a71096e0,-73
2018-06-11 13:32:37.924897,154,2,1,c1:00:dd:00:01:de,e2c56db5-dffb-48d2-b060-d0f5a71096e0,-69
2018-06-11 13:32:38.342570,155,2,1,c1:00:dd:00:01:de,e2c56db5-dffb-48d2-b060-d0f5a71096e0,-52
2018-06-11 13:32:38.536522,156,2,1,c1:00:dd:00:01:de,e2c56db5-dffb-48d2-b060-d0f5a71096e0,-61
2018-06-11 13:32:38.745179,157,2,1,c1:00:dd:00:01:de,e2c56db5-dffb-48d2-b060-d0f5a71096e0,-75
2018-06-11 13:32:38.946494,158,2,1,c1:00:dd:00:01:de,e2c56db5-dffb-48d2-b060-d0f5a71096e0,-75
2018-06-11 13:32:39.366378,159,2,1,c1:00:dd:00:01:de,e2c56db5-dffb-48d2-b060-d0f5a71096e0,-69
2018-06-11 13:32:39.579382,160,2,1,c1:00:dd:00:01:de,e2c56db5-dffb-48d2-b060-d0f5a71096e0,-52
2018-06-11 13:32:39.783585,161,2,1,c1:00:dd:00:01:de,e2c56db5-dffb-48d2-b060-d0f5a71096e0,-68
2018-06-11 13:32:39.993678,162,2,1,c1:00:dd:00:01:de,e2c56db5-dffb-48d2-b060-d0f5a71096e0,-68
2018-06-11 13:32:40.199380,163,2,1,c1:00:dd:00:01:de,e2c56db5-dffb-48d2-b060-d0f5a71096e0,-68
2018-06-11 13:32:40.404410,164,2,1,c1:00:dd:00:01:de,e2c56db5-dffb-48d2-b060-d0f5a71096e0,-75
2018-06-11 13:32:40.606369,165,2,1,c1:00:dd:00:01:de,e2c56db5-dffb-48d2-b060-d0f5a71096e0,-74
2018-06-11 13:32:40.803090,166,2,1,c1:00:dd:00:01:de,e2c56db5-dffb-48d2-b060-d0f5a71096e0,-74
2018-06-11 13:32:41.007307,167,2,1,c1:00:dd:00:01:de,e2c56db5-dffb-48d2-b060-d0f5a71096e0,-69
2018-06-11 13:32:41.216458,168,2,1,c1:00:dd:00:01:de,e2c56db5-dffb-48d2-b060-d0f5a71096e0,-53
2018-06-11 13:32:41.430738,169,2,1,c1:00:dd:00:01:de,e2c56db5-dffb-48d2-b060-d0f5a71096e0,-68
2018-06-11 13:32:41.634260,170,2,1,c1:00:dd:00:01:de,e2c56db5-dffb-48d2-b060-d0f5a71096e0,-75
2018-06-11 13:32:41.839570,171,2,1,c1:00:dd:00:01:de,e2c56db5-dffb-48d2-b060-d0f5a71096e0,-75
2018-06-11 13:32:42.046465,172,2,1,c1:00:dd:00:01:de,e2c56db5-dffb-48d2-b060-d0f5a71096e0,-61
2018-06-11 13:32:42.864513,173,2,1,c1:00:dd:00:01:de,e2c56db5-dffb-48d2-b060-d0f5a71096e0,-74
2018-06-11 13:32:43.069415,174,2,1,c1:00:dd:00:01:de,e2c56db5-dffb-48d2-b060-d0f5a71096e0,-74
2018-06-11 13:32:43.275166,175,2,1,c1:00:dd:00:01:de,e2c56db5-dffb-48d2-b060-d0f5a71096e0,-76
2018-06-11 13:32:44.101468,176,2,1,c1:00:dd:00:01:de,e2c56db5-dffb-48d2-b060-d0f5a71096e0,-69
2018-06-11 13:32:44.305222,177,2,1,c1:00:dd:00:01:de,e2c56db5-dffb-48d2-b060-d0f5a71096e0,-74
2018-06-11 13:32:44.499139,178,2,1,c1:00:dd:00:01:de,e2c56db5-dffb-48d2-b060-d0f5a71096e0,-63
2018-06-11 13:32:44.706058,179,2,1,c1:00:dd:00:01:de,e2c56db5-dffb-48d2-b060-d0f5a71096e0,-76
2018-06-11 13:32:45.329670,180,2,1,c1:00:dd:00:01:de,e2c56db5-dffb-48d2-b060-d0f5a71096e0,-68
2018-06-11 13:32:45.533815,181,2,1,c1:00:dd:00:01:de,e2c56db5-dffb-48d2-b060-d0f5a71096e0,-74
2018-06-11 13:32:45.738567,182,2,1,c1:00:dd:00:01:de,e2c56db5-dffb-48d2-b060-d0f5a71096e0,-74
2018-06-11 13:32:45.946115,183,2,1,c1:00:dd:00:01:de,e2c56db5-dffb-48d2-b060-d0f5a71096e0,-62
2018-06-11 13:32:46.347348,184,2,1,c1:00:dd:00:01:de,e2c56db5-dffb-48d2-b060-d0f5a71096e0,-68
2018-06-11 13:32:46.553304,185,2,1,c1:00:dd:00:01:de,e2c56db5-dffb-48d2-b060-d0f5a71096e0,-52
2018-06-11 13:32:46.763268,186,2,1,c1:00:dd:00:01:de,e2c56db5-dffb-48d2-b060-d0f5a71096e0,-69
2018-06-11 13:32:46.970513,187,2,1,c1:00:dd:00:01:de,e2c56db5-dffb-48d2-b060-d0f5a71096e0,-74
2018-06-11 13:32:47.168538,188,2,1,c1:00:dd:00:01:de,e2c56db5-dffb-48d2-b060-d0f5a71096e0,-61
2018-06-11 13:32:47.573686,189,2,1,c1:00:dd:00:01:de,e2c56db5-dffb-48d2-b060-d0f5a71096e0,-53
2018-06-11 13:32:47.788665,190,2,1,c1:00:dd:00:01:de,e2c56db5-dffb-48d2-b060-d0f5a71096e0,-70
2018-06-11 13:32:47.986525,191,2,1,c1:00:dd:00:01:de,e2c56db5-dffb-48d2-b060-d0f5a71096e0,-59
2018-06-11 13:32:48.390521,192,2,1,c1:00:dd:00:01:de,e2c56db5-dffb-48d2-b060-d0f5a71096e0,-75
2018-06-11 13:32:48.604517,193,2,1,c1:00:dd:00:01:de,e2c56db5-dffb-48d2-b060-d0f5a71096e0,-69
2018-06-11 13:32:48.812309,194,2,1,c1:00:dd:00:01:de,e2c56db5-dffb-48d2-b060-d0f5a71096e0,-69
2018-06-11 13:32:49.021604,195,2,1,c1:00:dd:00:01:de,e2c56db5-dffb-48d2-b060-d0f5a71096e0,-74
2018-06-11 13:32:49.214694,196,2,1,c1:00:dd:00:01:de,e2c56db5-dffb-48d2-b060-d0f5a71096e0,-75
2018-06-11 13:32:49.429796,197,2,1,c1:00:dd:00:01:de,e2c56db5-dffb-48d2-b060-d0f5a71096e0,-61
2018-06-11 13:32:50.237718,198,2,1,c1:00:dd:00:01:de,e2c56db5-dffb-48d2-b060-d0f5a71096e0,-76
2018-06-11 13:32:50.458413,199,2,1,c1:00:dd:00:01:de,e2c56db5-dffb-48d2-b060-d0f5a71096e0,-76
2018-06-11 13:32:50.649218,200,2,1,c1:00:dd:00:01:de,e2c56db5-dffb-48d2-b060-d0f5a71096e0,-63
2018-06-11 13:32:50.851833,201,2,1,c1:00:dd:00:01:de,e2c56db5-dffb-48d2-b060-d0f5a71096e0,-69
2018-06-11 13:32:51.060483,202,2,1,c1:00:dd:00:01:de,e2c56db5-dffb-48d2-b060-d0f5a71096e0,-53
2018-06-11 13:32:51.263633,203,2,1,c1:00:dd:00:01:de,e2c56db5-dffb-48d2-b060-d0f5a71096e0,-76
2018-06-11 13:32:51.473887,204,2,1,c1:00:dd:00:01:de,e2c56db5-dffb-48d2-b060-d0f5a71096e0,-71
2018-06-11 13:32:51.662322,205,2,1,c1:00:dd:00:01:de,e2c56db5-dffb-48d2-b060-d0f5a71096e0,-69
2018-06-11 13:32:51.863637,206,2,1,c1:00:dd:00:01:de,e2c56db5-dffb-48d2-b060-d0f5a71096e0,-76
2018-06-11 13:32:52.072617,207,2,1,c1:00:dd:00:01:de,e2c56db5-dffb-48d2-b060-d0f5a71096e0,-76
2018-06-11 13:32:52.684381,208,2,1,c1:00:dd:00:01:de,e2c56db5-dffb-48d2-b060-d0f5a71096e0,-52
2018-06-11 13:32:52.893204,209,2,1,c1:00:dd:00:01:de,e2c56db5-dffb-48d2-b060-d0f5a71096e0,-69
2018-06-11 13:32:53.287913,210,2,1,c1:00:dd:00:01:de,e2c56db5-dffb-48d2-b060-d0f5a71096e0,-76
2018-06-11 13:32:53.494840,211,2,1,c1:00:dd:00:01:de,e2c56db5-dffb-48d2-b060-d0f5a71096e0,-75
2018-06-11 13:32:54.101707,212,2,1,c1:00:dd:00:01:de,e2c56db5-dffb-48d2-b060-d0f5a71096e0,-77
2018-06-11 13:32:54.509925,213,2,1,c1:00:dd:00:01:de,e2c56db5-dffb-48d2-b060-d0f5a71096e0,-70
2018-06-11 13:32:54.713059,214,2,1,c1:00:dd:00:01:de,e2c56db5-dffb-48d2-b060-d0f5a71096e0,-77
2018-06-11 13:32:54.913021,215,2,1,c1:00:dd:00:01:de,e2c56db5-dffb-48d2-b060-d0f5a71096e0,-75
2018-06-11 13:32:55.117925,216,2,1,c1:00:dd:00:01:de,e2c56db5-dffb-48d2-b060-d0f5a71096e0,-76
2018-06-11 13:32:55.531747,217,2,1,c1:00:dd:00:01:de,e2c56db5-dffb-48d2-b060-d0f5a71096e0,-69
2018-06-11 13:32:55.734820,218,2,1,c1:00:dd:00:01:de,e2c56db5-dffb-48d2-b060-d0f5a71096e0,-61
2018-06-11 13:32:55.938742,219,2,1,c1:00:dd:00:01:de,e2c56db5-dffb-48d2-b060-d0f5a71096e0,-76
2018-06-11 13:32:56.134080,220,2,1,c1:00:dd:00:01:de,e2c56db5-dffb-48d2-b060-d0f5a71096e0,-75
2018-06-11 13:32:56.338334,221,2,1,c1:00:dd:00:01:de,e2c56db5-dffb-48d2-b060-d0f5a71096e0,-69
2018-06-11 13:32:56.543350,222,2,1,c1:00:dd:00:01:de,e2c56db5-dffb-48d2-b060-d0f5a71096e0,-69
2018-06-11 13:32:56.751337,223,2,1,c1:00:dd:00:01:de,e2c56db5-dffb-48d2-b060-d0f5a71096e0,-76
2018-06-11 13:32:56.955257,224,2,1,c1:00:dd:00:01:de,e2c56db5-dffb-48d2-b060-d0f5a71096e0,-60
2018-06-11 13:32:57.162800,225,2,1,c1:00:dd:00:01:de,e2c56db5-dffb-48d2-b060-d0f5a71096e0,-76
2018-06-11 13:32:57.573289,226,2,1,c1:00:dd:00:01:de,e2c56db5-dffb-48d2-b060-d0f5a71096e0,-68
2018-06-11 13:32:57.782261,227,2,1,c1:00:dd:00:01:de,e2c56db5-dffb-48d2-b060-d0f5a71096e0,-69
2018-06-11 13:32:57.989679,228,2,1,c1:00:dd:00:01:de,e2c56db5-dffb-48d2-b060-d0f5a71096e0,-70
2018-06-11 13:32:58.193631,229,2,1,c1:00:dd:00:01:de,e2c56db5-dffb-48d2-b060-d0f5a71096e0,-78
2018-06-11 13:32:58.394164,230,2,1,c1:00:dd:00:01:de,e2c56db5-dffb-48d2-b060-d0f5a71096e0,-76
2018-06-11 13:32:58.602996,231,2,1,c1:00:dd:00:01:de,e2c56db5-dffb-48d2-b060-d0f5a71096e0,-74
2018-06-11 13:32:59.003566,232,2,1,c1:00:dd:00:01:de,e2c56db5-dffb-48d2-b060-d0f5a71096e0,-69
2018-06-11 13:32:59.212983,233,2,1,c1:00:dd:00:01:de,e2c56db5-dffb-48d2-b060-d0f5a71096e0,-68
2018-06-11 13:32:59.413337,234,2,1,c1:00:dd:00:01:de,e2c56db5-dffb-48d2-b060-d0f5a71096e0,-61
2018-06-11 13:32:59.619159,235,2,1,c1:00:dd:00:01:de,e2c56db5-dffb-48d2-b060-d0f5a71096e0,-74
2018-06-11 13:33:00.031419,236,2,1,c1:00:dd:00:01:de,e2c56db5-dffb-48d2-b060-d0f5a71096e0,-70
2018-06-11 13:33:00.441126,237,2,1,c1:00:dd:00:01:de,e2c56db5-dffb-48d2-b060-d0f5a71096e0,-74
2018-06-11 13:33:00.637015,238,2,1,c1:00:dd:00:01:de,e2c56db5-dffb-48d2-b060-d0f5a71096e0,-75
2018-06-11 13:33:01.266075,239,2,1,c1:00:dd:00:01:de,e2c56db5-dffb-48d2-b060-d0f5a71096e0,-69
2018-06-11 13:33:01.668105,240,2,1,c1:00:dd:00:01:de,e2c56db5-dffb-48d2-b060-d0f5a71096e0,-76
2018-06-11 13:33:01.868917,241,2,1,c1:00:dd:00:01:de,e2c56db5-dffb-48d2-b060-d0f5a71096e0,-77
2018-06-11 13:33:02.284044,242,2,1,c1:00:dd:00:01:de,e2c56db5-dffb-48d2-b060-d0f5a71096e0,-69
2018-06-11 13:33:02.484282,243,2,1,c1:00:dd:00:01:de,e2c56db5-dffb-48d2-b060-d0f5a71096e0,-76
2018-06-11 13:33:02.690957,244,2,1,c1:00:dd:00:01:de,e2c56db5-dffb-48d2-b060-d0f5a71096e0,-62
2018-06-11 13:33:02.891492,245,2,1,c1:00:dd:00:01:de,e2c56db5-dffb-48d2-b060-d0f5a71096e0,-61
2018-06-11 13:33:03.100819,246,2,1,c1:00:dd:00:01:de,e2c56db5-dffb-48d2-b060-d0f5a71096e0,-75
2018-06-11 13:33:03.315160,247,2,1,c1:00:dd:00:01:de,e2c56db5-dffb-48d2-b060-d0f5a71096e0,-75
2018-06-11 13:33:03.512296,248,2,1,c1:00:dd:00:01:de,e2c56db5-dffb-48d2-b060-d0f5a71096e0,-74
2018-06-11 13:33:03.927570,249,2,1,c1:00:dd:00:01:de,e2c56db5-dffb-48d2-b060-d0f5a71096e0,-53
2018-06-11 13:33:04.139555,250,2,1,c1:00:dd:00:01:de,e2c56db5-dffb-48d2-b060-d0f5a71096e0,-53
2018-06-11 13:33:04.558702,251,2,1,c1:00:dd:00:01:de,e2c56db5-dffb-48d2-b060-d0f5a71096e0,-70
2018-06-11 13:33:04.779516,252,2,1,c1:00:dd:00:01:de,e2c56db5-dffb-48d2-b060-d0f5a71096e0,-75
2018-06-11 13:33:04.971094,253,2,1,c1:00:dd:00:01:de,e2c56db5-dffb-48d2-b060-d0f5a71096e0,-75
2018-06-11 13:33:05.174074,254,2,1,c1:00:dd:00:01:de,e2c56db5-dffb-48d2-b060-d0f5a71096e0,-60
2018-06-11 13:33:05.378395,255,2,1,c1:00:dd:00:01:de,e2c56db5-dffb-48d2-b060-d0f5a71096e0,-76
2018-06-11 13:33:06.001778,256,2,1,c1:00:dd:00:01:de,e2c56db5-dffb-48d2-b060-d0f5a71096e0,-69
2018-06-11 13:33:06.207900,257,2,1,c1:00:dd:00:01:de,e2c56db5-dffb-48d2-b060-d0f5a71096e0,-69
2018-06-11 13:33:06.617394,258,2,1,c1:00:dd:00:01:de,e2c56db5-dffb-48d2-b060-d0f5a71096e0,-75
2018-06-11 13:33:06.831939,259,2,1,c1:00:dd:00:01:de,e2c56db5-dffb-48d2-b060-d0f5a71096e0,-76
2018-06-11 13:33:07.021790,260,2,1,c1:00:dd:00:01:de,e2c56db5-dffb-48d2-b060-d0f5a71096e0,-76
2018-06-11 13:33:07.649457,261,2,1,c1:00:dd:00:01:de,e2c56db5-dffb-48d2-b060-d0f5a71096e0,-70
2018-06-11 13:33:07.849965,262,2,1,c1:00:dd:00:01:de,e2c56db5-dffb-48d2-b060-d0f5a71096e0,-61
2018-06-11 13:33:08.059104,263,2,1,c1:00:dd:00:01:de,e2c56db5-dffb-48d2-b060-d0f5a71096e0,-75
2018-06-11 13:33:08.251832,264,2,1,c1:00:dd:00:01:de,e2c56db5-dffb-48d2-b060-d0f5a71096e0,-74
2018-06-11 13:33:08.456037,265,2,1,c1:00:dd:00:01:de,e2c56db5-dffb-48d2-b060-d0f5a71096e0,-69
2018-06-11 13:33:08.655292,266,2,1,c1:00:dd:00:01:de,e2c56db5-dffb-48d2-b060-d0f5a71096e0,-61
2018-06-11 13:33:08.875446,267,2,1,c1:00:dd:00:01:de,e2c56db5-dffb-48d2-b060-d0f5a71096e0,-75
2018-06-11 13:33:09.077607,268,2,1,c1:00:dd:00:01:de,e2c56db5-dffb-48d2-b060-d0f5a71096e0,-71
2018-06-11 13:33:09.691964,269,2,1,c1:00:dd:00:01:de,e2c56db5-dffb-48d2-b060-d0f5a71096e0,-75
2018-06-11 13:33:09.881637,270,2,1,c1:00:dd:00:01:de,e2c56db5-dffb-48d2-b060-d0f5a71096e0,-75
2018-06-11 13:33:10.083454,271,2,1,c1:00:dd:00:01:de,e2c56db5-dffb-48d2-b060-d0f5a71096e0,-74
2018-06-11 13:33:10.293188,272,2,1,c1:00:dd:00:01:de,e2c56db5-dffb-48d2-b060-d0f5a71096e0,-73
2018-06-11 13:33:10.713180,273,2,1,c1:00:dd:00:01:de,e2c56db5-dffb-48d2-b060-d0f5a71096e0,-52
2018-06-11 13:33:10.915036,274,2,1,c1:00:dd:00:01:de,e2c56db5-dffb-48d2-b060-d0f5a71096e0,-76
2018-06-11 13:33:11.120408,275,2,1,c1:00:dd:00:01:de,e2c56db5-dffb-48d2-b060-d0f5a71096e0,-62
2018-06-11 13:33:11.329275,276,2,1,c1:00:dd:00:01:de,e2c56db5-dffb-48d2-b060-d0f5a71096e0,-76
2018-06-11 13:33:11.531704,277,2,1,c1:00:dd:00:01:de,e2c56db5-dffb-48d2-b060-d0f5a71096e0,-76
2018-06-11 13:33:11.740742,278,2,1,c1:00:dd:00:01:de,e2c56db5-dffb-48d2-b060-d0f5a71096e0,-77
2018-06-11 13:33:11.946959,279,2,1,c1:00:dd:00:01:de,e2c56db5-dffb-48d2-b060-d0f5a71096e0,-60
2018-06-11 13:33:12.161950,280,2,1,c1:00:dd:00:01:de,e2c56db5-dffb-48d2-b060-d0f5a71096e0,-59
2018-06-11 13:33:12.367273,281,2,1,c1:00:dd:00:01:de,e2c56db5-dffb-48d2-b060-d0f5a71096e0,-59
2018-06-11 13:33:12.780295,282,2,1,c1:00:dd:00:01:de,e2c56db5-dffb-48d2-b060-d0f5a71096e0,-52
2018-06-11 13:33:12.980955,283,2,1,c1:00:dd:00:01:de,e2c56db5-dffb-48d2-b060-d0f5a71096e0,-69
2018-06-11 13:33:13.182667,284,2,1,c1:00:dd:00:01:de,e2c56db5-dffb-48d2-b060-d0f5a71096e0,-61
2018-06-11 13:33:13.383542,285,2,1,c1:00:dd:00:01:de,e2c56db5-dffb-48d2-b060-d0f5a71096e0,-60
2018-06-11 13:33:14.007796,286,2,1,c1:00:dd:00:01:de,e2c56db5-dffb-48d2-b060-d0f5a71096e0,-70
2018-06-11 13:33:14.214613,287,2,1,c1:00:dd:00:01:de,e2c56db5-dffb-48d2-b060-d0f5a71096e0,-76
2018-06-11 13:33:14.418620,288,2,1,c1:00:dd:00:01:de,e2c56db5-dffb-48d2-b060-d0f5a71096e0,-76
2018-06-11 13:33:14.620811,289,2,1,c1:00:dd:00:01:de,e2c56db5-dffb-48d2-b060-d0f5a71096e0,-59
2018-06-11 13:33:14.828855,290,2,1,c1:00:dd:00:01:de,e2c56db5-dffb-48d2-b060-d0f5a71096e0,-73
2018-06-11 13:33:15.038164,291,2,1,c1:00:dd:00:01:de,e2c56db5-dffb-48d2-b060-d0f5a71096e0,-74
2018-06-11 13:33:15.237202,292,2,1,c1:00:dd:00:01:de,e2c56db5-dffb-48d2-b060-d0f5a71096e0,-69
2018-06-11 13:33:15.650188,293,2,1,c1:00:dd:00:01:de,e2c56db5-dffb-48d2-b060-d0f5a71096e0,-54
2018-06-11 13:33:15.860969,294,2,1,c1:00:dd:00:01:de,e2c56db5-dffb-48d2-b060-d0f5a71096e0,-75
2018-06-11 13:33:16.063170,295,2,1,c1:00:dd:00:01:de,e2c56db5-dffb-48d2-b060-d0f5a71096e0,-77
2018-06-11 13:33:16.268201,296,2,1,c1:00:dd:00:01:de,e2c56db5-dffb-48d2-b060-d0f5a71096e0,-73
2018-06-11 13:33:16.472048,297,2,1,c1:00:dd:00:01:de,e2c56db5-dffb-48d2-b060-d0f5a71096e0,-60
2018-06-11 13:33:17.114956,298,2,1,c1:00:dd:00:01:de,e2c56db5-dffb-48d2-b060-d0f5a71096e0,-68
2018-06-11 13:33:17.518292,299,2,1,c1:00:dd:00:01:de,e2c56db5-dffb-48d2-b060-d0f5a71096e0,-61
2018-06-11 13:33:18.124871,300,2,1,c1:00:dd:00:01:de,e2c56db5-dffb-48d2-b060-d0f5a71096e0,-70
2018-06-11 13:33:18.324643,301,2,1,c1:00:dd:00:01:de,e2c56db5-dffb-48d2-b060-d0f5a71096e0,-61
2018-06-11 13:33:18.527718,302,2,1,c1:00:dd:00:01:de,e2c56db5-dffb-48d2-b060-d0f5a71096e0,-75
2018-06-11 13:33:18.733320,303,2,1,c1:00:dd:00:01:de,e2c56db5-dffb-48d2-b060-d0f5a71096e0,-74
2018-06-11 13:33:18.940089,304,2,1,c1:00:dd:00:01:de,e2c56db5-dffb-48d2-b060-d0f5a71096e0,-73
2018-06-11 13:33:19.143594,305,2,1,c1:00:dd:00:01:de,e2c56db5-dffb-48d2-b060-d0f5a71096e0,-70
2018-06-11 13:33:19.559517,306,2,1,c1:00:dd:00:01:de,e2c56db5-dffb-48d2-b060-d0f5a71096e0,-53
2018-06-11 13:33:19.764307,307,2,1,c1:00:dd:00:01:de,e2c56db5-dffb-48d2-b060-d0f5a71096e0,-76
2018-06-11 13:33:19.977503,308,2,1,c1:00:dd:00:01:de,e2c56db5-dffb-48d2-b060-d0f5a71096e0,-75
2018-06-11 13:33:20.182471,309,2,1,c1:00:dd:00:01:de,e2c56db5-dffb-48d2-b060-d0f5a71096e0,-76
2018-06-11 13:33:20.383912,310,2,1,c1:00:dd:00:01:de,e2c56db5-dffb-48d2-b060-d0f5a71096e0,-60
2018-06-11 13:33:20.590817,311,2,1,c1:00:dd:00:01:de,e2c56db5-dffb-48d2-b060-d0f5a71096e0,-73
2018-06-11 13:33:21.018362,312,2,1,c1:00:dd:00:01:de,e2c56db5-dffb-48d2-b060-d0f5a71096e0,-70
2018-06-11 13:33:21.213931,313,2,1,c1:00:dd:00:01:de,e2c56db5-dffb-48d2-b060-d0f5a71096e0,-53
2018-06-11 13:33:21.610484,314,2,1,c1:00:dd:00:01:de,e2c56db5-dffb-48d2-b060-d0f5a71096e0,-76
2018-06-11 13:33:21.812033,315,2,1,c1:00:dd:00:01:de,e2c56db5-dffb-48d2-b060-d0f5a71096e0,-74
2018-06-11 13:33:22.441043,316,2,1,c1:00:dd:00:01:de,e2c56db5-dffb-48d2-b060-d0f5a71096e0,-70
2018-06-11 13:33:22.650981,317,2,1,c1:00:dd:00:01:de,e2c56db5-dffb-48d2-b060-d0f5a71096e0,-70
2018-06-11 13:33:22.858537,318,2,1,c1:00:dd:00:01:de,e2c56db5-dffb-48d2-b060-d0f5a71096e0,-75
start saving
2018-06-11 13:33:23.057269,319,2,1,c1:00:dd:00:01:de,e2c56db5-dffb-48d2-b060-d0f5a71096e0,-76
2018-06-11 13:33:23.262902,320,2,1,c1:00:dd:00:01:de,e2c56db5-dffb-48d2-b060-d0f5a71096e0,-73
2018-06-11 13:33:23.468621,321,2,1,c1:00:dd:00:01:de,e2c56db5-dffb-48d2-b060-d0f5a71096e0,-73
2018-06-11 13:33:23.675034,322,2,1,c1:00:dd:00:01:de,e2c56db5-dffb-48d2-b060-d0f5a71096e0,-70
2018-06-11 13:33:23.874914,323,2,1,c1:00:dd:00:01:de,e2c56db5-dffb-48d2-b060-d0f5a71096e0,-76
2018-06-11 13:33:24.084025,324,2,1,c1:00:dd:00:01:de,e2c56db5-dffb-48d2-b060-d0f5a71096e0,-76
2018-06-11 13:33:24.286604,325,2,1,c1:00:dd:00:01:de,e2c56db5-dffb-48d2-b060-d0f5a71096e0,-61
2018-06-11 13:33:24.488766,326,2,1,c1:00:dd:00:01:de,e2c56db5-dffb-48d2-b060-d0f5a71096e0,-75
2018-06-11 13:33:24.901129,327,2,1,c1:00:dd:00:01:de,e2c56db5-dffb-48d2-b060-d0f5a71096e0,-70
2018-06-11 13:33:25.108066,328,2,1,c1:00:dd:00:01:de,e2c56db5-dffb-48d2-b060-d0f5a71096e0,-61
2018-06-11 13:33:25.303930,329,2,1,c1:00:dd:00:01:de,e2c56db5-dffb-48d2-b060-d0f5a71096e0,-76
2018-06-11 13:33:25.922400,330,2,1,c1:00:dd:00:01:de,e2c56db5-dffb-48d2-b060-d0f5a71096e0,-69
2018-06-11 13:33:26.131361,331,2,1,c1:00:dd:00:01:de,e2c56db5-dffb-48d2-b060-d0f5a71096e0,-69
2018-06-11 13:33:26.332149,332,2,1,c1:00:dd:00:01:de,e2c56db5-dffb-48d2-b060-d0f5a71096e0,-75
2018-06-11 13:33:26.537702,333,2,1,c1:00:dd:00:01:de,e2c56db5-dffb-48d2-b060-d0f5a71096e0,-59
2018-06-11 13:33:26.742549,334,2,1,c1:00:dd:00:01:de,e2c56db5-dffb-48d2-b060-d0f5a71096e0,-72
2018-06-11 13:33:26.951538,335,2,1,c1:00:dd:00:01:de,e2c56db5-dffb-48d2-b060-d0f5a71096e0,-72
2018-06-11 13:33:27.156847,336,2,1,c1:00:dd:00:01:de,e2c56db5-dffb-48d2-b060-d0f5a71096e0,-73
2018-06-11 13:33:27.376181,337,2,1,c1:00:dd:00:01:de,e2c56db5-dffb-48d2-b060-d0f5a71096e0,-73
2018-06-11 13:33:27.778692,338,2,1,c1:00:dd:00:01:de,e2c56db5-dffb-48d2-b060-d0f5a71096e0,-69
2018-06-11 13:33:27.980059,339,2,1,c1:00:dd:00:01:de,e2c56db5-dffb-48d2-b060-d0f5a71096e0,-75
2018-06-11 13:33:28.425713,340,2,1,c1:00:dd:00:01:de,e2c56db5-dffb-48d2-b060-d0f5a71096e0,-73
2018-06-11 13:33:28.608250,341,2,1,c1:00:dd:00:01:de,e2c56db5-dffb-48d2-b060-d0f5a71096e0,-73
2018-06-11 13:33:28.804318,342,2,1,c1:00:dd:00:01:de,e2c56db5-dffb-48d2-b060-d0f5a71096e0,-52
2018-06-11 13:33:29.004182,343,2,1,c1:00:dd:00:01:de,e2c56db5-dffb-48d2-b060-d0f5a71096e0,-76
2018-06-11 13:33:29.207167,344,2,1,c1:00:dd:00:01:de,e2c56db5-dffb-48d2-b060-d0f5a71096e0,-75
2018-06-11 13:33:29.414777,345,2,1,c1:00:dd:00:01:de,e2c56db5-dffb-48d2-b060-d0f5a71096e0,-61
2018-06-11 13:33:29.617224,346,2,1,c1:00:dd:00:01:de,e2c56db5-dffb-48d2-b060-d0f5a71096e0,-60
2018-06-11 13:33:29.822655,347,2,1,c1:00:dd:00:01:de,e2c56db5-dffb-48d2-b060-d0f5a71096e0,-71
2018-06-11 13:33:30.029414,348,2,1,c1:00:dd:00:01:de,e2c56db5-dffb-48d2-b060-d0f5a71096e0,-70
2018-06-11 13:33:30.222443,349,2,1,c1:00:dd:00:01:de,e2c56db5-dffb-48d2-b060-d0f5a71096e0,-73
2018-06-11 13:33:30.632858,350,2,1,c1:00:dd:00:01:de,e2c56db5-dffb-48d2-b060-d0f5a71096e0,-74
2018-06-11 13:33:31.048586,351,2,1,c1:00:dd:00:01:de,e2c56db5-dffb-48d2-b060-d0f5a71096e0,-70
2018-06-11 13:33:31.249802,352,2,1,c1:00:dd:00:01:de,e2c56db5-dffb-48d2-b060-d0f5a71096e0,-72
2018-06-11 13:33:31.454421,353,2,1,c1:00:dd:00:01:de,e2c56db5-dffb-48d2-b060-d0f5a71096e0,-75
2018-06-11 13:33:31.657066,354,2,1,c1:00:dd:00:01:de,e2c56db5-dffb-48d2-b060-d0f5a71096e0,-61
2018-06-11 13:33:31.861576,355,2,1,c1:00:dd:00:01:de,e2c56db5-dffb-48d2-b060-d0f5a71096e0,-69
2018-06-11 13:33:32.062251,356,2,1,c1:00:dd:00:01:de,e2c56db5-dffb-48d2-b060-d0f5a71096e0,-73
2018-06-11 13:33:32.457121,357,2,1,c1:00:dd:00:01:de,e2c56db5-dffb-48d2-b060-d0f5a71096e0,-71
2018-06-11 13:33:32.665334,358,2,1,c1:00:dd:00:01:de,e2c56db5-dffb-48d2-b060-d0f5a71096e0,-70
2018-06-11 13:33:32.876912,359,2,1,c1:00:dd:00:01:de,e2c56db5-dffb-48d2-b060-d0f5a71096e0,-70
2018-06-11 13:33:33.084310,360,2,1,c1:00:dd:00:01:de,e2c56db5-dffb-48d2-b060-d0f5a71096e0,-73
2018-06-11 13:33:33.287717,361,2,1,c1:00:dd:00:01:de,e2c56db5-dffb-48d2-b060-d0f5a71096e0,-58
2018-06-11 13:33:33.487446,362,2,1,c1:00:dd:00:01:de,e2c56db5-dffb-48d2-b060-d0f5a71096e0,-77
2018-06-11 13:33:33.696319,363,2,1,c1:00:dd:00:01:de,e2c56db5-dffb-48d2-b060-d0f5a71096e0,-76
2018-06-11 13:33:33.901713,364,2,1,c1:00:dd:00:01:de,e2c56db5-dffb-48d2-b060-d0f5a71096e0,-54
2018-06-11 13:33:34.099187,365,2,1,c1:00:dd:00:01:de,e2c56db5-dffb-48d2-b060-d0f5a71096e0,-71
2018-06-11 13:33:34.306181,366,2,1,c1:00:dd:00:01:de,e2c56db5-dffb-48d2-b060-d0f5a71096e0,-71
2018-06-11 13:33:34.514095,367,2,1,c1:00:dd:00:01:de,e2c56db5-dffb-48d2-b060-d0f5a71096e0,-72
2018-06-11 13:33:34.729794,368,2,1,c1:00:dd:00:01:de,e2c56db5-dffb-48d2-b060-d0f5a71096e0,-74
2018-06-11 13:33:35.133143,369,2,1,c1:00:dd:00:01:de,e2c56db5-dffb-48d2-b060-d0f5a71096e0,-69
2018-06-11 13:33:35.352335,370,2,1,c1:00:dd:00:01:de,e2c56db5-dffb-48d2-b060-d0f5a71096e0,-70
2018-06-11 13:33:35.550936,371,2,1,c1:00:dd:00:01:de,e2c56db5-dffb-48d2-b060-d0f5a71096e0,-70
2018-06-11 13:33:35.766815,372,2,1,c1:00:dd:00:01:de,e2c56db5-dffb-48d2-b060-d0f5a71096e0,-71
2018-06-11 13:33:35.961374,373,2,1,c1:00:dd:00:01:de,e2c56db5-dffb-48d2-b060-d0f5a71096e0,-72
2018-06-11 13:33:36.172829,374,2,1,c1:00:dd:00:01:de,e2c56db5-dffb-48d2-b060-d0f5a71096e0,-72
2018-06-11 13:33:36.369575,375,2,1,c1:00:dd:00:01:de,e2c56db5-dffb-48d2-b060-d0f5a71096e0,-75
2018-06-11 13:33:36.576795,376,2,1,c1:00:dd:00:01:de,e2c56db5-dffb-48d2-b060-d0f5a71096e0,-74
2018-06-11 13:33:37.200781,377,2,1,c1:00:dd:00:01:de,e2c56db5-dffb-48d2-b060-d0f5a71096e0,-69
2018-06-11 13:33:37.406397,378,2,1,c1:00:dd:00:01:de,e2c56db5-dffb-48d2-b060-d0f5a71096e0,-54
2018-06-11 13:33:37.817599,379,2,1,c1:00:dd:00:01:de,e2c56db5-dffb-48d2-b060-d0f5a71096e0,-74
2018-06-11 13:33:38.010987,380,2,1,c1:00:dd:00:01:de,e2c56db5-dffb-48d2-b060-d0f5a71096e0,-83
2018-06-11 13:33:38.636967,381,2,1,c1:00:dd:00:01:de,e2c56db5-dffb-48d2-b060-d0f5a71096e0,-54
2018-06-11 13:33:38.836756,382,2,1,c1:00:dd:00:01:de,e2c56db5-dffb-48d2-b060-d0f5a71096e0,-73
2018-06-11 13:33:39.049281,383,2,1,c1:00:dd:00:01:de,e2c56db5-dffb-48d2-b060-d0f5a71096e0,-73
2018-06-11 13:33:39.253468,384,2,1,c1:00:dd:00:01:de,e2c56db5-dffb-48d2-b060-d0f5a71096e0,-74
2018-06-11 13:33:39.462820,385,2,1,c1:00:dd:00:01:de,e2c56db5-dffb-48d2-b060-d0f5a71096e0,-74
2018-06-11 13:33:39.672614,386,2,1,c1:00:dd:00:01:de,e2c56db5-dffb-48d2-b060-d0f5a71096e0,-74
2018-06-11 13:33:39.882227,387,2,1,c1:00:dd:00:01:de,e2c56db5-dffb-48d2-b060-d0f5a71096e0,-74
2018-06-11 13:33:40.292595,388,2,1,c1:00:dd:00:01:de,e2c56db5-dffb-48d2-b060-d0f5a71096e0,-70
2018-06-11 13:33:40.510319,389,2,1,c1:00:dd:00:01:de,e2c56db5-dffb-48d2-b060-d0f5a71096e0,-69
2018-06-11 13:33:40.715481,390,2,1,c1:00:dd:00:01:de,e2c56db5-dffb-48d2-b060-d0f5a71096e0,-71
2018-06-11 13:33:40.920086,391,2,1,c1:00:dd:00:01:de,e2c56db5-dffb-48d2-b060-d0f5a71096e0,-58
2018-06-11 13:33:41.122196,392,2,1,c1:00:dd:00:01:de,e2c56db5-dffb-48d2-b060-d0f5a71096e0,-73
2018-06-11 13:33:41.331773,393,2,1,c1:00:dd:00:01:de,e2c56db5-dffb-48d2-b060-d0f5a71096e0,-74
2018-06-11 13:33:41.522043,394,2,1,c1:00:dd:00:01:de,e2c56db5-dffb-48d2-b060-d0f5a71096e0,-76
2018-06-11 13:33:41.724485,395,2,1,c1:00:dd:00:01:de,e2c56db5-dffb-48d2-b060-d0f5a71096e0,-69
2018-06-11 13:33:41.933854,396,2,1,c1:00:dd:00:01:de,e2c56db5-dffb-48d2-b060-d0f5a71096e0,-69
2018-06-11 13:33:42.147624,397,2,1,c1:00:dd:00:01:de,e2c56db5-dffb-48d2-b060-d0f5a71096e0,-70
2018-06-11 13:33:42.354393,398,2,1,c1:00:dd:00:01:de,e2c56db5-dffb-48d2-b060-d0f5a71096e0,-58
2018-06-11 13:33:42.558808,399,2,1,c1:00:dd:00:01:de,e2c56db5-dffb-48d2-b060-d0f5a71096e0,-73
2018-06-11 13:33:42.969555,400,2,1,c1:00:dd:00:01:de,e2c56db5-dffb-48d2-b060-d0f5a71096e0,-74
2018-06-11 13:33:43.173763,401,2,1,c1:00:dd:00:01:de,e2c56db5-dffb-48d2-b060-d0f5a71096e0,-70
2018-06-11 13:33:43.382447,402,2,1,c1:00:dd:00:01:de,e2c56db5-dffb-48d2-b060-d0f5a71096e0,-70
2018-06-11 13:33:43.588769,403,2,1,c1:00:dd:00:01:de,e2c56db5-dffb-48d2-b060-d0f5a71096e0,-69
2018-06-11 13:33:44.003087,404,2,1,c1:00:dd:00:01:de,e2c56db5-dffb-48d2-b060-d0f5a71096e0,-75
2018-06-11 13:33:44.208636,405,2,1,c1:00:dd:00:01:de,e2c56db5-dffb-48d2-b060-d0f5a71096e0,-75
2018-06-11 13:33:44.824414,406,2,1,c1:00:dd:00:01:de,e2c56db5-dffb-48d2-b060-d0f5a71096e0,-70
2018-06-11 13:33:45.024682,407,2,1,c1:00:dd:00:01:de,e2c56db5-dffb-48d2-b060-d0f5a71096e0,-73
2018-06-11 13:33:45.226473,408,2,1,c1:00:dd:00:01:de,e2c56db5-dffb-48d2-b060-d0f5a71096e0,-60
2018-06-11 13:33:45.428316,409,2,1,c1:00:dd:00:01:de,e2c56db5-dffb-48d2-b060-d0f5a71096e0,-75
2018-06-11 13:33:45.637182,410,2,1,c1:00:dd:00:01:de,e2c56db5-dffb-48d2-b060-d0f5a71096e0,-53
2018-06-11 13:33:45.848320,411,2,1,c1:00:dd:00:01:de,e2c56db5-dffb-48d2-b060-d0f5a71096e0,-75
2018-06-11 13:33:46.047537,412,2,1,c1:00:dd:00:01:de,e2c56db5-dffb-48d2-b060-d0f5a71096e0,-58
2018-06-11 13:33:46.255311,413,2,1,c1:00:dd:00:01:de,e2c56db5-dffb-48d2-b060-d0f5a71096e0,-73
2018-06-11 13:33:46.452644,414,2,1,c1:00:dd:00:01:de,e2c56db5-dffb-48d2-b060-d0f5a71096e0,-75
2018-06-11 13:33:46.656611,415,2,1,c1:00:dd:00:01:de,e2c56db5-dffb-48d2-b060-d0f5a71096e0,-76
2018-06-11 13:33:46.878293,416,2,1,c1:00:dd:00:01:de,e2c56db5-dffb-48d2-b060-d0f5a71096e0,-74
2018-06-11 13:33:47.080432,417,2,1,c1:00:dd:00:01:de,e2c56db5-dffb-48d2-b060-d0f5a71096e0,-53
2018-06-11 13:33:47.272994,418,2,1,c1:00:dd:00:01:de,e2c56db5-dffb-48d2-b060-d0f5a71096e0,-73
2018-06-11 13:33:47.691153,419,2,1,c1:00:dd:00:01:de,e2c56db5-dffb-48d2-b060-d0f5a71096e0,-74
2018-06-11 13:33:47.885963,420,2,1,c1:00:dd:00:01:de,e2c56db5-dffb-48d2-b060-d0f5a71096e0,-69
2018-06-11 13:33:48.083119,421,2,1,c1:00:dd:00:01:de,e2c56db5-dffb-48d2-b060-d0f5a71096e0,-73
2018-06-11 13:33:48.287552,422,2,1,c1:00:dd:00:01:de,e2c56db5-dffb-48d2-b060-d0f5a71096e0,-75
2018-06-11 13:33:48.490381,423,2,1,c1:00:dd:00:01:de,e2c56db5-dffb-48d2-b060-d0f5a71096e0,-74
2018-06-11 13:33:48.693879,424,2,1,c1:00:dd:00:01:de,e2c56db5-dffb-48d2-b060-d0f5a71096e0,-69
2018-06-11 13:33:48.896483,425,2,1,c1:00:dd:00:01:de,e2c56db5-dffb-48d2-b060-d0f5a71096e0,-53
2018-06-11 13:33:49.096916,426,2,1,c1:00:dd:00:01:de,e2c56db5-dffb-48d2-b060-d0f5a71096e0,-73
2018-06-11 13:33:49.303571,427,2,1,c1:00:dd:00:01:de,e2c56db5-dffb-48d2-b060-d0f5a71096e0,-74
2018-06-11 13:33:49.510156,428,2,1,c1:00:dd:00:01:de,e2c56db5-dffb-48d2-b060-d0f5a71096e0,-75
2018-06-11 13:33:49.712904,429,2,1,c1:00:dd:00:01:de,e2c56db5-dffb-48d2-b060-d0f5a71096e0,-53
2018-06-11 13:33:49.912780,430,2,1,c1:00:dd:00:01:de,e2c56db5-dffb-48d2-b060-d0f5a71096e0,-58
2018-06-11 13:33:50.110401,431,2,1,c1:00:dd:00:01:de,e2c56db5-dffb-48d2-b060-d0f5a71096e0,-73
2018-06-11 13:33:50.311807,432,2,1,c1:00:dd:00:01:de,e2c56db5-dffb-48d2-b060-d0f5a71096e0,-75
2018-06-11 13:33:50.519153,433,2,1,c1:00:dd:00:01:de,e2c56db5-dffb-48d2-b060-d0f5a71096e0,-60
2018-06-11 13:33:50.732296,434,2,1,c1:00:dd:00:01:de,e2c56db5-dffb-48d2-b060-d0f5a71096e0,-70
2018-06-11 13:33:50.933040,435,2,1,c1:00:dd:00:01:de,e2c56db5-dffb-48d2-b060-d0f5a71096e0,-70
2018-06-11 13:33:51.139423,436,2,1,c1:00:dd:00:01:de,e2c56db5-dffb-48d2-b060-d0f5a71096e0,-71
2018-06-11 13:33:51.340307,437,2,1,c1:00:dd:00:01:de,e2c56db5-dffb-48d2-b060-d0f5a71096e0,-73
2018-06-11 13:33:51.554106,438,2,1,c1:00:dd:00:01:de,e2c56db5-dffb-48d2-b060-d0f5a71096e0,-61
2018-06-11 13:33:51.762390,439,2,1,c1:00:dd:00:01:de,e2c56db5-dffb-48d2-b060-d0f5a71096e0,-74
2018-06-11 13:33:51.967528,440,2,1,c1:00:dd:00:01:de,e2c56db5-dffb-48d2-b060-d0f5a71096e0,-73
2018-06-11 13:33:52.173562,441,2,1,c1:00:dd:00:01:de,e2c56db5-dffb-48d2-b060-d0f5a71096e0,-69
2018-06-11 13:33:52.383554,442,2,1,c1:00:dd:00:01:de,e2c56db5-dffb-48d2-b060-d0f5a71096e0,-70
2018-06-11 13:33:52.582914,443,2,1,c1:00:dd:00:01:de,e2c56db5-dffb-48d2-b060-d0f5a71096e0,-73
2018-06-11 13:33:52.792063,444,2,1,c1:00:dd:00:01:de,e2c56db5-dffb-48d2-b060-d0f5a71096e0,-59
2018-06-11 13:33:53.210490,445,2,1,c1:00:dd:00:01:de,e2c56db5-dffb-48d2-b060-d0f5a71096e0,-73
2018-06-11 13:33:53.416601,446,2,1,c1:00:dd:00:01:de,e2c56db5-dffb-48d2-b060-d0f5a71096e0,-58
2018-06-11 13:33:54.027612,447,2,1,c1:00:dd:00:01:de,e2c56db5-dffb-48d2-b060-d0f5a71096e0,-70
2018-06-11 13:33:54.229031,448,2,1,c1:00:dd:00:01:de,e2c56db5-dffb-48d2-b060-d0f5a71096e0,-73
2018-06-11 13:33:54.432528,449,2,1,c1:00:dd:00:01:de,e2c56db5-dffb-48d2-b060-d0f5a71096e0,-78
2018-06-11 13:33:54.633147,450,2,1,c1:00:dd:00:01:de,e2c56db5-dffb-48d2-b060-d0f5a71096e0,-76
2018-06-11 13:33:54.836697,451,2,1,c1:00:dd:00:01:de,e2c56db5-dffb-48d2-b060-d0f5a71096e0,-69
2018-06-11 13:33:55.042880,452,2,1,c1:00:dd:00:01:de,e2c56db5-dffb-48d2-b060-d0f5a71096e0,-69
2018-06-11 13:33:55.260059,453,2,1,c1:00:dd:00:01:de,e2c56db5-dffb-48d2-b060-d0f5a71096e0,-53
2018-06-11 13:33:55.460127,454,2,1,c1:00:dd:00:01:de,e2c56db5-dffb-48d2-b060-d0f5a71096e0,-68
2018-06-11 13:33:55.875938,455,2,1,c1:00:dd:00:01:de,e2c56db5-dffb-48d2-b060-d0f5a71096e0,-75
2018-06-11 13:33:56.087150,456,2,1,c1:00:dd:00:01:de,e2c56db5-dffb-48d2-b060-d0f5a71096e0,-73
2018-06-11 13:33:56.292649,457,2,1,c1:00:dd:00:01:de,e2c56db5-dffb-48d2-b060-d0f5a71096e0,-77
2018-06-11 13:33:56.500342,458,2,1,c1:00:dd:00:01:de,e2c56db5-dffb-48d2-b060-d0f5a71096e0,-78
2018-06-11 13:33:56.703191,459,2,1,c1:00:dd:00:01:de,e2c56db5-dffb-48d2-b060-d0f5a71096e0,-70
2018-06-11 13:33:56.906947,460,2,1,c1:00:dd:00:01:de,e2c56db5-dffb-48d2-b060-d0f5a71096e0,-69
2018-06-11 13:33:57.113497,461,2,1,c1:00:dd:00:01:de,e2c56db5-dffb-48d2-b060-d0f5a71096e0,-73
2018-06-11 13:33:57.309043,462,2,1,c1:00:dd:00:01:de,e2c56db5-dffb-48d2-b060-d0f5a71096e0,-73
2018-06-11 13:33:58.139550,463,2,1,c1:00:dd:00:01:de,e2c56db5-dffb-48d2-b060-d0f5a71096e0,-70
2018-06-11 13:33:58.342064,464,2,1,c1:00:dd:00:01:de,e2c56db5-dffb-48d2-b060-d0f5a71096e0,-72
2018-06-11 13:33:59.157912,465,2,1,c1:00:dd:00:01:de,e2c56db5-dffb-48d2-b060-d0f5a71096e0,-53
2018-06-11 13:33:59.352583,466,2,1,c1:00:dd:00:01:de,e2c56db5-dffb-48d2-b060-d0f5a71096e0,-57
2018-06-11 13:33:59.554128,467,2,1,c1:00:dd:00:01:de,e2c56db5-dffb-48d2-b060-d0f5a71096e0,-76
2018-06-11 13:33:59.760632,468,2,1,c1:00:dd:00:01:de,e2c56db5-dffb-48d2-b060-d0f5a71096e0,-60
2018-06-11 13:33:59.971546,469,2,1,c1:00:dd:00:01:de,e2c56db5-dffb-48d2-b060-d0f5a71096e0,-69
2018-06-11 13:34:00.170044,470,2,1,c1:00:dd:00:01:de,e2c56db5-dffb-48d2-b060-d0f5a71096e0,-70
2018-06-11 13:34:00.380340,471,2,1,c1:00:dd:00:01:de,e2c56db5-dffb-48d2-b060-d0f5a71096e0,-70
2018-06-11 13:34:00.589113,472,2,1,c1:00:dd:00:01:de,e2c56db5-dffb-48d2-b060-d0f5a71096e0,-71
2018-06-11 13:34:01.207438,473,2,1,c1:00:dd:00:01:de,e2c56db5-dffb-48d2-b060-d0f5a71096e0,-75
2018-06-11 13:34:01.618546,474,2,1,c1:00:dd:00:01:de,e2c56db5-dffb-48d2-b060-d0f5a71096e0,-70
2018-06-11 13:34:01.820112,475,2,1,c1:00:dd:00:01:de,e2c56db5-dffb-48d2-b060-d0f5a71096e0,-69
2018-06-11 13:34:02.024828,476,2,1,c1:00:dd:00:01:de,e2c56db5-dffb-48d2-b060-d0f5a71096e0,-61
2018-06-11 13:34:02.234892,477,2,1,c1:00:dd:00:01:de,e2c56db5-dffb-48d2-b060-d0f5a71096e0,-75
2018-06-11 13:34:02.447264,478,2,1,c1:00:dd:00:01:de,e2c56db5-dffb-48d2-b060-d0f5a71096e0,-76
2018-06-11 13:34:02.657443,479,2,1,c1:00:dd:00:01:de,e2c56db5-dffb-48d2-b060-d0f5a71096e0,-75
2018-06-11 13:34:02.876075,480,2,1,c1:00:dd:00:01:de,e2c56db5-dffb-48d2-b060-d0f5a71096e0,-61
2018-06-11 13:34:03.068549,481,2,1,c1:00:dd:00:01:de,e2c56db5-dffb-48d2-b060-d0f5a71096e0,-75
2018-06-11 13:34:03.702089,482,2,1,c1:00:dd:00:01:de,e2c56db5-dffb-48d2-b060-d0f5a71096e0,-68
2018-06-11 13:34:03.918959,483,2,1,c1:00:dd:00:01:de,e2c56db5-dffb-48d2-b060-d0f5a71096e0,-52
2018-06-11 13:34:04.103957,484,2,1,c1:00:dd:00:01:de,e2c56db5-dffb-48d2-b060-d0f5a71096e0,-75
2018-06-11 13:34:04.305176,485,2,1,c1:00:dd:00:01:de,e2c56db5-dffb-48d2-b060-d0f5a71096e0,-75
2018-06-11 13:34:04.732392,486,2,1,c1:00:dd:00:01:de,e2c56db5-dffb-48d2-b060-d0f5a71096e0,-61
2018-06-11 13:34:04.924303,487,2,1,c1:00:dd:00:01:de,e2c56db5-dffb-48d2-b060-d0f5a71096e0,-69
2018-06-11 13:34:05.143812,488,2,1,c1:00:dd:00:01:de,e2c56db5-dffb-48d2-b060-d0f5a71096e0,-76
2018-06-11 13:34:05.316222,489,2,1,c1:00:dd:00:01:de,e2c56db5-dffb-48d2-b060-d0f5a71096e0,-74
2018-06-11 13:34:05.726730,490,2,1,c1:00:dd:00:01:de,e2c56db5-dffb-48d2-b060-d0f5a71096e0,-69
2018-06-11 13:34:05.942451,491,2,1,c1:00:dd:00:01:de,e2c56db5-dffb-48d2-b060-d0f5a71096e0,-69
2018-06-11 13:34:06.138673,492,2,1,c1:00:dd:00:01:de,e2c56db5-dffb-48d2-b060-d0f5a71096e0,-69
2018-06-11 13:34:06.342622,493,2,1,c1:00:dd:00:01:de,e2c56db5-dffb-48d2-b060-d0f5a71096e0,-76
2018-06-11 13:34:06.542101,494,2,1,c1:00:dd:00:01:de,e2c56db5-dffb-48d2-b060-d0f5a71096e0,-76
2018-06-11 13:34:06.755724,495,2,1,c1:00:dd:00:01:de,e2c56db5-dffb-48d2-b060-d0f5a71096e0,-76
2018-06-11 13:34:06.964617,496,2,1,c1:00:dd:00:01:de,e2c56db5-dffb-48d2-b060-d0f5a71096e0,-69
2018-06-11 13:34:07.169865,497,2,1,c1:00:dd:00:01:de,e2c56db5-dffb-48d2-b060-d0f5a71096e0,-53
2018-06-11 13:34:07.576474,498,2,1,c1:00:dd:00:01:de,e2c56db5-dffb-48d2-b060-d0f5a71096e0,-76
2018-06-11 13:34:07.990229,499,2,1,c1:00:dd:00:01:de,e2c56db5-dffb-48d2-b060-d0f5a71096e0,-74
2018-06-11 13:34:08.401791,500,2,1,c1:00:dd:00:01:de,e2c56db5-dffb-48d2-b060-d0f5a71096e0,-69
2018-06-11 13:34:08.610993,501,2,1,c1:00:dd:00:01:de,e2c56db5-dffb-48d2-b060-d0f5a71096e0,-69
2018-06-11 13:34:08.816361,502,2,1,c1:00:dd:00:01:de,e2c56db5-dffb-48d2-b060-d0f5a71096e0,-70
2018-06-11 13:34:09.228496,503,2,1,c1:00:dd:00:01:de,e2c56db5-dffb-48d2-b060-d0f5a71096e0,-74
2018-06-11 13:34:09.429149,504,2,1,c1:00:dd:00:01:de,e2c56db5-dffb-48d2-b060-d0f5a71096e0,-74
2018-06-11 13:34:09.843969,505,2,1,c1:00:dd:00:01:de,e2c56db5-dffb-48d2-b060-d0f5a71096e0,-53
2018-06-11 13:34:10.048158,506,2,1,c1:00:dd:00:01:de,e2c56db5-dffb-48d2-b060-d0f5a71096e0,-70
2018-06-11 13:34:10.249614,507,2,1,c1:00:dd:00:01:de,e2c56db5-dffb-48d2-b060-d0f5a71096e0,-74
2018-06-11 13:34:10.459093,508,2,1,c1:00:dd:00:01:de,e2c56db5-dffb-48d2-b060-d0f5a71096e0,-74
2018-06-11 13:34:10.656365,509,2,1,c1:00:dd:00:01:de,e2c56db5-dffb-48d2-b060-d0f5a71096e0,-60
2018-06-11 13:34:10.858847,510,2,1,c1:00:dd:00:01:de,e2c56db5-dffb-48d2-b060-d0f5a71096e0,-75
2018-06-11 13:34:11.064408,511,2,1,c1:00:dd:00:01:de,e2c56db5-dffb-48d2-b060-d0f5a71096e0,-53
2018-06-11 13:34:11.275511,512,2,1,c1:00:dd:00:01:de,e2c56db5-dffb-48d2-b060-d0f5a71096e0,-53
2018-06-11 13:34:11.483510,513,2,1,c1:00:dd:00:01:de,e2c56db5-dffb-48d2-b060-d0f5a71096e0,-59
2018-06-11 13:34:11.691800,514,2,1,c1:00:dd:00:01:de,e2c56db5-dffb-48d2-b060-d0f5a71096e0,-76
2018-06-11 13:34:11.885451,515,2,1,c1:00:dd:00:01:de,e2c56db5-dffb-48d2-b060-d0f5a71096e0,-73
2018-06-11 13:34:12.092469,516,2,1,c1:00:dd:00:01:de,e2c56db5-dffb-48d2-b060-d0f5a71096e0,-73
2018-06-11 13:34:12.512951,517,2,1,c1:00:dd:00:01:de,e2c56db5-dffb-48d2-b060-d0f5a71096e0,-69
2018-06-11 13:34:12.714647,518,2,1,c1:00:dd:00:01:de,e2c56db5-dffb-48d2-b060-d0f5a71096e0,-69
2018-06-11 13:34:12.922561,519,2,1,c1:00:dd:00:01:de,e2c56db5-dffb-48d2-b060-d0f5a71096e0,-69
2018-06-11 13:34:13.125700,520,2,1,c1:00:dd:00:01:de,e2c56db5-dffb-48d2-b060-d0f5a71096e0,-77
2018-06-11 13:34:13.556099,521,2,1,c1:00:dd:00:01:de,e2c56db5-dffb-48d2-b060-d0f5a71096e0,-76
2018-06-11 13:34:13.749784,522,2,1,c1:00:dd:00:01:de,e2c56db5-dffb-48d2-b060-d0f5a71096e0,-76
2018-06-11 13:34:13.954418,523,2,1,c1:00:dd:00:01:de,e2c56db5-dffb-48d2-b060-d0f5a71096e0,-76
2018-06-11 13:34:14.161008,524,2,1,c1:00:dd:00:01:de,e2c56db5-dffb-48d2-b060-d0f5a71096e0,-75
2018-06-11 13:34:14.375128,525,2,1,c1:00:dd:00:01:de,e2c56db5-dffb-48d2-b060-d0f5a71096e0,-75
2018-06-11 13:34:14.582984,526,2,1,c1:00:dd:00:01:de,e2c56db5-dffb-48d2-b060-d0f5a71096e0,-53
2018-06-11 13:34:14.787219,527,2,1,c1:00:dd:00:01:de,e2c56db5-dffb-48d2-b060-d0f5a71096e0,-70
2018-06-11 13:34:14.995540,528,2,1,c1:00:dd:00:01:de,e2c56db5-dffb-48d2-b060-d0f5a71096e0,-69
2018-06-11 13:34:15.200423,529,2,1,c1:00:dd:00:01:de,e2c56db5-dffb-48d2-b060-d0f5a71096e0,-75
2018-06-11 13:34:15.403330,530,2,1,c1:00:dd:00:01:de,e2c56db5-dffb-48d2-b060-d0f5a71096e0,-75
2018-06-11 13:34:15.606238,531,2,1,c1:00:dd:00:01:de,e2c56db5-dffb-48d2-b060-d0f5a71096e0,-75
2018-06-11 13:34:15.807812,532,2,1,c1:00:dd:00:01:de,e2c56db5-dffb-48d2-b060-d0f5a71096e0,-60
2018-06-11 13:34:16.228181,533,2,1,c1:00:dd:00:01:de,e2c56db5-dffb-48d2-b060-d0f5a71096e0,-53
2018-06-11 13:34:16.434643,534,2,1,c1:00:dd:00:01:de,e2c56db5-dffb-48d2-b060-d0f5a71096e0,-68
2018-06-11 13:34:16.636608,535,2,1,c1:00:dd:00:01:de,e2c56db5-dffb-48d2-b060-d0f5a71096e0,-76
2018-06-11 13:34:16.849349,536,2,1,c1:00:dd:00:01:de,e2c56db5-dffb-48d2-b060-d0f5a71096e0,-60
2018-06-11 13:34:17.050833,537,2,1,c1:00:dd:00:01:de,e2c56db5-dffb-48d2-b060-d0f5a71096e0,-76
2018-06-11 13:34:17.465392,538,2,1,c1:00:dd:00:01:de,e2c56db5-dffb-48d2-b060-d0f5a71096e0,-76
2018-06-11 13:34:17.672988,539,2,1,c1:00:dd:00:01:de,e2c56db5-dffb-48d2-b060-d0f5a71096e0,-53
2018-06-11 13:34:17.874420,540,2,1,c1:00:dd:00:01:de,e2c56db5-dffb-48d2-b060-d0f5a71096e0,-68
2018-06-11 13:34:18.075463,541,2,1,c1:00:dd:00:01:de,e2c56db5-dffb-48d2-b060-d0f5a71096e0,-76
2018-06-11 13:34:18.284917,542,2,1,c1:00:dd:00:01:de,e2c56db5-dffb-48d2-b060-d0f5a71096e0,-75
2018-06-11 13:34:18.493683,543,2,1,c1:00:dd:00:01:de,e2c56db5-dffb-48d2-b060-d0f5a71096e0,-76
2018-06-11 13:34:18.709948,544,2,1,c1:00:dd:00:01:de,e2c56db5-dffb-48d2-b060-d0f5a71096e0,-75
2018-06-11 13:34:18.914756,545,2,1,c1:00:dd:00:01:de,e2c56db5-dffb-48d2-b060-d0f5a71096e0,-74
2018-06-11 13:34:19.122040,546,2,1,c1:00:dd:00:01:de,e2c56db5-dffb-48d2-b060-d0f5a71096e0,-63
2018-06-11 13:34:19.329215,547,2,1,c1:00:dd:00:01:de,e2c56db5-dffb-48d2-b060-d0f5a71096e0,-63
2018-06-11 13:34:19.742889,548,2,1,c1:00:dd:00:01:de,e2c56db5-dffb-48d2-b060-d0f5a71096e0,-69
2018-06-11 13:34:19.944621,549,2,1,c1:00:dd:00:01:de,e2c56db5-dffb-48d2-b060-d0f5a71096e0,-69
2018-06-11 13:34:20.151765,550,2,1,c1:00:dd:00:01:de,e2c56db5-dffb-48d2-b060-d0f5a71096e0,-74
2018-06-11 13:34:20.351648,551,2,1,c1:00:dd:00:01:de,e2c56db5-dffb-48d2-b060-d0f5a71096e0,-77
2018-06-11 13:34:20.564392,552,2,1,c1:00:dd:00:01:de,e2c56db5-dffb-48d2-b060-d0f5a71096e0,-76
2018-06-11 13:34:20.771092,553,2,1,c1:00:dd:00:01:de,e2c56db5-dffb-48d2-b060-d0f5a71096e0,-76
2018-06-11 13:34:21.179378,554,2,1,c1:00:dd:00:01:de,e2c56db5-dffb-48d2-b060-d0f5a71096e0,-69
2018-06-11 13:34:21.596849,555,2,1,c1:00:dd:00:01:de,e2c56db5-dffb-48d2-b060-d0f5a71096e0,-69
2018-06-11 13:34:21.800133,556,2,1,c1:00:dd:00:01:de,e2c56db5-dffb-48d2-b060-d0f5a71096e0,-74
2018-06-11 13:34:22.208369,557,2,1,c1:00:dd:00:01:de,e2c56db5-dffb-48d2-b060-d0f5a71096e0,-77
2018-06-11 13:34:22.412335,558,2,1,c1:00:dd:00:01:de,e2c56db5-dffb-48d2-b060-d0f5a71096e0,-69
2018-06-11 13:34:22.618408,559,2,1,c1:00:dd:00:01:de,e2c56db5-dffb-48d2-b060-d0f5a71096e0,-70
2018-06-11 13:34:22.816669,560,2,1,c1:00:dd:00:01:de,e2c56db5-dffb-48d2-b060-d0f5a71096e0,-74
2018-06-11 13:34:23.024586,561,2,1,c1:00:dd:00:01:de,e2c56db5-dffb-48d2-b060-d0f5a71096e0,-60
2018-06-11 13:34:23.230127,562,2,1,c1:00:dd:00:01:de,e2c56db5-dffb-48d2-b060-d0f5a71096e0,-76
2018-06-11 13:34:23.432927,563,2,1,c1:00:dd:00:01:de,e2c56db5-dffb-48d2-b060-d0f5a71096e0,-68
2018-06-11 13:34:23.638200,564,2,1,c1:00:dd:00:01:de,e2c56db5-dffb-48d2-b060-d0f5a71096e0,-52
2018-06-11 13:34:23.840722,565,2,1,c1:00:dd:00:01:de,e2c56db5-dffb-48d2-b060-d0f5a71096e0,-76
2018-06-11 13:34:24.050446,566,2,1,c1:00:dd:00:01:de,e2c56db5-dffb-48d2-b060-d0f5a71096e0,-75
2018-06-11 13:34:24.249797,567,2,1,c1:00:dd:00:01:de,e2c56db5-dffb-48d2-b060-d0f5a71096e0,-80
2018-06-11 13:34:24.657975,568,2,1,c1:00:dd:00:01:de,e2c56db5-dffb-48d2-b060-d0f5a71096e0,-69
2018-06-11 13:34:24.859998,569,2,1,c1:00:dd:00:01:de,e2c56db5-dffb-48d2-b060-d0f5a71096e0,-76
2018-06-11 13:34:25.065154,570,2,1,c1:00:dd:00:01:de,e2c56db5-dffb-48d2-b060-d0f5a71096e0,-62
2018-06-11 13:34:25.267486,571,2,1,c1:00:dd:00:01:de,e2c56db5-dffb-48d2-b060-d0f5a71096e0,-77
2018-06-11 13:34:25.475296,572,2,1,c1:00:dd:00:01:de,e2c56db5-dffb-48d2-b060-d0f5a71096e0,-77
2018-06-11 13:34:25.682705,573,2,1,c1:00:dd:00:01:de,e2c56db5-dffb-48d2-b060-d0f5a71096e0,-68
2018-06-11 13:34:25.877949,574,2,1,c1:00:dd:00:01:de,e2c56db5-dffb-48d2-b060-d0f5a71096e0,-53
2018-06-11 13:34:26.080177,575,2,1,c1:00:dd:00:01:de,e2c56db5-dffb-48d2-b060-d0f5a71096e0,-76
2018-06-11 13:34:26.285533,576,2,1,c1:00:dd:00:01:de,e2c56db5-dffb-48d2-b060-d0f5a71096e0,-61
2018-06-11 13:34:26.502566,577,2,1,c1:00:dd:00:01:de,e2c56db5-dffb-48d2-b060-d0f5a71096e0,-73
2018-06-11 13:34:26.708533,578,2,1,c1:00:dd:00:01:de,e2c56db5-dffb-48d2-b060-d0f5a71096e0,-59
2018-06-11 13:34:26.914576,579,2,1,c1:00:dd:00:01:de,e2c56db5-dffb-48d2-b060-d0f5a71096e0,-72
2018-06-11 13:34:27.325281,580,2,1,c1:00:dd:00:01:de,e2c56db5-dffb-48d2-b060-d0f5a71096e0,-69
2018-06-11 13:34:27.525113,581,2,1,c1:00:dd:00:01:de,e2c56db5-dffb-48d2-b060-d0f5a71096e0,-75
2018-06-11 13:34:27.737183,582,2,1,c1:00:dd:00:01:de,e2c56db5-dffb-48d2-b060-d0f5a71096e0,-62
2018-06-11 13:34:27.941801,583,2,1,c1:00:dd:00:01:de,e2c56db5-dffb-48d2-b060-d0f5a71096e0,-74
2018-06-11 13:34:28.148159,584,2,1,c1:00:dd:00:01:de,e2c56db5-dffb-48d2-b060-d0f5a71096e0,-74
2018-06-11 13:34:28.357822,585,2,1,c1:00:dd:00:01:de,e2c56db5-dffb-48d2-b060-d0f5a71096e0,-76
2018-06-11 13:34:28.565484,586,2,1,c1:00:dd:00:01:de,e2c56db5-dffb-48d2-b060-d0f5a71096e0,-75
2018-06-11 13:34:28.977320,587,2,1,c1:00:dd:00:01:de,e2c56db5-dffb-48d2-b060-d0f5a71096e0,-70
2018-06-11 13:34:29.181840,588,2,1,c1:00:dd:00:01:de,e2c56db5-dffb-48d2-b060-d0f5a71096e0,-76
2018-06-11 13:34:29.390307,589,2,1,c1:00:dd:00:01:de,e2c56db5-dffb-48d2-b060-d0f5a71096e0,-76
2018-06-11 13:34:29.585840,590,2,1,c1:00:dd:00:01:de,e2c56db5-dffb-48d2-b060-d0f5a71096e0,-76
2018-06-11 13:34:29.791799,591,2,1,c1:00:dd:00:01:de,e2c56db5-dffb-48d2-b060-d0f5a71096e0,-74
2018-06-11 13:34:30.206828,592,2,1,c1:00:dd:00:01:de,e2c56db5-dffb-48d2-b060-d0f5a71096e0,-52
2018-06-11 13:34:30.418009,593,2,1,c1:00:dd:00:01:de,e2c56db5-dffb-48d2-b060-d0f5a71096e0,-70
2018-06-11 13:34:30.612765,594,2,1,c1:00:dd:00:01:de,e2c56db5-dffb-48d2-b060-d0f5a71096e0,-61
2018-06-11 13:34:30.816799,595,2,1,c1:00:dd:00:01:de,e2c56db5-dffb-48d2-b060-d0f5a71096e0,-76
2018-06-11 13:34:31.020317,596,2,1,c1:00:dd:00:01:de,e2c56db5-dffb-48d2-b060-d0f5a71096e0,-69
2018-06-11 13:34:31.219992,597,2,1,c1:00:dd:00:01:de,e2c56db5-dffb-48d2-b060-d0f5a71096e0,-75
2018-06-11 13:34:31.424291,598,2,1,c1:00:dd:00:01:de,e2c56db5-dffb-48d2-b060-d0f5a71096e0,-61
2018-06-11 13:34:31.625988,599,2,1,c1:00:dd:00:01:de,e2c56db5-dffb-48d2-b060-d0f5a71096e0,-76
2018-06-11 13:34:32.232658,600,2,1,c1:00:dd:00:01:de,e2c56db5-dffb-48d2-b060-d0f5a71096e0,-74
2018-06-11 13:34:32.441194,601,2,1,c1:00:dd:00:01:de,e2c56db5-dffb-48d2-b060-d0f5a71096e0,-59
2018-06-11 13:34:32.639073,602,2,1,c1:00:dd:00:01:de,e2c56db5-dffb-48d2-b060-d0f5a71096e0,-74
2018-06-11 13:34:33.050284,603,2,1,c1:00:dd:00:01:de,e2c56db5-dffb-48d2-b060-d0f5a71096e0,-53
2018-06-11 13:34:33.259510,604,2,1,c1:00:dd:00:01:de,e2c56db5-dffb-48d2-b060-d0f5a71096e0,-69
2018-06-11 13:34:33.468629,605,2,1,c1:00:dd:00:01:de,e2c56db5-dffb-48d2-b060-d0f5a71096e0,-73
2018-06-11 13:34:33.879237,606,2,1,c1:00:dd:00:01:de,e2c56db5-dffb-48d2-b060-d0f5a71096e0,-60
2018-06-11 13:34:34.085723,607,2,1,c1:00:dd:00:01:de,e2c56db5-dffb-48d2-b060-d0f5a71096e0,-61
2018-06-11 13:34:34.487936,608,2,1,c1:00:dd:00:01:de,e2c56db5-dffb-48d2-b060-d0f5a71096e0,-69
2018-06-11 13:34:34.895229,609,2,1,c1:00:dd:00:01:de,e2c56db5-dffb-48d2-b060-d0f5a71096e0,-76
2018-06-11 13:34:35.097577,610,2,1,c1:00:dd:00:01:de,e2c56db5-dffb-48d2-b060-d0f5a71096e0,-76
2018-06-11 13:34:35.520279,611,2,1,c1:00:dd:00:01:de,e2c56db5-dffb-48d2-b060-d0f5a71096e0,-69
2018-06-11 13:34:35.722635,612,2,1,c1:00:dd:00:01:de,e2c56db5-dffb-48d2-b060-d0f5a71096e0,-73
2018-06-11 13:34:35.928624,613,2,1,c1:00:dd:00:01:de,e2c56db5-dffb-48d2-b060-d0f5a71096e0,-74
2018-06-11 13:34:36.131714,614,2,1,c1:00:dd:00:01:de,e2c56db5-dffb-48d2-b060-d0f5a71096e0,-75
2018-06-11 13:34:36.335068,615,2,1,c1:00:dd:00:01:de,e2c56db5-dffb-48d2-b060-d0f5a71096e0,-61
2018-06-11 13:34:36.537579,616,2,1,c1:00:dd:00:01:de,e2c56db5-dffb-48d2-b060-d0f5a71096e0,-70
2018-06-11 13:34:36.744585,617,2,1,c1:00:dd:00:01:de,e2c56db5-dffb-48d2-b060-d0f5a71096e0,-68
2018-06-11 13:34:36.942073,618,2,1,c1:00:dd:00:01:de,e2c56db5-dffb-48d2-b060-d0f5a71096e0,-73
2018-06-11 13:34:37.147603,619,2,1,c1:00:dd:00:01:de,e2c56db5-dffb-48d2-b060-d0f5a71096e0,-73
2018-06-11 13:34:37.347118,620,2,1,c1:00:dd:00:01:de,e2c56db5-dffb-48d2-b060-d0f5a71096e0,-61
2018-06-11 13:34:37.558699,621,2,1,c1:00:dd:00:01:de,e2c56db5-dffb-48d2-b060-d0f5a71096e0,-68
2018-06-11 13:34:37.767211,622,2,1,c1:00:dd:00:01:de,e2c56db5-dffb-48d2-b060-d0f5a71096e0,-70
2018-06-11 13:34:37.966162,623,2,1,c1:00:dd:00:01:de,e2c56db5-dffb-48d2-b060-d0f5a71096e0,-60
2018-06-11 13:34:38.167299,624,2,1,c1:00:dd:00:01:de,e2c56db5-dffb-48d2-b060-d0f5a71096e0,-77
2018-06-11 13:34:38.372335,625,2,1,c1:00:dd:00:01:de,e2c56db5-dffb-48d2-b060-d0f5a71096e0,-69
2018-06-11 13:34:38.578745,626,2,1,c1:00:dd:00:01:de,e2c56db5-dffb-48d2-b060-d0f5a71096e0,-69
2018-06-11 13:34:38.780812,627,2,1,c1:00:dd:00:01:de,e2c56db5-dffb-48d2-b060-d0f5a71096e0,-74
2018-06-11 13:34:38.988374,628,2,1,c1:00:dd:00:01:de,e2c56db5-dffb-48d2-b060-d0f5a71096e0,-74
2018-06-11 13:34:39.197187,629,2,1,c1:00:dd:00:01:de,e2c56db5-dffb-48d2-b060-d0f5a71096e0,-72
2018-06-11 13:34:39.398229,630,2,1,c1:00:dd:00:01:de,e2c56db5-dffb-48d2-b060-d0f5a71096e0,-75
2018-06-11 13:34:39.600745,631,2,1,c1:00:dd:00:01:de,e2c56db5-dffb-48d2-b060-d0f5a71096e0,-68
2018-06-11 13:34:39.804205,632,2,1,c1:00:dd:00:01:de,e2c56db5-dffb-48d2-b060-d0f5a71096e0,-69
2018-06-11 13:34:40.005895,633,2,1,c1:00:dd:00:01:de,e2c56db5-dffb-48d2-b060-d0f5a71096e0,-75
2018-06-11 13:34:40.218946,634,2,1,c1:00:dd:00:01:de,e2c56db5-dffb-48d2-b060-d0f5a71096e0,-74
2018-06-11 13:34:40.825641,635,2,1,c1:00:dd:00:01:de,e2c56db5-dffb-48d2-b060-d0f5a71096e0,-68
2018-06-11 13:34:41.033699,636,2,1,c1:00:dd:00:01:de,e2c56db5-dffb-48d2-b060-d0f5a71096e0,-69
2018-06-11 13:34:41.234949,637,2,1,c1:00:dd:00:01:de,e2c56db5-dffb-48d2-b060-d0f5a71096e0,-73
2018-06-11 13:34:41.437145,638,2,1,c1:00:dd:00:01:de,e2c56db5-dffb-48d2-b060-d0f5a71096e0,-75
2018-06-11 13:34:41.644000,639,2,1,c1:00:dd:00:01:de,e2c56db5-dffb-48d2-b060-d0f5a71096e0,-73
2018-06-11 13:34:41.846076,640,2,1,c1:00:dd:00:01:de,e2c56db5-dffb-48d2-b060-d0f5a71096e0,-70
2018-06-11 13:34:42.057527,641,2,1,c1:00:dd:00:01:de,e2c56db5-dffb-48d2-b060-d0f5a71096e0,-53
2018-06-11 13:34:42.256975,642,2,1,c1:00:dd:00:01:de,e2c56db5-dffb-48d2-b060-d0f5a71096e0,-74
2018-06-11 13:34:42.461701,643,2,1,c1:00:dd:00:01:de,e2c56db5-dffb-48d2-b060-d0f5a71096e0,-73
2018-06-11 13:34:42.867266,644,2,1,c1:00:dd:00:01:de,e2c56db5-dffb-48d2-b060-d0f5a71096e0,-69
2018-06-11 13:34:43.069439,645,2,1,c1:00:dd:00:01:de,e2c56db5-dffb-48d2-b060-d0f5a71096e0,-75
2018-06-11 13:34:43.278389,646,2,1,c1:00:dd:00:01:de,e2c56db5-dffb-48d2-b060-d0f5a71096e0,-73
2018-06-11 13:34:43.689561,647,2,1,c1:00:dd:00:01:de,e2c56db5-dffb-48d2-b060-d0f5a71096e0,-60
2018-06-11 13:34:44.495781,648,2,1,c1:00:dd:00:01:de,e2c56db5-dffb-48d2-b060-d0f5a71096e0,-74
2018-06-11 13:34:44.700698,649,2,1,c1:00:dd:00:01:de,e2c56db5-dffb-48d2-b060-d0f5a71096e0,-73
2018-06-11 13:34:44.909918,650,2,1,c1:00:dd:00:01:de,e2c56db5-dffb-48d2-b060-d0f5a71096e0,-73
2018-06-11 13:34:45.125770,651,2,1,c1:00:dd:00:01:de,e2c56db5-dffb-48d2-b060-d0f5a71096e0,-73
2018-06-11 13:34:45.329975,652,2,1,c1:00:dd:00:01:de,e2c56db5-dffb-48d2-b060-d0f5a71096e0,-69
2018-06-11 13:34:45.529302,653,2,1,c1:00:dd:00:01:de,e2c56db5-dffb-48d2-b060-d0f5a71096e0,-59
2018-06-11 13:34:45.938291,654,2,1,c1:00:dd:00:01:de,e2c56db5-dffb-48d2-b060-d0f5a71096e0,-59
2018-06-11 13:34:46.351322,655,2,1,c1:00:dd:00:01:de,e2c56db5-dffb-48d2-b060-d0f5a71096e0,-69
2018-06-11 13:34:46.552277,656,2,1,c1:00:dd:00:01:de,e2c56db5-dffb-48d2-b060-d0f5a71096e0,-74
2018-06-11 13:34:46.759192,657,2,1,c1:00:dd:00:01:de,e2c56db5-dffb-48d2-b060-d0f5a71096e0,-59
2018-06-11 13:34:46.965661,658,2,1,c1:00:dd:00:01:de,e2c56db5-dffb-48d2-b060-d0f5a71096e0,-73
2018-06-11 13:34:47.175136,659,2,1,c1:00:dd:00:01:de,e2c56db5-dffb-48d2-b060-d0f5a71096e0,-74
2018-06-11 13:34:47.379889,660,2,1,c1:00:dd:00:01:de,e2c56db5-dffb-48d2-b060-d0f5a71096e0,-76
2018-06-11 13:34:47.589551,661,2,1,c1:00:dd:00:01:de,e2c56db5-dffb-48d2-b060-d0f5a71096e0,-73
2018-06-11 13:34:47.799338,662,2,1,c1:00:dd:00:01:de,e2c56db5-dffb-48d2-b060-d0f5a71096e0,-74
2018-06-11 13:34:48.208922,663,2,1,c1:00:dd:00:01:de,e2c56db5-dffb-48d2-b060-d0f5a71096e0,-52
2018-06-11 13:34:48.412205,664,2,1,c1:00:dd:00:01:de,e2c56db5-dffb-48d2-b060-d0f5a71096e0,-74
2018-06-11 13:34:48.618551,665,2,1,c1:00:dd:00:01:de,e2c56db5-dffb-48d2-b060-d0f5a71096e0,-73
2018-06-11 13:34:48.822100,666,2,1,c1:00:dd:00:01:de,e2c56db5-dffb-48d2-b060-d0f5a71096e0,-60
2018-06-11 13:34:49.228365,667,2,1,c1:00:dd:00:01:de,e2c56db5-dffb-48d2-b060-d0f5a71096e0,-53
2018-06-11 13:34:49.625114,668,2,1,c1:00:dd:00:01:de,e2c56db5-dffb-48d2-b060-d0f5a71096e0,-75
2018-06-11 13:34:49.829864,669,2,1,c1:00:dd:00:01:de,e2c56db5-dffb-48d2-b060-d0f5a71096e0,-74
2018-06-11 13:34:50.044499,670,2,1,c1:00:dd:00:01:de,e2c56db5-dffb-48d2-b060-d0f5a71096e0,-75
2018-06-11 13:34:50.454391,671,2,1,c1:00:dd:00:01:de,e2c56db5-dffb-48d2-b060-d0f5a71096e0,-69
2018-06-11 13:34:50.661675,672,2,1,c1:00:dd:00:01:de,e2c56db5-dffb-48d2-b060-d0f5a71096e0,-74
2018-06-11 13:34:50.865267,673,2,1,c1:00:dd:00:01:de,e2c56db5-dffb-48d2-b060-d0f5a71096e0,-74
2018-06-11 13:34:51.064902,674,2,1,c1:00:dd:00:01:de,e2c56db5-dffb-48d2-b060-d0f5a71096e0,-61
2018-06-11 13:34:51.260361,675,2,1,c1:00:dd:00:01:de,e2c56db5-dffb-48d2-b060-d0f5a71096e0,-53
2018-06-11 13:34:51.467492,676,2,1,c1:00:dd:00:01:de,e2c56db5-dffb-48d2-b060-d0f5a71096e0,-69
2018-06-11 13:34:51.667571,677,2,1,c1:00:dd:00:01:de,e2c56db5-dffb-48d2-b060-d0f5a71096e0,-70
2018-06-11 13:34:51.873284,678,2,1,c1:00:dd:00:01:de,e2c56db5-dffb-48d2-b060-d0f5a71096e0,-74
2018-06-11 13:34:52.287327,679,2,1,c1:00:dd:00:01:de,e2c56db5-dffb-48d2-b060-d0f5a71096e0,-70
2018-06-11 13:34:52.487747,680,2,1,c1:00:dd:00:01:de,e2c56db5-dffb-48d2-b060-d0f5a71096e0,-73
2018-06-11 13:34:52.692274,681,2,1,c1:00:dd:00:01:de,e2c56db5-dffb-48d2-b060-d0f5a71096e0,-76
2018-06-11 13:34:52.897753,682,2,1,c1:00:dd:00:01:de,e2c56db5-dffb-48d2-b060-d0f5a71096e0,-75
2018-06-11 13:34:53.106715,683,2,1,c1:00:dd:00:01:de,e2c56db5-dffb-48d2-b060-d0f5a71096e0,-76
2018-06-11 13:34:53.722368,684,2,1,c1:00:dd:00:01:de,e2c56db5-dffb-48d2-b060-d0f5a71096e0,-73
2018-06-11 13:34:53.922034,685,2,1,c1:00:dd:00:01:de,e2c56db5-dffb-48d2-b060-d0f5a71096e0,-75
2018-06-11 13:34:54.124141,686,2,1,c1:00:dd:00:01:de,e2c56db5-dffb-48d2-b060-d0f5a71096e0,-74
2018-06-11 13:34:54.539278,687,2,1,c1:00:dd:00:01:de,e2c56db5-dffb-48d2-b060-d0f5a71096e0,-70
2018-06-11 13:34:54.733140,688,2,1,c1:00:dd:00:01:de,e2c56db5-dffb-48d2-b060-d0f5a71096e0,-59
2018-06-11 13:34:54.940088,689,2,1,c1:00:dd:00:01:de,e2c56db5-dffb-48d2-b060-d0f5a71096e0,-73
2018-06-11 13:34:55.145352,690,2,1,c1:00:dd:00:01:de,e2c56db5-dffb-48d2-b060-d0f5a71096e0,-75
2018-06-11 13:34:55.348011,691,2,1,c1:00:dd:00:01:de,e2c56db5-dffb-48d2-b060-d0f5a71096e0,-61
2018-06-11 13:34:55.772677,692,2,1,c1:00:dd:00:01:de,e2c56db5-dffb-48d2-b060-d0f5a71096e0,-69
2018-06-11 13:34:55.971940,693,2,1,c1:00:dd:00:01:de,e2c56db5-dffb-48d2-b060-d0f5a71096e0,-74
2018-06-11 13:34:56.177154,694,2,1,c1:00:dd:00:01:de,e2c56db5-dffb-48d2-b060-d0f5a71096e0,-59
2018-06-11 13:34:56.382289,695,2,1,c1:00:dd:00:01:de,e2c56db5-dffb-48d2-b060-d0f5a71096e0,-75
2018-06-11 13:34:56.786168,696,2,1,c1:00:dd:00:01:de,e2c56db5-dffb-48d2-b060-d0f5a71096e0,-68
2018-06-11 13:34:56.994256,697,2,1,c1:00:dd:00:01:de,e2c56db5-dffb-48d2-b060-d0f5a71096e0,-68
2018-06-11 13:34:57.194061,698,2,1,c1:00:dd:00:01:de,e2c56db5-dffb-48d2-b060-d0f5a71096e0,-74
2018-06-11 13:34:57.395090,699,2,1,c1:00:dd:00:01:de,e2c56db5-dffb-48d2-b060-d0f5a71096e0,-75
2018-06-11 13:34:57.807626,700,2,1,c1:00:dd:00:01:de,e2c56db5-dffb-48d2-b060-d0f5a71096e0,-70
2018-06-11 13:34:58.011714,701,2,1,c1:00:dd:00:01:de,e2c56db5-dffb-48d2-b060-d0f5a71096e0,-74
2018-06-11 13:34:58.210934,702,2,1,c1:00:dd:00:01:de,e2c56db5-dffb-48d2-b060-d0f5a71096e0,-61
2018-06-11 13:34:58.417846,703,2,1,c1:00:dd:00:01:de,e2c56db5-dffb-48d2-b060-d0f5a71096e0,-76
2018-06-11 13:34:58.623453,704,2,1,c1:00:dd:00:01:de,e2c56db5-dffb-48d2-b060-d0f5a71096e0,-52
2018-06-11 13:34:58.828667,705,2,1,c1:00:dd:00:01:de,e2c56db5-dffb-48d2-b060-d0f5a71096e0,-68
2018-06-11 13:34:59.031255,706,2,1,c1:00:dd:00:01:de,e2c56db5-dffb-48d2-b060-d0f5a71096e0,-75
2018-06-11 13:34:59.251785,707,2,1,c1:00:dd:00:01:de,e2c56db5-dffb-48d2-b060-d0f5a71096e0,-61
2018-06-11 13:34:59.457581,708,2,1,c1:00:dd:00:01:de,e2c56db5-dffb-48d2-b060-d0f5a71096e0,-75
2018-06-11 13:34:59.648564,709,2,1,c1:00:dd:00:01:de,e2c56db5-dffb-48d2-b060-d0f5a71096e0,-75
2018-06-11 13:35:00.054927,710,2,1,c1:00:dd:00:01:de,e2c56db5-dffb-48d2-b060-d0f5a71096e0,-75
2018-06-11 13:35:00.258339,711,2,1,c1:00:dd:00:01:de,e2c56db5-dffb-48d2-b060-d0f5a71096e0,-75
2018-06-11 13:35:00.457436,712,2,1,c1:00:dd:00:01:de,e2c56db5-dffb-48d2-b060-d0f5a71096e0,-60
2018-06-11 13:35:00.661982,713,2,1,c1:00:dd:00:01:de,e2c56db5-dffb-48d2-b060-d0f5a71096e0,-74
2018-06-11 13:35:00.869040,714,2,1,c1:00:dd:00:01:de,e2c56db5-dffb-48d2-b060-d0f5a71096e0,-69
2018-06-11 13:35:01.284502,715,2,1,c1:00:dd:00:01:de,e2c56db5-dffb-48d2-b060-d0f5a71096e0,-61
2018-06-11 13:35:01.484655,716,2,1,c1:00:dd:00:01:de,e2c56db5-dffb-48d2-b060-d0f5a71096e0,-74
2018-06-11 13:35:01.691432,717,2,1,c1:00:dd:00:01:de,e2c56db5-dffb-48d2-b060-d0f5a71096e0,-74
2018-06-11 13:35:02.103869,718,2,1,c1:00:dd:00:01:de,e2c56db5-dffb-48d2-b060-d0f5a71096e0,-68
2018-06-11 13:35:02.304699,719,2,1,c1:00:dd:00:01:de,e2c56db5-dffb-48d2-b060-d0f5a71096e0,-74
2018-06-11 13:35:02.514454,720,2,1,c1:00:dd:00:01:de,e2c56db5-dffb-48d2-b060-d0f5a71096e0,-75
2018-06-11 13:35:02.722524,721,2,1,c1:00:dd:00:01:de,e2c56db5-dffb-48d2-b060-d0f5a71096e0,-75
2018-06-11 13:35:02.915606,722,2,1,c1:00:dd:00:01:de,e2c56db5-dffb-48d2-b060-d0f5a71096e0,-76
2018-06-11 13:35:03.327354,723,2,1,c1:00:dd:00:01:de,e2c56db5-dffb-48d2-b060-d0f5a71096e0,-53
2018-06-11 13:35:03.526859,724,2,1,c1:00:dd:00:01:de,e2c56db5-dffb-48d2-b060-d0f5a71096e0,-74
2018-06-11 13:35:03.941506,725,2,1,c1:00:dd:00:01:de,e2c56db5-dffb-48d2-b060-d0f5a71096e0,-75
2018-06-11 13:35:04.351773,726,2,1,c1:00:dd:00:01:de,e2c56db5-dffb-48d2-b060-d0f5a71096e0,-69
2018-06-11 13:35:04.551798,727,2,1,c1:00:dd:00:01:de,e2c56db5-dffb-48d2-b060-d0f5a71096e0,-60
2018-06-11 13:35:04.751372,728,2,1,c1:00:dd:00:01:de,e2c56db5-dffb-48d2-b060-d0f5a71096e0,-78
2018-06-11 13:35:05.577478,729,2,1,c1:00:dd:00:01:de,e2c56db5-dffb-48d2-b060-d0f5a71096e0,-76
2018-06-11 13:35:05.783942,730,2,1,c1:00:dd:00:01:de,e2c56db5-dffb-48d2-b060-d0f5a71096e0,-76
2018-06-11 13:35:05.987243,731,2,1,c1:00:dd:00:01:de,e2c56db5-dffb-48d2-b060-d0f5a71096e0,-77
2018-06-11 13:35:06.190163,732,2,1,c1:00:dd:00:01:de,e2c56db5-dffb-48d2-b060-d0f5a71096e0,-53
2018-06-11 13:35:06.399960,733,2,1,c1:00:dd:00:01:de,e2c56db5-dffb-48d2-b060-d0f5a71096e0,-69
2018-06-11 13:35:06.607078,734,2,1,c1:00:dd:00:01:de,e2c56db5-dffb-48d2-b060-d0f5a71096e0,-68
2018-06-11 13:35:06.813774,735,2,1,c1:00:dd:00:01:de,e2c56db5-dffb-48d2-b060-d0f5a71096e0,-69
2018-06-11 13:35:07.224246,736,2,1,c1:00:dd:00:01:de,e2c56db5-dffb-48d2-b060-d0f5a71096e0,-74
2018-06-11 13:35:07.637708,737,2,1,c1:00:dd:00:01:de,e2c56db5-dffb-48d2-b060-d0f5a71096e0,-76
2018-06-11 13:35:08.044370,738,2,1,c1:00:dd:00:01:de,e2c56db5-dffb-48d2-b060-d0f5a71096e0,-54
2018-06-11 13:35:08.246692,739,2,1,c1:00:dd:00:01:de,e2c56db5-dffb-48d2-b060-d0f5a71096e0,-75
2018-06-11 13:35:08.440642,740,2,1,c1:00:dd:00:01:de,e2c56db5-dffb-48d2-b060-d0f5a71096e0,-77
2018-06-11 13:35:08.650620,741,2,1,c1:00:dd:00:01:de,e2c56db5-dffb-48d2-b060-d0f5a71096e0,-78
2018-06-11 13:35:09.083347,742,2,1,c1:00:dd:00:01:de,e2c56db5-dffb-48d2-b060-d0f5a71096e0,-53
2018-06-11 13:35:09.280007,743,2,1,c1:00:dd:00:01:de,e2c56db5-dffb-48d2-b060-d0f5a71096e0,-73
2018-06-11 13:35:09.464045,744,2,1,c1:00:dd:00:01:de,e2c56db5-dffb-48d2-b060-d0f5a71096e0,-77
2018-06-11 13:35:09.666633,745,2,1,c1:00:dd:00:01:de,e2c56db5-dffb-48d2-b060-d0f5a71096e0,-66
2018-06-11 13:35:10.298605,746,2,1,c1:00:dd:00:01:de,e2c56db5-dffb-48d2-b060-d0f5a71096e0,-71
2018-06-11 13:35:10.500020,747,2,1,c1:00:dd:00:01:de,e2c56db5-dffb-48d2-b060-d0f5a71096e0,-74
2018-06-11 13:35:10.710068,748,2,1,c1:00:dd:00:01:de,e2c56db5-dffb-48d2-b060-d0f5a71096e0,-74
2018-06-11 13:35:10.909622,749,2,1,c1:00:dd:00:01:de,e2c56db5-dffb-48d2-b060-d0f5a71096e0,-77
2018-06-11 13:35:11.117067,750,2,1,c1:00:dd:00:01:de,e2c56db5-dffb-48d2-b060-d0f5a71096e0,-77
2018-06-11 13:35:11.320531,751,2,1,c1:00:dd:00:01:de,e2c56db5-dffb-48d2-b060-d0f5a71096e0,-70
2018-06-11 13:35:11.529879,752,2,1,c1:00:dd:00:01:de,e2c56db5-dffb-48d2-b060-d0f5a71096e0,-70
2018-06-11 13:35:11.734921,753,2,1,c1:00:dd:00:01:de,e2c56db5-dffb-48d2-b060-d0f5a71096e0,-70
2018-06-11 13:35:11.939497,754,2,1,c1:00:dd:00:01:de,e2c56db5-dffb-48d2-b060-d0f5a71096e0,-74
2018-06-11 13:35:12.137283,755,2,1,c1:00:dd:00:01:de,e2c56db5-dffb-48d2-b060-d0f5a71096e0,-74
2018-06-11 13:35:12.345381,756,2,1,c1:00:dd:00:01:de,e2c56db5-dffb-48d2-b060-d0f5a71096e0,-76
2018-06-11 13:35:12.541157,757,2,1,c1:00:dd:00:01:de,e2c56db5-dffb-48d2-b060-d0f5a71096e0,-70
2018-06-11 13:35:12.750493,758,2,1,c1:00:dd:00:01:de,e2c56db5-dffb-48d2-b060-d0f5a71096e0,-69
2018-06-11 13:35:12.950489,759,2,1,c1:00:dd:00:01:de,e2c56db5-dffb-48d2-b060-d0f5a71096e0,-74
2018-06-11 13:35:13.157079,760,2,1,c1:00:dd:00:01:de,e2c56db5-dffb-48d2-b060-d0f5a71096e0,-75
2018-06-11 13:35:13.363233,761,2,1,c1:00:dd:00:01:de,e2c56db5-dffb-48d2-b060-d0f5a71096e0,-69
2018-06-11 13:35:13.566572,762,2,1,c1:00:dd:00:01:de,e2c56db5-dffb-48d2-b060-d0f5a71096e0,-68
2018-06-11 13:35:13.768685,763,2,1,c1:00:dd:00:01:de,e2c56db5-dffb-48d2-b060-d0f5a71096e0,-74
2018-06-11 13:35:13.968736,764,2,1,c1:00:dd:00:01:de,e2c56db5-dffb-48d2-b060-d0f5a71096e0,-77
2018-06-11 13:35:14.176046,765,2,1,c1:00:dd:00:01:de,e2c56db5-dffb-48d2-b060-d0f5a71096e0,-74
2018-06-11 13:35:14.380534,766,2,1,c1:00:dd:00:01:de,e2c56db5-dffb-48d2-b060-d0f5a71096e0,-68
2018-06-11 13:35:14.580469,767,2,1,c1:00:dd:00:01:de,e2c56db5-dffb-48d2-b060-d0f5a71096e0,-74
2018-06-11 13:35:14.790012,768,2,1,c1:00:dd:00:01:de,e2c56db5-dffb-48d2-b060-d0f5a71096e0,-74
2018-06-11 13:35:14.990152,769,2,1,c1:00:dd:00:01:de,e2c56db5-dffb-48d2-b060-d0f5a71096e0,-74
2018-06-11 13:35:15.197323,770,2,1,c1:00:dd:00:01:de,e2c56db5-dffb-48d2-b060-d0f5a71096e0,-76
2018-06-11 13:35:16.030719,771,2,1,c1:00:dd:00:01:de,e2c56db5-dffb-48d2-b060-d0f5a71096e0,-70
2018-06-11 13:35:16.432590,772,2,1,c1:00:dd:00:01:de,e2c56db5-dffb-48d2-b060-d0f5a71096e0,-74
2018-06-11 13:35:16.632324,773,2,1,c1:00:dd:00:01:de,e2c56db5-dffb-48d2-b060-d0f5a71096e0,-75
2018-06-11 13:35:16.840993,774,2,1,c1:00:dd:00:01:de,e2c56db5-dffb-48d2-b060-d0f5a71096e0,-75
2018-06-11 13:35:17.262497,775,2,1,c1:00:dd:00:01:de,e2c56db5-dffb-48d2-b060-d0f5a71096e0,-69
2018-06-11 13:35:17.463006,776,2,1,c1:00:dd:00:01:de,e2c56db5-dffb-48d2-b060-d0f5a71096e0,-74
2018-06-11 13:35:17.667620,777,2,1,c1:00:dd:00:01:de,e2c56db5-dffb-48d2-b060-d0f5a71096e0,-58
2018-06-11 13:35:17.874270,778,2,1,c1:00:dd:00:01:de,e2c56db5-dffb-48d2-b060-d0f5a71096e0,-75
2018-06-11 13:35:18.279627,779,2,1,c1:00:dd:00:01:de,e2c56db5-dffb-48d2-b060-d0f5a71096e0,-53
2018-06-11 13:35:18.488350,780,2,1,c1:00:dd:00:01:de,e2c56db5-dffb-48d2-b060-d0f5a71096e0,-70
2018-06-11 13:35:18.694899,781,2,1,c1:00:dd:00:01:de,e2c56db5-dffb-48d2-b060-d0f5a71096e0,-74
2018-06-11 13:35:18.899113,782,2,1,c1:00:dd:00:01:de,e2c56db5-dffb-48d2-b060-d0f5a71096e0,-73
2018-06-11 13:35:19.098888,783,2,1,c1:00:dd:00:01:de,e2c56db5-dffb-48d2-b060-d0f5a71096e0,-64
2018-06-11 13:35:19.301804,784,2,1,c1:00:dd:00:01:de,e2c56db5-dffb-48d2-b060-d0f5a71096e0,-70
2018-06-11 13:35:19.510248,785,2,1,c1:00:dd:00:01:de,e2c56db5-dffb-48d2-b060-d0f5a71096e0,-70
2018-06-11 13:35:19.712472,786,2,1,c1:00:dd:00:01:de,e2c56db5-dffb-48d2-b060-d0f5a71096e0,-72
2018-06-11 13:35:20.136242,787,2,1,c1:00:dd:00:01:de,e2c56db5-dffb-48d2-b060-d0f5a71096e0,-74
2018-06-11 13:35:20.534635,788,2,1,c1:00:dd:00:01:de,e2c56db5-dffb-48d2-b060-d0f5a71096e0,-69
2018-06-11 13:35:20.936188,789,2,1,c1:00:dd:00:01:de,e2c56db5-dffb-48d2-b060-d0f5a71096e0,-76
2018-06-11 13:35:21.145904,790,2,1,c1:00:dd:00:01:de,e2c56db5-dffb-48d2-b060-d0f5a71096e0,-76
2018-06-11 13:35:21.761617,791,2,1,c1:00:dd:00:01:de,e2c56db5-dffb-48d2-b060-d0f5a71096e0,-71
2018-06-11 13:35:22.176785,792,2,1,c1:00:dd:00:01:de,e2c56db5-dffb-48d2-b060-d0f5a71096e0,-73
2018-06-11 13:35:22.384653,793,2,1,c1:00:dd:00:01:de,e2c56db5-dffb-48d2-b060-d0f5a71096e0,-72
2018-06-11 13:35:22.592266,794,2,1,c1:00:dd:00:01:de,e2c56db5-dffb-48d2-b060-d0f5a71096e0,-72
2018-06-11 13:35:22.792687,795,2,1,c1:00:dd:00:01:de,e2c56db5-dffb-48d2-b060-d0f5a71096e0,-75
2018-06-11 13:35:23.427953,796,2,1,c1:00:dd:00:01:de,e2c56db5-dffb-48d2-b060-d0f5a71096e0,-70
2018-06-11 13:35:23.630445,797,2,1,c1:00:dd:00:01:de,e2c56db5-dffb-48d2-b060-d0f5a71096e0,-69
2018-06-11 13:35:23.833307,798,2,1,c1:00:dd:00:01:de,e2c56db5-dffb-48d2-b060-d0f5a71096e0,-70
2018-06-11 13:35:24.040332,799,2,1,c1:00:dd:00:01:de,e2c56db5-dffb-48d2-b060-d0f5a71096e0,-57
2018-06-11 13:35:24.237336,800,2,1,c1:00:dd:00:01:de,e2c56db5-dffb-48d2-b060-d0f5a71096e0,-61
2018-06-11 13:35:24.443313,801,2,1,c1:00:dd:00:01:de,e2c56db5-dffb-48d2-b060-d0f5a71096e0,-74
2018-06-11 13:35:24.649679,802,2,1,c1:00:dd:00:01:de,e2c56db5-dffb-48d2-b060-d0f5a71096e0,-71
2018-06-11 13:35:24.852083,803,2,1,c1:00:dd:00:01:de,e2c56db5-dffb-48d2-b060-d0f5a71096e0,-70
2018-06-11 13:35:25.256127,804,2,1,c1:00:dd:00:01:de,e2c56db5-dffb-48d2-b060-d0f5a71096e0,-76
2018-06-11 13:35:25.462548,805,2,1,c1:00:dd:00:01:de,e2c56db5-dffb-48d2-b060-d0f5a71096e0,-61
2018-06-11 13:35:25.881995,806,2,1,c1:00:dd:00:01:de,e2c56db5-dffb-48d2-b060-d0f5a71096e0,-73
2018-06-11 13:35:26.077473,807,2,1,c1:00:dd:00:01:de,e2c56db5-dffb-48d2-b060-d0f5a71096e0,-59
2018-06-11 13:35:26.284143,808,2,1,c1:00:dd:00:01:de,e2c56db5-dffb-48d2-b060-d0f5a71096e0,-73
2018-06-11 13:35:26.491051,809,2,1,c1:00:dd:00:01:de,e2c56db5-dffb-48d2-b060-d0f5a71096e0,-76
2018-06-11 13:35:26.907495,810,2,1,c1:00:dd:00:01:de,e2c56db5-dffb-48d2-b060-d0f5a71096e0,-69
2018-06-11 13:35:27.104240,811,2,1,c1:00:dd:00:01:de,e2c56db5-dffb-48d2-b060-d0f5a71096e0,-53
2018-06-11 13:35:27.311850,812,2,1,c1:00:dd:00:01:de,e2c56db5-dffb-48d2-b060-d0f5a71096e0,-72
2018-06-11 13:35:27.506782,813,2,1,c1:00:dd:00:01:de,e2c56db5-dffb-48d2-b060-d0f5a71096e0,-75
2018-06-11 13:35:27.912975,814,2,1,c1:00:dd:00:01:de,e2c56db5-dffb-48d2-b060-d0f5a71096e0,-70
2018-06-11 13:35:28.117410,815,2,1,c1:00:dd:00:01:de,e2c56db5-dffb-48d2-b060-d0f5a71096e0,-58
2018-06-11 13:35:28.317214,816,2,1,c1:00:dd:00:01:de,e2c56db5-dffb-48d2-b060-d0f5a71096e0,-75
2018-06-11 13:35:28.525007,817,2,1,c1:00:dd:00:01:de,e2c56db5-dffb-48d2-b060-d0f5a71096e0,-61
2018-06-11 13:35:28.938673,818,2,1,c1:00:dd:00:01:de,e2c56db5-dffb-48d2-b060-d0f5a71096e0,-70
end saving
2018-06-11 13:35:29.140644,819,2,1,c1:00:dd:00:01:de,e2c56db5-dffb-48d2-b060-d0f5a71096e0,-72
2018-06-11 13:35:29.350196,820,2,1,c1:00:dd:00:01:de,e2c56db5-dffb-48d2-b060-d0f5a71096e0,-58
2018-06-11 13:35:29.556978,821,2,1,c1:00:dd:00:01:de,e2c56db5-dffb-48d2-b060-d0f5a71096e0,-72
2018-06-11 13:35:29.757189,822,2,1,c1:00:dd:00:01:de,e2c56db5-dffb-48d2-b060-d0f5a71096e0,-75
2018-06-11 13:35:29.965801,823,2,1,c1:00:dd:00:01:de,e2c56db5-dffb-48d2-b060-d0f5a71096e0,-76
2018-06-11 13:35:30.592185,824,2,1,c1:00:dd:00:01:de,e2c56db5-dffb-48d2-b060-d0f5a71096e0,-59
2018-06-11 13:35:30.788814,825,2,1,c1:00:dd:00:01:de,e2c56db5-dffb-48d2-b060-d0f5a71096e0,-72
2018-06-11 13:35:30.988922,826,2,1,c1:00:dd:00:01:de,e2c56db5-dffb-48d2-b060-d0f5a71096e0,-75
2018-06-11 13:35:31.191331,827,2,1,c1:00:dd:00:01:de,e2c56db5-dffb-48d2-b060-d0f5a71096e0,-70
2018-06-11 13:35:31.391541,828,2,1,c1:00:dd:00:01:de,e2c56db5-dffb-48d2-b060-d0f5a71096e0,-58
2018-06-11 13:35:31.600108,829,2,1,c1:00:dd:00:01:de,e2c56db5-dffb-48d2-b060-d0f5a71096e0,-73
2018-06-11 13:35:31.806765,830,2,1,c1:00:dd:00:01:de,e2c56db5-dffb-48d2-b060-d0f5a71096e0,-58
2018-06-11 13:35:32.013676,831,2,1,c1:00:dd:00:01:de,e2c56db5-dffb-48d2-b060-d0f5a71096e0,-75
2018-06-11 13:35:32.215740,832,2,1,c1:00:dd:00:01:de,e2c56db5-dffb-48d2-b060-d0f5a71096e0,-77
2018-06-11 13:35:32.420470,833,2,1,c1:00:dd:00:01:de,e2c56db5-dffb-48d2-b060-d0f5a71096e0,-53
2018-06-11 13:35:32.627086,834,2,1,c1:00:dd:00:01:de,e2c56db5-dffb-48d2-b060-d0f5a71096e0,-69
2018-06-11 13:35:32.829323,835,2,1,c1:00:dd:00:01:de,e2c56db5-dffb-48d2-b060-d0f5a71096e0,-72
2018-06-11 13:35:33.037436,836,2,1,c1:00:dd:00:01:de,e2c56db5-dffb-48d2-b060-d0f5a71096e0,-72
2018-06-11 13:35:33.246908,837,2,1,c1:00:dd:00:01:de,e2c56db5-dffb-48d2-b060-d0f5a71096e0,-72
2018-06-11 13:35:33.653520,838,2,1,c1:00:dd:00:01:de,e2c56db5-dffb-48d2-b060-d0f5a71096e0,-70
2018-06-11 13:35:33.854334,839,2,1,c1:00:dd:00:01:de,e2c56db5-dffb-48d2-b060-d0f5a71096e0,-74
2018-06-11 13:35:34.061871,840,2,1,c1:00:dd:00:01:de,e2c56db5-dffb-48d2-b060-d0f5a71096e0,-72
2018-06-11 13:35:34.272033,841,2,1,c1:00:dd:00:01:de,e2c56db5-dffb-48d2-b060-d0f5a71096e0,-74
2018-06-11 13:35:34.478384,842,2,1,c1:00:dd:00:01:de,e2c56db5-dffb-48d2-b060-d0f5a71096e0,-72
2018-06-11 13:35:34.678069,843,2,1,c1:00:dd:00:01:de,e2c56db5-dffb-48d2-b060-d0f5a71096e0,-76
2018-06-11 13:35:34.883769,844,2,1,c1:00:dd:00:01:de,e2c56db5-dffb-48d2-b060-d0f5a71096e0,-69
2018-06-11 13:35:35.075873,845,2,1,c1:00:dd:00:01:de,e2c56db5-dffb-48d2-b060-d0f5a71096e0,-72
2018-06-11 13:35:35.280037,846,2,1,c1:00:dd:00:01:de,e2c56db5-dffb-48d2-b060-d0f5a71096e0,-58
2018-06-11 13:35:35.487708,847,2,1,c1:00:dd:00:01:de,e2c56db5-dffb-48d2-b060-d0f5a71096e0,-76
2018-06-11 13:35:35.698242,848,2,1,c1:00:dd:00:01:de,e2c56db5-dffb-48d2-b060-d0f5a71096e0,-62
2018-06-11 13:35:35.912406,849,2,1,c1:00:dd:00:01:de,e2c56db5-dffb-48d2-b060-d0f5a71096e0,-78
2018-06-11 13:35:36.525620,850,2,1,c1:00:dd:00:01:de,e2c56db5-dffb-48d2-b060-d0f5a71096e0,-60
2018-06-11 13:35:36.735551,851,2,1,c1:00:dd:00:01:de,e2c56db5-dffb-48d2-b060-d0f5a71096e0,-73
2018-06-11 13:35:36.943889,852,2,1,c1:00:dd:00:01:de,e2c56db5-dffb-48d2-b060-d0f5a71096e0,-73
2018-06-11 13:35:37.144563,853,2,1,c1:00:dd:00:01:de,e2c56db5-dffb-48d2-b060-d0f5a71096e0,-75
2018-06-11 13:35:37.353040,854,2,1,c1:00:dd:00:01:de,e2c56db5-dffb-48d2-b060-d0f5a71096e0,-74
2018-06-11 13:35:37.557778,855,2,1,c1:00:dd:00:01:de,e2c56db5-dffb-48d2-b060-d0f5a71096e0,-78
2018-06-11 13:35:37.762820,856,2,1,c1:00:dd:00:01:de,e2c56db5-dffb-48d2-b060-d0f5a71096e0,-52
2018-06-11 13:35:37.969790,857,2,1,c1:00:dd:00:01:de,e2c56db5-dffb-48d2-b060-d0f5a71096e0,-68
2018-06-11 13:35:38.176254,858,2,1,c1:00:dd:00:01:de,e2c56db5-dffb-48d2-b060-d0f5a71096e0,-74
2018-06-11 13:35:38.384918,859,2,1,c1:00:dd:00:01:de,e2c56db5-dffb-48d2-b060-d0f5a71096e0,-63
2018-06-11 13:35:38.995470,860,2,1,c1:00:dd:00:01:de,e2c56db5-dffb-48d2-b060-d0f5a71096e0,-52
2018-06-11 13:35:39.205552,861,2,1,c1:00:dd:00:01:de,e2c56db5-dffb-48d2-b060-d0f5a71096e0,-70
2018-06-11 13:35:39.414697,862,2,1,c1:00:dd:00:01:de,e2c56db5-dffb-48d2-b060-d0f5a71096e0,-69
2018-06-11 13:35:39.619930,863,2,1,c1:00:dd:00:01:de,e2c56db5-dffb-48d2-b060-d0f5a71096e0,-52
2018-06-11 13:35:40.035299,864,2,1,c1:00:dd:00:01:de,e2c56db5-dffb-48d2-b060-d0f5a71096e0,-61
2018-06-11 13:35:40.427666,865,2,1,c1:00:dd:00:01:de,e2c56db5-dffb-48d2-b060-d0f5a71096e0,-52
2018-06-11 13:35:40.627999,866,2,1,c1:00:dd:00:01:de,e2c56db5-dffb-48d2-b060-d0f5a71096e0,-59
2018-06-11 13:35:40.836678,867,2,1,c1:00:dd:00:01:de,e2c56db5-dffb-48d2-b060-d0f5a71096e0,-76
2018-06-11 13:35:41.047081,868,2,1,c1:00:dd:00:01:de,e2c56db5-dffb-48d2-b060-d0f5a71096e0,-61
