2018-06-08 13:39:43.928743,2,1,ac:23:3f:24:d3:60,e2c56db5-dffb-48d2-b060-d0f5a71096e2,-41
2018-06-08 13:39:44.136780,2,2,ac:23:3f:24:d3:60,e2c56db5-dffb-48d2-b060-d0f5a71096e2,-41
2018-06-08 13:39:45.175865,2,3,ac:23:3f:24:d3:60,e2c56db5-dffb-48d2-b060-d0f5a71096e2,-45
2018-06-08 13:39:45.583818,2,4,ac:23:3f:24:d3:60,e2c56db5-dffb-48d2-b060-d0f5a71096e2,-47
2018-06-08 13:39:45.792492,2,5,ac:23:3f:24:d3:60,e2c56db5-dffb-48d2-b060-d0f5a71096e2,-48
2018-06-08 13:39:46.000690,2,6,ac:23:3f:24:d3:60,e2c56db5-dffb-48d2-b060-d0f5a71096e2,-48
2018-06-08 13:39:46.410934,2,7,ac:23:3f:24:d3:60,e2c56db5-dffb-48d2-b060-d0f5a71096e2,-44
2018-06-08 13:39:46.608413,2,8,ac:23:3f:24:d3:60,e2c56db5-dffb-48d2-b060-d0f5a71096e2,-45
2018-06-08 13:39:46.816928,2,9,ac:23:3f:24:d3:60,e2c56db5-dffb-48d2-b060-d0f5a71096e2,-45
2018-06-08 13:39:47.017895,2,10,ac:23:3f:24:d3:60,e2c56db5-dffb-48d2-b060-d0f5a71096e2,-33
2018-06-08 13:39:47.232189,2,11,ac:23:3f:24:d3:60,e2c56db5-dffb-48d2-b060-d0f5a71096e2,-47
2018-06-08 13:39:47.646408,2,12,ac:23:3f:24:d3:60,e2c56db5-dffb-48d2-b060-d0f5a71096e2,-27
2018-06-08 13:39:47.855966,2,13,ac:23:3f:24:d3:60,e2c56db5-dffb-48d2-b060-d0f5a71096e2,-44
2018-06-08 13:39:48.061468,2,14,ac:23:3f:24:d3:60,e2c56db5-dffb-48d2-b060-d0f5a71096e2,-45
2018-06-08 13:39:48.260756,2,15,ac:23:3f:24:d3:60,e2c56db5-dffb-48d2-b060-d0f5a71096e2,-40
2018-06-08 13:39:48.467328,2,16,ac:23:3f:24:d3:60,e2c56db5-dffb-48d2-b060-d0f5a71096e2,-47
2018-06-08 13:39:48.669172,2,17,ac:23:3f:24:d3:60,e2c56db5-dffb-48d2-b060-d0f5a71096e2,-48
2018-06-08 13:39:48.873145,2,18,ac:23:3f:24:d3:60,e2c56db5-dffb-48d2-b060-d0f5a71096e2,-45
2018-06-08 13:39:49.069387,2,19,ac:23:3f:24:d3:60,e2c56db5-dffb-48d2-b060-d0f5a71096e2,-45
2018-06-08 13:39:49.269802,2,20,ac:23:3f:24:d3:60,e2c56db5-dffb-48d2-b060-d0f5a71096e2,-47
2018-06-08 13:39:49.475026,2,21,ac:23:3f:24:d3:60,e2c56db5-dffb-48d2-b060-d0f5a71096e2,-47
2018-06-08 13:39:49.897680,2,22,ac:23:3f:24:d3:60,e2c56db5-dffb-48d2-b060-d0f5a71096e2,-27
2018-06-08 13:39:50.097267,2,23,ac:23:3f:24:d3:60,e2c56db5-dffb-48d2-b060-d0f5a71096e2,-45
2018-06-08 13:39:50.298981,2,24,ac:23:3f:24:d3:60,e2c56db5-dffb-48d2-b060-d0f5a71096e2,-45
2018-06-08 13:39:50.708926,2,25,ac:23:3f:24:d3:60,e2c56db5-dffb-48d2-b060-d0f5a71096e2,-47
2018-06-08 13:39:50.920068,2,26,ac:23:3f:24:d3:60,e2c56db5-dffb-48d2-b060-d0f5a71096e2,-46
2018-06-08 13:39:51.129516,2,27,ac:23:3f:24:d3:60,e2c56db5-dffb-48d2-b060-d0f5a71096e2,-45
2018-06-08 13:39:51.325586,2,28,ac:23:3f:24:d3:60,e2c56db5-dffb-48d2-b060-d0f5a71096e2,-45
2018-06-08 13:39:51.531317,2,29,ac:23:3f:24:d3:60,e2c56db5-dffb-48d2-b060-d0f5a71096e2,-45
2018-06-08 13:39:51.741457,2,30,ac:23:3f:24:d3:60,e2c56db5-dffb-48d2-b060-d0f5a71096e2,-45
2018-06-08 13:39:52.771776,2,31,ac:23:3f:24:d3:60,e2c56db5-dffb-48d2-b060-d0f5a71096e2,-44
2018-06-08 13:39:52.970837,2,32,ac:23:3f:24:d3:60,e2c56db5-dffb-48d2-b060-d0f5a71096e2,-45
2018-06-08 13:39:53.175679,2,33,ac:23:3f:24:d3:60,e2c56db5-dffb-48d2-b060-d0f5a71096e2,-47
2018-06-08 13:39:53.584438,2,34,ac:23:3f:24:d3:60,e2c56db5-dffb-48d2-b060-d0f5a71096e2,-44
2018-06-08 13:39:53.785836,2,35,ac:23:3f:24:d3:60,e2c56db5-dffb-48d2-b060-d0f5a71096e2,-45
2018-06-08 13:39:53.985839,2,36,ac:23:3f:24:d3:60,e2c56db5-dffb-48d2-b060-d0f5a71096e2,-47
2018-06-08 13:39:54.191425,2,37,ac:23:3f:24:d3:60,e2c56db5-dffb-48d2-b060-d0f5a71096e2,-34
2018-06-08 13:39:54.599994,2,38,ac:23:3f:24:d3:60,e2c56db5-dffb-48d2-b060-d0f5a71096e2,-28
2018-06-08 13:39:54.801406,2,39,ac:23:3f:24:d3:60,e2c56db5-dffb-48d2-b060-d0f5a71096e2,-45
2018-06-08 13:39:55.218313,2,40,ac:23:3f:24:d3:60,e2c56db5-dffb-48d2-b060-d0f5a71096e2,-47
2018-06-08 13:39:55.421529,2,41,ac:23:3f:24:d3:60,e2c56db5-dffb-48d2-b060-d0f5a71096e2,-41
2018-06-08 13:39:55.625001,2,42,ac:23:3f:24:d3:60,e2c56db5-dffb-48d2-b060-d0f5a71096e2,-44
2018-06-08 13:39:55.825039,2,43,ac:23:3f:24:d3:60,e2c56db5-dffb-48d2-b060-d0f5a71096e2,-28
2018-06-08 13:39:56.027969,2,44,ac:23:3f:24:d3:60,e2c56db5-dffb-48d2-b060-d0f5a71096e2,-45
2018-06-08 13:39:56.227752,2,45,ac:23:3f:24:d3:60,e2c56db5-dffb-48d2-b060-d0f5a71096e2,-47
2018-06-08 13:39:56.430928,2,46,ac:23:3f:24:d3:60,e2c56db5-dffb-48d2-b060-d0f5a71096e2,-45
2018-06-08 13:39:56.637803,2,47,ac:23:3f:24:d3:60,e2c56db5-dffb-48d2-b060-d0f5a71096e2,-45
2018-06-08 13:39:56.846318,2,48,ac:23:3f:24:d3:60,e2c56db5-dffb-48d2-b060-d0f5a71096e2,-45
2018-06-08 13:39:57.042876,2,49,ac:23:3f:24:d3:60,e2c56db5-dffb-48d2-b060-d0f5a71096e2,-47
2018-06-08 13:39:57.248339,2,50,ac:23:3f:24:d3:60,e2c56db5-dffb-48d2-b060-d0f5a71096e2,-44
2018-06-08 13:39:57.452885,2,51,ac:23:3f:24:d3:60,e2c56db5-dffb-48d2-b060-d0f5a71096e2,-44
2018-06-08 13:39:57.654143,2,52,ac:23:3f:24:d3:60,e2c56db5-dffb-48d2-b060-d0f5a71096e2,-27
2018-06-08 13:39:58.061589,2,53,ac:23:3f:24:d3:60,e2c56db5-dffb-48d2-b060-d0f5a71096e2,-45
2018-06-08 13:39:58.271895,2,54,ac:23:3f:24:d3:60,e2c56db5-dffb-48d2-b060-d0f5a71096e2,-36
2018-06-08 13:39:58.679660,2,55,ac:23:3f:24:d3:60,e2c56db5-dffb-48d2-b060-d0f5a71096e2,-40
2018-06-08 13:39:58.885686,2,56,ac:23:3f:24:d3:60,e2c56db5-dffb-48d2-b060-d0f5a71096e2,-45
2018-06-08 13:39:59.094889,2,57,ac:23:3f:24:d3:60,e2c56db5-dffb-48d2-b060-d0f5a71096e2,-45
2018-06-08 13:39:59.298017,2,58,ac:23:3f:24:d3:60,e2c56db5-dffb-48d2-b060-d0f5a71096e2,-47
2018-06-08 13:39:59.496712,2,59,ac:23:3f:24:d3:60,e2c56db5-dffb-48d2-b060-d0f5a71096e2,-41
2018-06-08 13:39:59.910114,2,60,ac:23:3f:24:d3:60,e2c56db5-dffb-48d2-b060-d0f5a71096e2,-44
2018-06-08 13:40:00.115870,2,61,ac:23:3f:24:d3:60,e2c56db5-dffb-48d2-b060-d0f5a71096e2,-45
2018-06-08 13:40:00.332043,2,62,ac:23:3f:24:d3:60,e2c56db5-dffb-48d2-b060-d0f5a71096e2,-42
2018-06-08 13:40:00.538916,2,63,ac:23:3f:24:d3:60,e2c56db5-dffb-48d2-b060-d0f5a71096e2,-45
2018-06-08 13:40:00.748462,2,64,ac:23:3f:24:d3:60,e2c56db5-dffb-48d2-b060-d0f5a71096e2,-45
2018-06-08 13:40:00.955135,2,65,ac:23:3f:24:d3:60,e2c56db5-dffb-48d2-b060-d0f5a71096e2,-45
2018-06-08 13:40:01.159500,2,66,ac:23:3f:24:d3:60,e2c56db5-dffb-48d2-b060-d0f5a71096e2,-41
2018-06-08 13:40:01.569333,2,67,ac:23:3f:24:d3:60,e2c56db5-dffb-48d2-b060-d0f5a71096e2,-27
2018-06-08 13:40:01.769213,2,68,ac:23:3f:24:d3:60,e2c56db5-dffb-48d2-b060-d0f5a71096e2,-45
2018-06-08 13:40:01.975355,2,69,ac:23:3f:24:d3:60,e2c56db5-dffb-48d2-b060-d0f5a71096e2,-45
2018-06-08 13:40:02.384987,2,70,ac:23:3f:24:d3:60,e2c56db5-dffb-48d2-b060-d0f5a71096e2,-47
2018-06-08 13:40:02.590104,2,71,ac:23:3f:24:d3:60,e2c56db5-dffb-48d2-b060-d0f5a71096e2,-44
2018-06-08 13:40:02.793181,2,72,ac:23:3f:24:d3:60,e2c56db5-dffb-48d2-b060-d0f5a71096e2,-44
2018-06-08 13:40:02.998028,2,73,ac:23:3f:24:d3:60,e2c56db5-dffb-48d2-b060-d0f5a71096e2,-45
2018-06-08 13:40:03.202943,2,74,ac:23:3f:24:d3:60,e2c56db5-dffb-48d2-b060-d0f5a71096e2,-45
2018-06-08 13:40:03.613865,2,75,ac:23:3f:24:d3:60,e2c56db5-dffb-48d2-b060-d0f5a71096e2,-48
2018-06-08 13:40:03.817222,2,76,ac:23:3f:24:d3:60,e2c56db5-dffb-48d2-b060-d0f5a71096e2,-27
2018-06-08 13:40:04.025442,2,77,ac:23:3f:24:d3:60,e2c56db5-dffb-48d2-b060-d0f5a71096e2,-27
2018-06-08 13:40:04.233574,2,78,ac:23:3f:24:d3:60,e2c56db5-dffb-48d2-b060-d0f5a71096e2,-27
2018-06-08 13:40:04.442605,2,79,ac:23:3f:24:d3:60,e2c56db5-dffb-48d2-b060-d0f5a71096e2,-43
2018-06-08 13:40:04.644169,2,80,ac:23:3f:24:d3:60,e2c56db5-dffb-48d2-b060-d0f5a71096e2,-29
2018-06-08 13:40:04.849162,2,81,ac:23:3f:24:d3:60,e2c56db5-dffb-48d2-b060-d0f5a71096e2,-47
2018-06-08 13:40:05.258614,2,82,ac:23:3f:24:d3:60,e2c56db5-dffb-48d2-b060-d0f5a71096e2,-45
2018-06-08 13:40:05.460712,2,83,ac:23:3f:24:d3:60,e2c56db5-dffb-48d2-b060-d0f5a71096e2,-45
2018-06-08 13:40:05.656181,2,84,ac:23:3f:24:d3:60,e2c56db5-dffb-48d2-b060-d0f5a71096e2,-45
2018-06-08 13:40:06.270009,2,85,ac:23:3f:24:d3:60,e2c56db5-dffb-48d2-b060-d0f5a71096e2,-44
2018-06-08 13:40:06.484690,2,86,ac:23:3f:24:d3:60,e2c56db5-dffb-48d2-b060-d0f5a71096e2,-44
2018-06-08 13:40:06.684142,2,87,ac:23:3f:24:d3:60,e2c56db5-dffb-48d2-b060-d0f5a71096e2,-45
2018-06-08 13:40:06.893008,2,88,ac:23:3f:24:d3:60,e2c56db5-dffb-48d2-b060-d0f5a71096e2,-45
2018-06-08 13:40:07.102232,2,89,ac:23:3f:24:d3:60,e2c56db5-dffb-48d2-b060-d0f5a71096e2,-34
2018-06-08 13:40:07.304474,2,90,ac:23:3f:24:d3:60,e2c56db5-dffb-48d2-b060-d0f5a71096e2,-31
2018-06-08 13:40:07.511870,2,91,ac:23:3f:24:d3:60,e2c56db5-dffb-48d2-b060-d0f5a71096e2,-47
2018-06-08 13:40:07.722009,2,92,ac:23:3f:24:d3:60,e2c56db5-dffb-48d2-b060-d0f5a71096e2,-47
2018-06-08 13:40:07.925264,2,93,ac:23:3f:24:d3:60,e2c56db5-dffb-48d2-b060-d0f5a71096e2,-44
2018-06-08 13:40:08.340040,2,94,ac:23:3f:24:d3:60,e2c56db5-dffb-48d2-b060-d0f5a71096e2,-31
2018-06-08 13:40:08.539326,2,95,ac:23:3f:24:d3:60,e2c56db5-dffb-48d2-b060-d0f5a71096e2,-37
2018-06-08 13:40:08.749908,2,96,ac:23:3f:24:d3:60,e2c56db5-dffb-48d2-b060-d0f5a71096e2,-47
2018-06-08 13:40:08.949309,2,97,ac:23:3f:24:d3:60,e2c56db5-dffb-48d2-b060-d0f5a71096e2,-28
2018-06-08 13:40:09.154033,2,98,ac:23:3f:24:d3:60,e2c56db5-dffb-48d2-b060-d0f5a71096e2,-27
2018-06-08 13:40:09.355678,2,99,ac:23:3f:24:d3:60,e2c56db5-dffb-48d2-b060-d0f5a71096e2,-45
2018-06-08 13:40:09.558784,2,100,ac:23:3f:24:d3:60,e2c56db5-dffb-48d2-b060-d0f5a71096e2,-41
2018-06-08 13:40:09.964167,2,101,ac:23:3f:24:d3:60,e2c56db5-dffb-48d2-b060-d0f5a71096e2,-28
2018-06-08 13:40:10.983950,2,102,ac:23:3f:24:d3:60,e2c56db5-dffb-48d2-b060-d0f5a71096e2,-44
2018-06-08 13:40:11.395267,2,103,ac:23:3f:24:d3:60,e2c56db5-dffb-48d2-b060-d0f5a71096e2,-45
2018-06-08 13:40:11.601431,2,104,ac:23:3f:24:d3:60,e2c56db5-dffb-48d2-b060-d0f5a71096e2,-47
2018-06-08 13:40:12.204449,2,105,ac:23:3f:24:d3:60,e2c56db5-dffb-48d2-b060-d0f5a71096e2,-45
2018-06-08 13:40:12.404727,2,106,ac:23:3f:24:d3:60,e2c56db5-dffb-48d2-b060-d0f5a71096e2,-47
2018-06-08 13:40:12.607769,2,107,ac:23:3f:24:d3:60,e2c56db5-dffb-48d2-b060-d0f5a71096e2,-48
2018-06-08 13:40:13.022471,2,108,ac:23:3f:24:d3:60,e2c56db5-dffb-48d2-b060-d0f5a71096e2,-45
2018-06-08 13:40:13.229511,2,109,ac:23:3f:24:d3:60,e2c56db5-dffb-48d2-b060-d0f5a71096e2,-45
2018-06-08 13:40:13.436135,2,110,ac:23:3f:24:d3:60,e2c56db5-dffb-48d2-b060-d0f5a71096e2,-45
2018-06-08 13:40:13.637239,2,111,ac:23:3f:24:d3:60,e2c56db5-dffb-48d2-b060-d0f5a71096e2,-47
2018-06-08 13:40:14.453729,2,112,ac:23:3f:24:d3:60,e2c56db5-dffb-48d2-b060-d0f5a71096e2,-47
2018-06-08 13:40:14.662020,2,113,ac:23:3f:24:d3:60,e2c56db5-dffb-48d2-b060-d0f5a71096e2,-48
2018-06-08 13:40:14.869193,2,114,ac:23:3f:24:d3:60,e2c56db5-dffb-48d2-b060-d0f5a71096e2,-47
2018-06-08 13:40:15.076552,2,115,ac:23:3f:24:d3:60,e2c56db5-dffb-48d2-b060-d0f5a71096e2,-47
2018-06-08 13:40:15.278196,2,116,ac:23:3f:24:d3:60,e2c56db5-dffb-48d2-b060-d0f5a71096e2,-45
2018-06-08 13:40:15.483595,2,117,ac:23:3f:24:d3:60,e2c56db5-dffb-48d2-b060-d0f5a71096e2,-39
2018-06-08 13:40:15.687134,2,118,ac:23:3f:24:d3:60,e2c56db5-dffb-48d2-b060-d0f5a71096e2,-25
2018-06-08 13:40:15.890322,2,119,ac:23:3f:24:d3:60,e2c56db5-dffb-48d2-b060-d0f5a71096e2,-47
2018-06-08 13:40:16.100149,2,120,ac:23:3f:24:d3:60,e2c56db5-dffb-48d2-b060-d0f5a71096e2,-41
2018-06-08 13:40:16.305742,2,121,ac:23:3f:24:d3:60,e2c56db5-dffb-48d2-b060-d0f5a71096e2,-46
Label 1: label
2018-06-08 13:40:16.516289,2,122,ac:23:3f:24:d3:60,e2c56db5-dffb-48d2-b060-d0f5a71096e2,-44
2018-06-08 13:40:16.718653,2,123,ac:23:3f:24:d3:60,e2c56db5-dffb-48d2-b060-d0f5a71096e2,-44
2018-06-08 13:40:16.927946,2,124,ac:23:3f:24:d3:60,e2c56db5-dffb-48d2-b060-d0f5a71096e2,-45
Label 2: label
2018-06-08 13:40:17.133958,2,125,ac:23:3f:24:d3:60,e2c56db5-dffb-48d2-b060-d0f5a71096e2,-45
2018-06-08 13:40:17.148752,2,126,ac:23:3f:24:d3:60,e2c56db5-dffb-48d2-b060-d0f5a71096e2,-44
2018-06-08 13:40:17.541489,2,127,ac:23:3f:24:d3:60,e2c56db5-dffb-48d2-b060-d0f5a71096e2,-31
2018-06-08 13:40:17.948317,2,128,ac:23:3f:24:d3:60,e2c56db5-dffb-48d2-b060-d0f5a71096e2,-44
2018-06-08 13:40:18.156829,2,129,ac:23:3f:24:d3:60,e2c56db5-dffb-48d2-b060-d0f5a71096e2,-44
2018-06-08 13:40:18.356802,2,130,ac:23:3f:24:d3:60,e2c56db5-dffb-48d2-b060-d0f5a71096e2,-45
2018-06-08 13:40:18.564145,2,131,ac:23:3f:24:d3:60,e2c56db5-dffb-48d2-b060-d0f5a71096e2,-45
2018-06-08 13:40:18.766863,2,132,ac:23:3f:24:d3:60,e2c56db5-dffb-48d2-b060-d0f5a71096e2,-47
2018-06-08 13:40:18.981179,2,133,ac:23:3f:24:d3:60,e2c56db5-dffb-48d2-b060-d0f5a71096e2,-47
2018-06-08 13:40:19.591602,2,134,ac:23:3f:24:d3:60,e2c56db5-dffb-48d2-b060-d0f5a71096e2,-45
2018-06-08 13:40:19.791570,2,135,ac:23:3f:24:d3:60,e2c56db5-dffb-48d2-b060-d0f5a71096e2,-31
2018-06-08 13:40:20.201181,2,136,ac:23:3f:24:d3:60,e2c56db5-dffb-48d2-b060-d0f5a71096e2,-44
2018-06-08 13:40:20.608762,2,137,ac:23:3f:24:d3:60,e2c56db5-dffb-48d2-b060-d0f5a71096e2,-29
2018-06-08 13:40:20.812523,2,138,ac:23:3f:24:d3:60,e2c56db5-dffb-48d2-b060-d0f5a71096e2,-47
2018-06-08 13:40:21.223515,2,139,ac:23:3f:24:d3:60,e2c56db5-dffb-48d2-b060-d0f5a71096e2,-28
2018-06-08 13:40:21.428248,2,140,ac:23:3f:24:d3:60,e2c56db5-dffb-48d2-b060-d0f5a71096e2,-45
2018-06-08 13:40:21.625521,2,141,ac:23:3f:24:d3:60,e2c56db5-dffb-48d2-b060-d0f5a71096e2,-402018-06-08 13:40:21.831865,2,142,ac:23:3f:24:d3:60,e2c56db5-dffb-48d2-b060-d0f5a71096e2,-45
2018-06-08 13:40:22.036369,2,143,ac:23:3f:24:d3:60,e2c56db5-dffb-48d2-b060-d0f5a71096e2,-42
2018-06-08 13:40:22.251699,2,144,ac:23:3f:24:d3:60,e2c56db5-dffb-48d2-b060-d0f5a71096e2,-47
2018-06-08 13:40:22.654315,2,145,ac:23:3f:24:d3:60,e2c56db5-dffb-48d2-b060-d0f5a71096e2,-45
2018-06-08 13:40:22.853987,2,146,ac:23:3f:24:d3:60,e2c56db5-dffb-48d2-b060-d0f5a71096e2,-32
2018-06-08 13:40:23.061723,2,147,ac:23:3f:24:d3:60,e2c56db5-dffb-48d2-b060-d0f5a71096e2,-47
2018-06-08 13:40:23.682595,2,148,ac:23:3f:24:d3:60,e2c56db5-dffb-48d2-b060-d0f5a71096e2,-45
2018-06-08 13:40:23.882632,2,149,ac:23:3f:24:d3:60,e2c56db5-dffb-48d2-b060-d0f5a71096e2,-29
2018-06-08 13:40:24.082263,2,150,ac:23:3f:24:d3:60,e2c56db5-dffb-48d2-b060-d0f5a71096e2,-33
2018-06-08 13:40:24.288719,2,151,ac:23:3f:24:d3:60,e2c56db5-dffb-48d2-b060-d0f5a71096e2,-47
2018-06-08 13:40:24.491957,2,152,ac:23:3f:24:d3:60,e2c56db5-dffb-48d2-b060-d0f5a71096e2,-28
2018-06-08 13:40:24.711238,2,153,ac:23:3f:24:d3:60,e2c56db5-dffb-48d2-b060-d0f5a71096e2,-44
2018-06-08 13:40:25.117461,2,154,ac:23:3f:24:d3:60,e2c56db5-dffb-48d2-b060-d0f5a71096e2,-35
2018-06-08 13:40:25.308348,2,155,ac:23:3f:24:d3:60,e2c56db5-dffb-48d2-b060-d0f5a71096e2,-47
2018-06-08 13:40:25.528564,2,156,ac:23:3f:24:d3:60,e2c56db5-dffb-48d2-b060-d0f5a71096e2,-47
2018-06-08 13:40:25.928378,2,157,ac:23:3f:24:d3:60,e2c56db5-dffb-48d2-b060-d0f5a71096e2,-44
2018-06-08 13:40:26.132606,2,158,ac:23:3f:24:d3:60,e2c56db5-dffb-48d2-b060-d0f5a71096e2,-45
2018-06-08 13:40:26.337095,2,159,ac:23:3f:24:d3:60,e2c56db5-dffb-48d2-b060-d0f5a71096e2,-45
2018-06-08 13:40:26.538084,2,160,ac:23:3f:24:d3:60,e2c56db5-dffb-48d2-b060-d0f5a71096e2,-47
2018-06-08 13:40:26.741966,2,161,ac:23:3f:24:d3:60,e2c56db5-dffb-48d2-b060-d0f5a71096e2,-27
2018-06-08 13:40:26.944196,2,162,ac:23:3f:24:d3:60,e2c56db5-dffb-48d2-b060-d0f5a71096e2,-41
2018-06-08 13:40:27.144924,2,163,ac:23:3f:24:d3:60,e2c56db5-dffb-48d2-b060-d0f5a71096e2,-45
2018-06-08 13:40:27.353987,2,164,ac:23:3f:24:d3:60,e2c56db5-dffb-48d2-b060-d0f5a71096e2,-45
2018-06-08 13:40:27.555594,2,165,ac:23:3f:24:d3:60,e2c56db5-dffb-48d2-b060-d0f5a71096e2,-47
2018-06-08 13:40:27.968103,2,166,ac:23:3f:24:d3:60,e2c56db5-dffb-48d2-b060-d0f5a71096e2,-27
2018-06-08 13:40:28.172144,2,167,ac:23:3f:24:d3:60,e2c56db5-dffb-48d2-b060-d0f5a71096e2,-45
2018-06-08 13:40:28.378226,2,168,ac:23:3f:24:d3:60,e2c56db5-dffb-48d2-b060-d0f5a71096e2,-48
2018-06-08 13:40:28.582432,2,169,ac:23:3f:24:d3:60,e2c56db5-dffb-48d2-b060-d0f5a71096e2,-47
2018-06-08 13:40:28.787671,2,170,ac:23:3f:24:d3:60,e2c56db5-dffb-48d2-b060-d0f5a71096e2,-47
2018-06-08 13:40:29.201621,2,171,ac:23:3f:24:d3:60,e2c56db5-dffb-48d2-b060-d0f5a71096e2,-44
2018-06-08 13:40:29.400729,2,172,ac:23:3f:24:d3:60,e2c56db5-dffb-48d2-b060-d0f5a71096e2,-35
2018-06-08 13:40:29.604025,2,173,ac:23:3f:24:d3:60,e2c56db5-dffb-48d2-b060-d0f5a71096e2,-47
2018-06-08 13:40:30.012754,2,174,ac:23:3f:24:d3:60,e2c56db5-dffb-48d2-b060-d0f5a71096e2,-45
2018-06-08 13:40:30.215378,2,175,ac:23:3f:24:d3:60,e2c56db5-dffb-48d2-b060-d0f5a71096e2,-45
2018-06-08 13:40:30.422488,2,176,ac:23:3f:24:d3:60,e2c56db5-dffb-48d2-b060-d0f5a71096e2,-45
2018-06-08 13:40:30.823738,2,177,ac:23:3f:24:d3:60,e2c56db5-dffb-48d2-b060-d0f5a71096e2,-47
2018-06-08 13:40:31.240530,2,178,ac:23:3f:24:d3:60,e2c56db5-dffb-48d2-b060-d0f5a71096e2,-44
2018-06-08 13:40:31.639132,2,179,ac:23:3f:24:d3:60,e2c56db5-dffb-48d2-b060-d0f5a71096e2,-46
2018-06-08 13:40:31.843856,2,180,ac:23:3f:24:d3:60,e2c56db5-dffb-48d2-b060-d0f5a71096e2,-45
2018-06-08 13:40:32.053430,2,181,ac:23:3f:24:d3:60,e2c56db5-dffb-48d2-b060-d0f5a71096e2,-44
2018-06-08 13:40:32.253209,2,182,ac:23:3f:24:d3:60,e2c56db5-dffb-48d2-b060-d0f5a71096e2,-45
2018-06-08 13:40:32.454376,2,183,ac:23:3f:24:d3:60,e2c56db5-dffb-48d2-b060-d0f5a71096e2,-41
2018-06-08 13:40:32.669117,2,184,ac:23:3f:24:d3:60,e2c56db5-dffb-48d2-b060-d0f5a71096e2,-47
2018-06-08 13:40:32.870616,2,185,ac:23:3f:24:d3:60,e2c56db5-dffb-48d2-b060-d0f5a71096e2,-36
2018-06-08 13:40:33.087957,2,186,ac:23:3f:24:d3:60,e2c56db5-dffb-48d2-b060-d0f5a71096e2,-45
2018-06-08 13:40:33.289410,2,187,ac:23:3f:24:d3:60,e2c56db5-dffb-48d2-b060-d0f5a71096e2,-45
2018-06-08 13:40:33.479388,2,188,ac:23:3f:24:d3:60,e2c56db5-dffb-48d2-b060-d0f5a71096e2,-45
2018-06-08 13:40:33.685369,2,189,ac:23:3f:24:d3:60,e2c56db5-dffb-48d2-b060-d0f5a71096e2,-45
2018-06-08 13:40:33.887985,2,190,ac:23:3f:24:d3:60,e2c56db5-dffb-48d2-b060-d0f5a71096e2,-47
2018-06-08 13:40:34.322241,2,191,ac:23:3f:24:d3:60,e2c56db5-dffb-48d2-b060-d0f5a71096e2,-44
2018-06-08 13:40:34.502817,2,192,ac:23:3f:24:d3:60,e2c56db5-dffb-48d2-b060-d0f5a71096e2,-45
2018-06-08 13:40:34.720926,2,193,ac:23:3f:24:d3:60,e2c56db5-dffb-48d2-b060-d0f5a71096e2,-34
2018-06-08 13:40:35.126876,2,194,ac:23:3f:24:d3:60,e2c56db5-dffb-48d2-b060-d0f5a71096e2,-48
2018-06-08 13:40:35.323352,2,195,ac:23:3f:24:d3:60,e2c56db5-dffb-48d2-b060-d0f5a71096e2,-44
2018-06-08 13:40:35.533160,2,196,ac:23:3f:24:d3:60,e2c56db5-dffb-48d2-b060-d0f5a71096e2,-44
2018-06-08 13:40:36.149279,2,197,ac:23:3f:24:d3:60,e2c56db5-dffb-48d2-b060-d0f5a71096e2,-34
2018-06-08 13:40:36.568929,2,198,ac:23:3f:24:d3:60,e2c56db5-dffb-48d2-b060-d0f5a71096e2,-31
2018-06-08 13:40:36.975100,2,199,ac:23:3f:24:d3:60,e2c56db5-dffb-48d2-b060-d0f5a71096e2,-27
2018-06-08 13:40:37.175132,2,200,ac:23:3f:24:d3:60,e2c56db5-dffb-48d2-b060-d0f5a71096e2,-45
2018-06-08 13:40:37.375099,2,201,ac:23:3f:24:d3:60,e2c56db5-dffb-48d2-b060-d0f5a71096e2,-31
2018-06-08 13:40:37.579693,2,202,ac:23:3f:24:d3:60,e2c56db5-dffb-48d2-b060-d0f5a71096e2,-47
2018-06-08 13:40:37.783823,2,203,ac:23:3f:24:d3:60,e2c56db5-dffb-48d2-b060-d0f5a71096e2,-27
2018-06-08 13:40:38.003956,2,204,ac:23:3f:24:d3:60,e2c56db5-dffb-48d2-b060-d0f5a71096e2,-44
2018-06-08 13:40:38.188656,2,205,ac:23:3f:24:d3:60,e2c56db5-dffb-48d2-b060-d0f5a71096e2,-45
2018-06-08 13:40:38.395778,2,206,ac:23:3f:24:d3:60,e2c56db5-dffb-48d2-b060-d0f5a71096e2,-45
2018-06-08 13:40:38.595251,2,207,ac:23:3f:24:d3:60,e2c56db5-dffb-48d2-b060-d0f5a71096e2,-35
2018-06-08 13:40:38.808995,2,208,ac:23:3f:24:d3:60,e2c56db5-dffb-48d2-b060-d0f5a71096e2,-47
2018-06-08 13:40:39.225876,2,209,ac:23:3f:24:d3:60,e2c56db5-dffb-48d2-b060-d0f5a71096e2,-44
2018-06-08 13:40:39.429019,2,210,ac:23:3f:24:d3:60,e2c56db5-dffb-48d2-b060-d0f5a71096e2,-44
2018-06-08 13:40:39.632469,2,211,ac:23:3f:24:d3:60,e2c56db5-dffb-48d2-b060-d0f5a71096e2,-45
2018-06-08 13:40:39.840460,2,212,ac:23:3f:24:d3:60,e2c56db5-dffb-48d2-b060-d0f5a71096e2,-36
2018-06-08 13:40:40.048502,2,213,ac:23:3f:24:d3:60,e2c56db5-dffb-48d2-b060-d0f5a71096e2,-45
2018-06-08 13:40:40.255229,2,214,ac:23:3f:24:d3:60,e2c56db5-dffb-48d2-b060-d0f5a71096e2,-47
2018-06-08 13:40:40.463632,2,215,ac:23:3f:24:d3:60,e2c56db5-dffb-48d2-b060-d0f5a71096e2,-48
2018-06-08 13:40:40.665186,2,216,ac:23:3f:24:d3:60,e2c56db5-dffb-48d2-b060-d0f5a71096e2,-47
2018-06-08 13:40:41.486427,2,217,ac:23:3f:24:d3:60,e2c56db5-dffb-48d2-b060-d0f5a71096e2,-47
2018-06-08 13:40:41.692430,2,218,ac:23:3f:24:d3:60,e2c56db5-dffb-48d2-b060-d0f5a71096e2,-47
2018-06-08 13:40:41.900539,2,219,ac:23:3f:24:d3:60,e2c56db5-dffb-48d2-b060-d0f5a71096e2,-40
2018-06-08 13:40:42.515175,2,220,ac:23:3f:24:d3:60,e2c56db5-dffb-48d2-b060-d0f5a71096e2,-45
2018-06-08 13:40:42.731034,2,221,ac:23:3f:24:d3:60,e2c56db5-dffb-48d2-b060-d0f5a71096e2,-40
2018-06-08 13:40:42.940408,2,222,ac:23:3f:24:d3:60,e2c56db5-dffb-48d2-b060-d0f5a71096e2,-45
2018-06-08 13:40:43.143884,2,223,ac:23:3f:24:d3:60,e2c56db5-dffb-48d2-b060-d0f5a71096e2,-48
2018-06-08 13:40:43.345511,2,224,ac:23:3f:24:d3:60,e2c56db5-dffb-48d2-b060-d0f5a71096e2,-42
2018-06-08 13:40:43.542406,2,225,ac:23:3f:24:d3:60,e2c56db5-dffb-48d2-b060-d0f5a71096e2,-41
2018-06-08 13:40:43.750554,2,226,ac:23:3f:24:d3:60,e2c56db5-dffb-48d2-b060-d0f5a71096e2,-27
2018-06-08 13:40:43.949598,2,227,ac:23:3f:24:d3:60,e2c56db5-dffb-48d2-b060-d0f5a71096e2,-45
2018-06-08 13:40:44.158738,2,228,ac:23:3f:24:d3:60,e2c56db5-dffb-48d2-b060-d0f5a71096e2,-45
2018-06-08 13:40:44.367436,2,229,ac:23:3f:24:d3:60,e2c56db5-dffb-48d2-b060-d0f5a71096e2,-38
2018-06-08 13:40:44.573477,2,230,ac:23:3f:24:d3:60,e2c56db5-dffb-48d2-b060-d0f5a71096e2,-45
2018-06-08 13:40:44.779053,2,231,ac:23:3f:24:d3:60,e2c56db5-dffb-48d2-b060-d0f5a71096e2,-47
2018-06-08 13:40:44.994074,2,232,ac:23:3f:24:d3:60,e2c56db5-dffb-48d2-b060-d0f5a71096e2,-47
2018-06-08 13:40:45.197705,2,233,ac:23:3f:24:d3:60,e2c56db5-dffb-48d2-b060-d0f5a71096e2,-45
2018-06-08 13:40:45.405472,2,234,ac:23:3f:24:d3:60,e2c56db5-dffb-48d2-b060-d0f5a71096e2,-44
2018-06-08 13:40:45.614533,2,235,ac:23:3f:24:d3:60,e2c56db5-dffb-48d2-b060-d0f5a71096e2,-44
2018-06-08 13:40:45.815082,2,236,ac:23:3f:24:d3:60,e2c56db5-dffb-48d2-b060-d0f5a71096e2,-41
2018-06-08 13:40:46.024048,2,237,ac:23:3f:24:d3:60,e2c56db5-dffb-48d2-b060-d0f5a71096e2,-45
2018-06-08 13:40:46.233545,2,238,ac:23:3f:24:d3:60,e2c56db5-dffb-48d2-b060-d0f5a71096e2,-45
2018-06-08 13:40:46.432982,2,239,ac:23:3f:24:d3:60,e2c56db5-dffb-48d2-b060-d0f5a71096e2,-40
2018-06-08 13:40:46.845785,2,240,ac:23:3f:24:d3:60,e2c56db5-dffb-48d2-b060-d0f5a71096e2,-44
2018-06-08 13:40:47.051875,2,241,ac:23:3f:24:d3:60,e2c56db5-dffb-48d2-b060-d0f5a71096e2,-27
2018-06-08 13:40:47.260897,2,242,ac:23:3f:24:d3:60,e2c56db5-dffb-48d2-b060-d0f5a71096e2,-44
2018-06-08 13:40:47.466369,2,243,ac:23:3f:24:d3:60,e2c56db5-dffb-48d2-b060-d0f5a71096e2,-43
2018-06-08 13:40:47.672999,2,244,ac:23:3f:24:d3:60,e2c56db5-dffb-48d2-b060-d0f5a71096e2,-29
2018-06-08 13:40:47.877642,2,245,ac:23:3f:24:d3:60,e2c56db5-dffb-48d2-b060-d0f5a71096e2,-48
2018-06-08 13:40:48.285517,2,246,ac:23:3f:24:d3:60,e2c56db5-dffb-48d2-b060-d0f5a71096e2,-44
2018-06-08 13:40:48.484652,2,247,ac:23:3f:24:d3:60,e2c56db5-dffb-48d2-b060-d0f5a71096e2,-45
2018-06-08 13:40:48.897839,2,248,ac:23:3f:24:d3:60,e2c56db5-dffb-48d2-b060-d0f5a71096e2,-47
2018-06-08 13:40:49.105070,2,249,ac:23:3f:24:d3:60,e2c56db5-dffb-48d2-b060-d0f5a71096e2,-47
2018-06-08 13:40:49.501172,2,250,ac:23:3f:24:d3:60,e2c56db5-dffb-48d2-b060-d0f5a71096e2,-32
2018-06-08 13:40:49.706001,2,251,ac:23:3f:24:d3:60,e2c56db5-dffb-48d2-b060-d0f5a71096e2,-45
2018-06-08 13:40:49.916293,2,252,ac:23:3f:24:d3:60,e2c56db5-dffb-48d2-b060-d0f5a71096e2,-47
2018-06-08 13:40:50.116414,2,253,ac:23:3f:24:d3:60,e2c56db5-dffb-48d2-b060-d0f5a71096e2,-47
2018-06-08 13:40:50.746821,2,254,ac:23:3f:24:d3:60,e2c56db5-dffb-48d2-b060-d0f5a71096e2,-44
2018-06-08 13:40:50.946143,2,255,ac:23:3f:24:d3:60,e2c56db5-dffb-48d2-b060-d0f5a71096e2,-45
2018-06-08 13:40:51.149131,2,256,ac:23:3f:24:d3:60,e2c56db5-dffb-48d2-b060-d0f5a71096e2,-47
2018-06-08 13:40:51.548178,2,257,ac:23:3f:24:d3:60,e2c56db5-dffb-48d2-b060-d0f5a71096e2,-44
2018-06-08 13:40:51.751335,2,258,ac:23:3f:24:d3:60,e2c56db5-dffb-48d2-b060-d0f5a71096e2,-45
2018-06-08 13:40:51.963485,2,259,ac:23:3f:24:d3:60,e2c56db5-dffb-48d2-b060-d0f5a71096e2,-45
2018-06-08 13:40:52.169467,2,260,ac:23:3f:24:d3:60,e2c56db5-dffb-48d2-b060-d0f5a71096e2,-47
2018-06-08 13:40:52.373739,2,261,ac:23:3f:24:d3:60,e2c56db5-dffb-48d2-b060-d0f5a71096e2,-47
2018-06-08 13:40:52.988067,2,262,ac:23:3f:24:d3:60,e2c56db5-dffb-48d2-b060-d0f5a71096e2,-45
2018-06-08 13:40:53.196198,2,263,ac:23:3f:24:d3:60,e2c56db5-dffb-48d2-b060-d0f5a71096e2,-44
2018-06-08 13:40:53.405457,2,264,ac:23:3f:24:d3:60,e2c56db5-dffb-48d2-b060-d0f5a71096e2,-45
2018-06-08 13:40:53.609011,2,265,ac:23:3f:24:d3:60,e2c56db5-dffb-48d2-b060-d0f5a71096e2,-31
2018-06-08 13:40:53.813859,2,266,ac:23:3f:24:d3:60,e2c56db5-dffb-48d2-b060-d0f5a71096e2,-47
2018-06-08 13:40:54.016544,2,267,ac:23:3f:24:d3:60,e2c56db5-dffb-48d2-b060-d0f5a71096e2,-45
2018-06-08 13:40:54.432488,2,268,ac:23:3f:24:d3:60,e2c56db5-dffb-48d2-b060-d0f5a71096e2,-45
2018-06-08 13:40:54.632734,2,269,ac:23:3f:24:d3:60,e2c56db5-dffb-48d2-b060-d0f5a71096e2,-34
2018-06-08 13:40:54.827639,2,270,ac:23:3f:24:d3:60,e2c56db5-dffb-48d2-b060-d0f5a71096e2,-32
2018-06-08 13:40:55.239551,2,271,ac:23:3f:24:d3:60,e2c56db5-dffb-48d2-b060-d0f5a71096e2,-44
2018-06-08 13:40:55.661384,2,272,ac:23:3f:24:d3:60,e2c56db5-dffb-48d2-b060-d0f5a71096e2,-44
2018-06-08 13:40:56.074893,2,273,ac:23:3f:24:d3:60,e2c56db5-dffb-48d2-b060-d0f5a71096e2,-45
2018-06-08 13:40:56.277820,2,274,ac:23:3f:24:d3:60,e2c56db5-dffb-48d2-b060-d0f5a71096e2,-33
2018-06-08 13:40:56.484719,2,275,ac:23:3f:24:d3:60,e2c56db5-dffb-48d2-b060-d0f5a71096e2,-41
2018-06-08 13:40:56.893152,2,276,ac:23:3f:24:d3:60,e2c56db5-dffb-48d2-b060-d0f5a71096e2,-28
2018-06-08 13:40:57.101377,2,277,ac:23:3f:24:d3:60,e2c56db5-dffb-48d2-b060-d0f5a71096e2,-44
2018-06-08 13:40:57.297700,2,278,ac:23:3f:24:d3:60,e2c56db5-dffb-48d2-b060-d0f5a71096e2,-45
2018-06-08 13:40:57.497482,2,279,ac:23:3f:24:d3:60,e2c56db5-dffb-48d2-b060-d0f5a71096e2,-47
2018-06-08 13:40:57.700575,2,280,ac:23:3f:24:d3:60,e2c56db5-dffb-48d2-b060-d0f5a71096e2,-27
2018-06-08 13:40:57.905106,2,281,ac:23:3f:24:d3:60,e2c56db5-dffb-48d2-b060-d0f5a71096e2,-44
2018-06-08 13:40:58.319525,2,282,ac:23:3f:24:d3:60,e2c56db5-dffb-48d2-b060-d0f5a71096e2,-47
2018-06-08 13:40:58.522427,2,283,ac:23:3f:24:d3:60,e2c56db5-dffb-48d2-b060-d0f5a71096e2,-47
2018-06-08 13:40:58.728562,2,284,ac:23:3f:24:d3:60,e2c56db5-dffb-48d2-b060-d0f5a71096e2,-44
2018-06-08 13:40:58.922489,2,285,ac:23:3f:24:d3:60,e2c56db5-dffb-48d2-b060-d0f5a71096e2,-45
2018-06-08 13:40:59.324630,2,286,ac:23:3f:24:d3:60,e2c56db5-dffb-48d2-b060-d0f5a71096e2,-48
2018-06-08 13:40:59.539016,2,287,ac:23:3f:24:d3:60,e2c56db5-dffb-48d2-b060-d0f5a71096e2,-27
2018-06-08 13:40:59.741769,2,288,ac:23:3f:24:d3:60,e2c56db5-dffb-48d2-b060-d0f5a71096e2,-44
2018-06-08 13:40:59.940904,2,289,ac:23:3f:24:d3:60,e2c56db5-dffb-48d2-b060-d0f5a71096e2,-47
2018-06-08 13:41:00.149885,2,290,ac:23:3f:24:d3:60,e2c56db5-dffb-48d2-b060-d0f5a71096e2,-47
2018-06-08 13:41:00.349555,2,291,ac:23:3f:24:d3:60,e2c56db5-dffb-48d2-b060-d0f5a71096e2,-44
2018-06-08 13:41:00.545362,2,292,ac:23:3f:24:d3:60,e2c56db5-dffb-48d2-b060-d0f5a71096e2,-44
2018-06-08 13:41:00.750312,2,293,ac:23:3f:24:d3:60,e2c56db5-dffb-48d2-b060-d0f5a71096e2,-45
2018-06-08 13:41:01.170474,2,294,ac:23:3f:24:d3:60,e2c56db5-dffb-48d2-b060-d0f5a71096e2,-47
2018-06-08 13:41:01.378057,2,295,ac:23:3f:24:d3:60,e2c56db5-dffb-48d2-b060-d0f5a71096e2,-47
2018-06-08 13:41:01.786731,2,296,ac:23:3f:24:d3:60,e2c56db5-dffb-48d2-b060-d0f5a71096e2,-45
2018-06-08 13:41:01.999884,2,297,ac:23:3f:24:d3:60,e2c56db5-dffb-48d2-b060-d0f5a71096e2,-45
2018-06-08 13:41:02.189343,2,298,ac:23:3f:24:d3:60,e2c56db5-dffb-48d2-b060-d0f5a71096e2,-38
2018-06-08 13:41:02.387776,2,299,ac:23:3f:24:d3:60,e2c56db5-dffb-48d2-b060-d0f5a71096e2,-47
2018-06-08 13:41:02.593940,2,300,ac:23:3f:24:d3:60,e2c56db5-dffb-48d2-b060-d0f5a71096e2,-44
2018-06-08 13:41:03.019433,2,301,ac:23:3f:24:d3:60,e2c56db5-dffb-48d2-b060-d0f5a71096e2,-45
2018-06-08 13:41:03.217728,2,302,ac:23:3f:24:d3:60,e2c56db5-dffb-48d2-b060-d0f5a71096e2,-45
2018-06-08 13:41:03.417491,2,303,ac:23:3f:24:d3:60,e2c56db5-dffb-48d2-b060-d0f5a71096e2,-45
2018-06-08 13:41:03.621175,2,304,ac:23:3f:24:d3:60,e2c56db5-dffb-48d2-b060-d0f5a71096e2,-47
2018-06-08 13:41:03.830376,2,305,ac:23:3f:24:d3:60,e2c56db5-dffb-48d2-b060-d0f5a71096e2,-47
2018-06-08 13:41:04.041695,2,306,ac:23:3f:24:d3:60,e2c56db5-dffb-48d2-b060-d0f5a71096e2,-44
2018-06-08 13:41:04.247577,2,307,ac:23:3f:24:d3:60,e2c56db5-dffb-48d2-b060-d0f5a71096e2,-40
2018-06-08 13:41:04.446480,2,308,ac:23:3f:24:d3:60,e2c56db5-dffb-48d2-b060-d0f5a71096e2,-45
2018-06-08 13:41:04.646978,2,309,ac:23:3f:24:d3:60,e2c56db5-dffb-48d2-b060-d0f5a71096e2,-47
2018-06-08 13:41:04.860453,2,310,ac:23:3f:24:d3:60,e2c56db5-dffb-48d2-b060-d0f5a71096e2,-45
2018-06-08 13:41:05.068889,2,311,ac:23:3f:24:d3:60,e2c56db5-dffb-48d2-b060-d0f5a71096e2,-45
2018-06-08 13:41:05.260972,2,312,ac:23:3f:24:d3:60,e2c56db5-dffb-48d2-b060-d0f5a71096e2,-45
2018-06-08 13:41:06.086414,2,313,ac:23:3f:24:d3:60,e2c56db5-dffb-48d2-b060-d0f5a71096e2,-48
2018-06-08 13:41:06.289563,2,314,ac:23:3f:24:d3:60,e2c56db5-dffb-48d2-b060-d0f5a71096e2,-28
2018-06-08 13:41:06.498138,2,315,ac:23:3f:24:d3:60,e2c56db5-dffb-48d2-b060-d0f5a71096e2,-45
2018-06-08 13:41:06.701173,2,316,ac:23:3f:24:d3:60,e2c56db5-dffb-48d2-b060-d0f5a71096e2,-45
2018-06-08 13:41:06.910401,2,317,ac:23:3f:24:d3:60,e2c56db5-dffb-48d2-b060-d0f5a71096e2,-45
2018-06-08 13:41:07.106624,2,318,ac:23:3f:24:d3:60,e2c56db5-dffb-48d2-b060-d0f5a71096e2,-47
2018-06-08 13:41:07.313049,2,319,ac:23:3f:24:d3:60,e2c56db5-dffb-48d2-b060-d0f5a71096e2,-42
2018-06-08 13:41:07.516868,2,320,ac:23:3f:24:d3:60,e2c56db5-dffb-48d2-b060-d0f5a71096e2,-44
2018-06-08 13:41:07.921926,2,321,ac:23:3f:24:d3:60,e2c56db5-dffb-48d2-b060-d0f5a71096e2,-47
2018-06-08 13:41:08.130950,2,322,ac:23:3f:24:d3:60,e2c56db5-dffb-48d2-b060-d0f5a71096e2,-47
2018-06-08 13:41:08.339574,2,323,ac:23:3f:24:d3:60,e2c56db5-dffb-48d2-b060-d0f5a71096e2,-32
2018-06-08 13:41:08.747800,2,324,ac:23:3f:24:d3:60,e2c56db5-dffb-48d2-b060-d0f5a71096e2,-45
2018-06-08 13:41:08.947549,2,325,ac:23:3f:24:d3:60,e2c56db5-dffb-48d2-b060-d0f5a71096e2,-45
2018-06-08 13:41:09.154912,2,326,ac:23:3f:24:d3:60,e2c56db5-dffb-48d2-b060-d0f5a71096e2,-45
2018-06-08 13:41:09.361849,2,327,ac:23:3f:24:d3:60,e2c56db5-dffb-48d2-b060-d0f5a71096e2,-42
2018-06-08 13:41:09.976978,2,328,ac:23:3f:24:d3:60,e2c56db5-dffb-48d2-b060-d0f5a71096e2,-45
2018-06-08 13:41:10.180904,2,329,ac:23:3f:24:d3:60,e2c56db5-dffb-48d2-b060-d0f5a71096e2,-452018-06-08 13:41:10.378570,2,330,ac:23:3f:24:d3:60,e2c56db5-dffb-48d2-b060-d0f5a71096e2,-45
2018-06-08 13:41:10.587581,2,331,ac:23:3f:24:d3:60,e2c56db5-dffb-48d2-b060-d0f5a71096e2,-45
2018-06-08 13:41:10.789445,2,332,ac:23:3f:24:d3:60,e2c56db5-dffb-48d2-b060-d0f5a71096e2,-47
2018-06-08 13:41:11.416538,2,333,ac:23:3f:24:d3:60,e2c56db5-dffb-48d2-b060-d0f5a71096e2,-45
2018-06-08 13:41:11.616318,2,334,ac:23:3f:24:d3:60,e2c56db5-dffb-48d2-b060-d0f5a71096e2,-45
2018-06-08 13:41:11.816329,2,335,ac:23:3f:24:d3:60,e2c56db5-dffb-48d2-b060-d0f5a71096e2,-47
2018-06-08 13:41:12.019433,2,336,ac:23:3f:24:d3:60,e2c56db5-dffb-48d2-b060-d0f5a71096e2,-44
2018-06-08 13:41:12.223389,2,337,ac:23:3f:24:d3:60,e2c56db5-dffb-48d2-b060-d0f5a71096e2,-45
2018-06-08 13:41:12.434442,2,338,ac:23:3f:24:d3:60,e2c56db5-dffb-48d2-b060-d0f5a71096e2,-36
2018-06-08 13:41:12.635609,2,339,ac:23:3f:24:d3:60,e2c56db5-dffb-48d2-b060-d0f5a71096e2,-45
2018-06-08 13:41:12.844716,2,340,ac:23:3f:24:d3:60,e2c56db5-dffb-48d2-b060-d0f5a71096e2,-45
2018-06-08 13:41:13.044847,2,341,ac:23:3f:24:d3:60,e2c56db5-dffb-48d2-b060-d0f5a71096e2,-47
2018-06-08 13:41:13.253607,2,342,ac:23:3f:24:d3:60,e2c56db5-dffb-48d2-b060-d0f5a71096e2,-48
2018-06-08 13:41:13.651821,2,343,ac:23:3f:24:d3:60,e2c56db5-dffb-48d2-b060-d0f5a71096e2,-45
2018-06-08 13:41:13.861137,2,344,ac:23:3f:24:d3:60,e2c56db5-dffb-48d2-b060-d0f5a71096e2,-45
2018-06-08 13:41:14.077363,2,345,ac:23:3f:24:d3:60,e2c56db5-dffb-48d2-b060-d0f5a71096e2,-45
2018-06-08 13:41:14.499769,2,346,ac:23:3f:24:d3:60,e2c56db5-dffb-48d2-b060-d0f5a71096e2,-48
2018-06-08 13:41:14.697630,2,347,ac:23:3f:24:d3:60,e2c56db5-dffb-48d2-b060-d0f5a71096e2,-33
2018-06-08 13:41:14.905706,2,348,ac:23:3f:24:d3:60,e2c56db5-dffb-48d2-b060-d0f5a71096e2,-48
2018-06-08 13:41:15.317659,2,349,ac:23:3f:24:d3:60,e2c56db5-dffb-48d2-b060-d0f5a71096e2,-45
2018-06-08 13:41:15.517485,2,350,ac:23:3f:24:d3:60,e2c56db5-dffb-48d2-b060-d0f5a71096e2,-45
2018-06-08 13:41:15.717110,2,351,ac:23:3f:24:d3:60,e2c56db5-dffb-48d2-b060-d0f5a71096e2,-47
2018-06-08 13:41:15.930722,2,352,ac:23:3f:24:d3:60,e2c56db5-dffb-48d2-b060-d0f5a71096e2,-28
2018-06-08 13:41:16.540596,2,353,ac:23:3f:24:d3:60,e2c56db5-dffb-48d2-b060-d0f5a71096e2,-47
2018-06-08 13:41:16.745019,2,354,ac:23:3f:24:d3:60,e2c56db5-dffb-48d2-b060-d0f5a71096e2,-47
2018-06-08 13:41:16.938455,2,355,ac:23:3f:24:d3:60,e2c56db5-dffb-48d2-b060-d0f5a71096e2,-44
2018-06-08 13:41:17.139913,2,356,ac:23:3f:24:d3:60,e2c56db5-dffb-48d2-b060-d0f5a71096e2,-45
2018-06-08 13:41:17.557196,2,357,ac:23:3f:24:d3:60,e2c56db5-dffb-48d2-b060-d0f5a71096e2,-33
2018-06-08 13:41:17.768159,2,358,ac:23:3f:24:d3:60,e2c56db5-dffb-48d2-b060-d0f5a71096e2,-47
2018-06-08 13:41:18.379128,2,359,ac:23:3f:24:d3:60,e2c56db5-dffb-48d2-b060-d0f5a71096e2,-44
2018-06-08 13:41:18.583218,2,360,ac:23:3f:24:d3:60,e2c56db5-dffb-48d2-b060-d0f5a71096e2,-45
2018-06-08 13:41:18.773931,2,361,ac:23:3f:24:d3:60,e2c56db5-dffb-48d2-b060-d0f5a71096e2,-47
2018-06-08 13:41:19.177159,2,362,ac:23:3f:24:d3:60,e2c56db5-dffb-48d2-b060-d0f5a71096e2,-27
2018-06-08 13:41:19.398452,2,363,ac:23:3f:24:d3:60,e2c56db5-dffb-48d2-b060-d0f5a71096e2,-45
2018-06-08 13:41:19.600943,2,364,ac:23:3f:24:d3:60,e2c56db5-dffb-48d2-b060-d0f5a71096e2,-45
2018-06-08 13:41:19.807917,2,365,ac:23:3f:24:d3:60,e2c56db5-dffb-48d2-b060-d0f5a71096e2,-45
2018-06-08 13:41:20.013641,2,366,ac:23:3f:24:d3:60,e2c56db5-dffb-48d2-b060-d0f5a71096e2,-47
2018-06-08 13:41:20.219509,2,367,ac:23:3f:24:d3:60,e2c56db5-dffb-48d2-b060-d0f5a71096e2,-48
2018-06-08 13:41:20.425408,2,368,ac:23:3f:24:d3:60,e2c56db5-dffb-48d2-b060-d0f5a71096e2,-47
2018-06-08 13:41:20.630399,2,369,ac:23:3f:24:d3:60,e2c56db5-dffb-48d2-b060-d0f5a71096e2,-45
2018-06-08 13:41:20.837419,2,370,ac:23:3f:24:d3:60,e2c56db5-dffb-48d2-b060-d0f5a71096e2,-44
2018-06-08 13:41:21.052837,2,371,ac:23:3f:24:d3:60,e2c56db5-dffb-48d2-b060-d0f5a71096e2,-45
2018-06-08 13:41:21.234545,2,372,ac:23:3f:24:d3:60,e2c56db5-dffb-48d2-b060-d0f5a71096e2,-47
2018-06-08 13:41:21.642269,2,373,ac:23:3f:24:d3:60,e2c56db5-dffb-48d2-b060-d0f5a71096e2,-45
2018-06-08 13:41:21.854558,2,374,ac:23:3f:24:d3:60,e2c56db5-dffb-48d2-b060-d0f5a71096e2,-38
2018-06-08 13:41:22.062937,2,375,ac:23:3f:24:d3:60,e2c56db5-dffb-48d2-b060-d0f5a71096e2,-47
2018-06-08 13:41:22.884998,2,376,ac:23:3f:24:d3:60,e2c56db5-dffb-48d2-b060-d0f5a71096e2,-38
2018-06-08 13:41:23.288419,2,377,ac:23:3f:24:d3:60,e2c56db5-dffb-48d2-b060-d0f5a71096e2,-29
2018-06-08 13:41:23.496563,2,378,ac:23:3f:24:d3:60,e2c56db5-dffb-48d2-b060-d0f5a71096e2,-45
2018-06-08 13:41:23.705959,2,379,ac:23:3f:24:d3:60,e2c56db5-dffb-48d2-b060-d0f5a71096e2,-45
2018-06-08 13:41:23.901908,2,380,ac:23:3f:24:d3:60,e2c56db5-dffb-48d2-b060-d0f5a71096e2,-47
2018-06-08 13:41:24.104982,2,381,ac:23:3f:24:d3:60,e2c56db5-dffb-48d2-b060-d0f5a71096e2,-44
2018-06-08 13:41:24.312528,2,382,ac:23:3f:24:d3:60,e2c56db5-dffb-48d2-b060-d0f5a71096e2,-45
2018-06-08 13:41:24.528389,2,383,ac:23:3f:24:d3:60,e2c56db5-dffb-48d2-b060-d0f5a71096e2,-45
2018-06-08 13:41:24.738233,2,384,ac:23:3f:24:d3:60,e2c56db5-dffb-48d2-b060-d0f5a71096e2,-33
2018-06-08 13:41:24.941263,2,385,ac:23:3f:24:d3:60,e2c56db5-dffb-48d2-b060-d0f5a71096e2,-45
2018-06-08 13:41:25.147360,2,386,ac:23:3f:24:d3:60,e2c56db5-dffb-48d2-b060-d0f5a71096e2,-45
2018-06-08 13:41:25.349322,2,387,ac:23:3f:24:d3:60,e2c56db5-dffb-48d2-b060-d0f5a71096e2,-42
2018-06-08 13:41:25.556305,2,388,ac:23:3f:24:d3:60,e2c56db5-dffb-48d2-b060-d0f5a71096e2,-47
2018-06-08 13:41:25.766351,2,389,ac:23:3f:24:d3:60,e2c56db5-dffb-48d2-b060-d0f5a71096e2,-472018-06-08 13:41:25.974960,2,390,ac:23:3f:24:d3:60,e2c56db5-dffb-48d2-b060-d0f5a71096e2,-41
2018-06-08 13:41:26.181798,2,391,ac:23:3f:24:d3:60,e2c56db5-dffb-48d2-b060-d0f5a71096e2,-45
2018-06-08 13:41:26.387241,2,392,ac:23:3f:24:d3:60,e2c56db5-dffb-48d2-b060-d0f5a71096e2,-44
2018-06-08 13:41:26.795900,2,393,ac:23:3f:24:d3:60,e2c56db5-dffb-48d2-b060-d0f5a71096e2,-29
2018-06-08 13:41:27.002113,2,394,ac:23:3f:24:d3:60,e2c56db5-dffb-48d2-b060-d0f5a71096e2,-47
2018-06-08 13:41:27.404681,2,395,ac:23:3f:24:d3:60,e2c56db5-dffb-48d2-b060-d0f5a71096e2,-27
2018-06-08 13:41:27.605440,2,396,ac:23:3f:24:d3:60,e2c56db5-dffb-48d2-b060-d0f5a71096e2,-45
2018-06-08 13:41:27.808307,2,397,ac:23:3f:24:d3:60,e2c56db5-dffb-48d2-b060-d0f5a71096e2,-47
2018-06-08 13:41:28.014272,2,398,ac:23:3f:24:d3:60,e2c56db5-dffb-48d2-b060-d0f5a71096e2,-45
2018-06-08 13:41:28.419737,2,399,ac:23:3f:24:d3:60,e2c56db5-dffb-48d2-b060-d0f5a71096e2,-33
2018-06-08 13:41:28.624876,2,400,ac:23:3f:24:d3:60,e2c56db5-dffb-48d2-b060-d0f5a71096e2,-48
2018-06-08 13:41:28.834405,2,401,ac:23:3f:24:d3:60,e2c56db5-dffb-48d2-b060-d0f5a71096e2,-48
2018-06-08 13:41:29.046851,2,402,ac:23:3f:24:d3:60,e2c56db5-dffb-48d2-b060-d0f5a71096e2,-32
2018-06-08 13:41:29.250747,2,403,ac:23:3f:24:d3:60,e2c56db5-dffb-48d2-b060-d0f5a71096e2,-45
2018-06-08 13:41:29.449254,2,404,ac:23:3f:24:d3:60,e2c56db5-dffb-48d2-b060-d0f5a71096e2,-27
2018-06-08 13:41:29.658944,2,405,ac:23:3f:24:d3:60,e2c56db5-dffb-48d2-b060-d0f5a71096e2,-27
2018-06-08 13:41:29.864093,2,406,ac:23:3f:24:d3:60,e2c56db5-dffb-48d2-b060-d0f5a71096e2,-45
2018-06-08 13:41:30.065858,2,407,ac:23:3f:24:d3:60,e2c56db5-dffb-48d2-b060-d0f5a71096e2,-45
2018-06-08 13:41:30.274637,2,408,ac:23:3f:24:d3:60,e2c56db5-dffb-48d2-b060-d0f5a71096e2,-41
2018-06-08 13:41:30.479579,2,409,ac:23:3f:24:d3:60,e2c56db5-dffb-48d2-b060-d0f5a71096e2,-44
2018-06-08 13:41:30.683452,2,410,ac:23:3f:24:d3:60,e2c56db5-dffb-48d2-b060-d0f5a71096e2,-44
2018-06-08 13:41:31.296050,2,411,ac:23:3f:24:d3:60,e2c56db5-dffb-48d2-b060-d0f5a71096e2,-31
2018-06-08 13:41:31.896442,2,412,ac:23:3f:24:d3:60,e2c56db5-dffb-48d2-b060-d0f5a71096e2,-45
2018-06-08 13:41:32.720367,2,413,ac:23:3f:24:d3:60,e2c56db5-dffb-48d2-b060-d0f5a71096e2,-45
2018-06-08 13:41:33.127051,2,414,ac:23:3f:24:d3:60,e2c56db5-dffb-48d2-b060-d0f5a71096e2,-45
2018-06-08 13:41:33.326688,2,415,ac:23:3f:24:d3:60,e2c56db5-dffb-48d2-b060-d0f5a71096e2,-40
2018-06-08 13:41:33.530507,2,416,ac:23:3f:24:d3:60,e2c56db5-dffb-48d2-b060-d0f5a71096e2,-45
2018-06-08 13:41:33.722328,2,417,ac:23:3f:24:d3:60,e2c56db5-dffb-48d2-b060-d0f5a71096e2,-29
2018-06-08 13:41:33.931805,2,418,ac:23:3f:24:d3:60,e2c56db5-dffb-48d2-b060-d0f5a71096e2,-45
2018-06-08 13:41:34.131728,2,419,ac:23:3f:24:d3:60,e2c56db5-dffb-48d2-b060-d0f5a71096e2,-47
2018-06-08 13:41:34.343569,2,420,ac:23:3f:24:d3:60,e2c56db5-dffb-48d2-b060-d0f5a71096e2,-44
2018-06-08 13:41:34.552845,2,421,ac:23:3f:24:d3:60,e2c56db5-dffb-48d2-b060-d0f5a71096e2,-45
2018-06-08 13:41:34.759586,2,422,ac:23:3f:24:d3:60,e2c56db5-dffb-48d2-b060-d0f5a71096e2,-27
2018-06-08 13:41:34.962174,2,423,ac:23:3f:24:d3:60,e2c56db5-dffb-48d2-b060-d0f5a71096e2,-45
2018-06-08 13:41:35.169208,2,424,ac:23:3f:24:d3:60,e2c56db5-dffb-48d2-b060-d0f5a71096e2,-45
2018-06-08 13:41:35.377554,2,425,ac:23:3f:24:d3:60,e2c56db5-dffb-48d2-b060-d0f5a71096e2,-45
2018-06-08 13:41:35.585896,2,426,ac:23:3f:24:d3:60,e2c56db5-dffb-48d2-b060-d0f5a71096e2,-45
2018-06-08 13:41:35.793242,2,427,ac:23:3f:24:d3:60,e2c56db5-dffb-48d2-b060-d0f5a71096e2,-47
2018-06-08 13:41:35.999271,2,428,ac:23:3f:24:d3:60,e2c56db5-dffb-48d2-b060-d0f5a71096e2,-42
2018-06-08 13:41:36.205685,2,429,ac:23:3f:24:d3:60,e2c56db5-dffb-48d2-b060-d0f5a71096e2,-47
2018-06-08 13:41:36.415640,2,430,ac:23:3f:24:d3:60,e2c56db5-dffb-48d2-b060-d0f5a71096e2,-42
2018-06-08 13:41:36.623031,2,431,ac:23:3f:24:d3:60,e2c56db5-dffb-48d2-b060-d0f5a71096e2,-44
2018-06-08 13:41:36.827191,2,432,ac:23:3f:24:d3:60,e2c56db5-dffb-48d2-b060-d0f5a71096e2,-28
2018-06-08 13:41:37.036453,2,433,ac:23:3f:24:d3:60,e2c56db5-dffb-48d2-b060-d0f5a71096e2,-44
2018-06-08 13:41:37.239535,2,434,ac:23:3f:24:d3:60,e2c56db5-dffb-48d2-b060-d0f5a71096e2,-45
2018-06-08 13:41:37.657108,2,435,ac:23:3f:24:d3:60,e2c56db5-dffb-48d2-b060-d0f5a71096e2,-47
2018-06-08 13:41:38.066430,2,436,ac:23:3f:24:d3:60,e2c56db5-dffb-48d2-b060-d0f5a71096e2,-42
2018-06-08 13:41:38.270703,2,437,ac:23:3f:24:d3:60,e2c56db5-dffb-48d2-b060-d0f5a71096e2,-44
2018-06-08 13:41:38.678255,2,438,ac:23:3f:24:d3:60,e2c56db5-dffb-48d2-b060-d0f5a71096e2,-45
2018-06-08 13:41:38.894283,2,439,ac:23:3f:24:d3:60,e2c56db5-dffb-48d2-b060-d0f5a71096e2,-33
2018-06-08 13:41:39.088534,2,440,ac:23:3f:24:d3:60,e2c56db5-dffb-48d2-b060-d0f5a71096e2,-48
2018-06-08 13:41:39.305256,2,441,ac:23:3f:24:d3:60,e2c56db5-dffb-48d2-b060-d0f5a71096e2,-44
2018-06-08 13:41:39.495249,2,442,ac:23:3f:24:d3:60,e2c56db5-dffb-48d2-b060-d0f5a71096e2,-45
2018-06-08 13:41:39.695278,2,443,ac:23:3f:24:d3:60,e2c56db5-dffb-48d2-b060-d0f5a71096e2,-46
2018-06-08 13:41:39.902884,2,444,ac:23:3f:24:d3:60,e2c56db5-dffb-48d2-b060-d0f5a71096e2,-41
2018-06-08 13:41:40.105339,2,445,ac:23:3f:24:d3:60,e2c56db5-dffb-48d2-b060-d0f5a71096e2,-47
2018-06-08 13:41:40.315388,2,446,ac:23:3f:24:d3:60,e2c56db5-dffb-48d2-b060-d0f5a71096e2,-45
2018-06-08 13:41:40.521616,2,447,ac:23:3f:24:d3:60,e2c56db5-dffb-48d2-b060-d0f5a71096e2,-44
2018-06-08 13:41:41.134290,2,448,ac:23:3f:24:d3:60,e2c56db5-dffb-48d2-b060-d0f5a71096e2,-34
2018-06-08 13:41:41.339854,2,449,ac:23:3f:24:d3:60,e2c56db5-dffb-48d2-b060-d0f5a71096e2,-47
2018-06-08 13:41:42.169442,2,450,ac:23:3f:24:d3:60,e2c56db5-dffb-48d2-b060-d0f5a71096e2,-44
2018-06-08 13:41:42.358066,2,451,ac:23:3f:24:d3:60,e2c56db5-dffb-48d2-b060-d0f5a71096e2,-47
2018-06-08 13:41:42.564748,2,452,ac:23:3f:24:d3:60,e2c56db5-dffb-48d2-b060-d0f5a71096e2,-42
2018-06-08 13:41:42.772735,2,453,ac:23:3f:24:d3:60,e2c56db5-dffb-48d2-b060-d0f5a71096e2,-48
2018-06-08 13:41:43.002035,2,454,ac:23:3f:24:d3:60,e2c56db5-dffb-48d2-b060-d0f5a71096e2,-48
2018-06-08 13:41:43.185520,2,455,ac:23:3f:24:d3:60,e2c56db5-dffb-48d2-b060-d0f5a71096e2,-44
2018-06-08 13:41:43.388804,2,456,ac:23:3f:24:d3:60,e2c56db5-dffb-48d2-b060-d0f5a71096e2,-44
2018-06-08 13:41:43.804446,2,457,ac:23:3f:24:d3:60,e2c56db5-dffb-48d2-b060-d0f5a71096e2,-47
2018-06-08 13:41:44.017340,2,458,ac:23:3f:24:d3:60,e2c56db5-dffb-48d2-b060-d0f5a71096e2,-47
2018-06-08 13:41:44.209362,2,459,ac:23:3f:24:d3:60,e2c56db5-dffb-48d2-b060-d0f5a71096e2,-44
2018-06-08 13:41:44.409460,2,460,ac:23:3f:24:d3:60,e2c56db5-dffb-48d2-b060-d0f5a71096e2,-28
2018-06-08 13:41:44.619220,2,461,ac:23:3f:24:d3:60,e2c56db5-dffb-48d2-b060-d0f5a71096e2,-45
2018-06-08 13:41:44.834373,2,462,ac:23:3f:24:d3:60,e2c56db5-dffb-48d2-b060-d0f5a71096e2,-45
2018-06-08 13:41:45.035862,2,463,ac:23:3f:24:d3:60,e2c56db5-dffb-48d2-b060-d0f5a71096e2,-44
2018-06-08 13:41:45.248503,2,464,ac:23:3f:24:d3:60,e2c56db5-dffb-48d2-b060-d0f5a71096e2,-47
2018-06-08 13:41:45.654084,2,465,ac:23:3f:24:d3:60,e2c56db5-dffb-48d2-b060-d0f5a71096e2,-44
2018-06-08 13:41:46.071322,2,466,ac:23:3f:24:d3:60,e2c56db5-dffb-48d2-b060-d0f5a71096e2,-45
2018-06-08 13:41:46.267604,2,467,ac:23:3f:24:d3:60,e2c56db5-dffb-48d2-b060-d0f5a71096e2,-45
2018-06-08 13:41:46.474864,2,468,ac:23:3f:24:d3:60,e2c56db5-dffb-48d2-b060-d0f5a71096e2,-48
2018-06-08 13:41:46.684729,2,469,ac:23:3f:24:d3:60,e2c56db5-dffb-48d2-b060-d0f5a71096e2,-27
2018-06-08 13:41:46.886682,2,470,ac:23:3f:24:d3:60,e2c56db5-dffb-48d2-b060-d0f5a71096e2,-44
2018-06-08 13:41:47.692037,2,471,ac:23:3f:24:d3:60,e2c56db5-dffb-48d2-b060-d0f5a71096e2,-44
2018-06-08 13:41:47.902840,2,472,ac:23:3f:24:d3:60,e2c56db5-dffb-48d2-b060-d0f5a71096e2,-45
2018-06-08 13:41:48.103770,2,473,ac:23:3f:24:d3:60,e2c56db5-dffb-48d2-b060-d0f5a71096e2,-45
2018-06-08 13:41:48.306649,2,474,ac:23:3f:24:d3:60,e2c56db5-dffb-48d2-b060-d0f5a71096e2,-45
2018-06-08 13:41:48.514222,2,475,ac:23:3f:24:d3:60,e2c56db5-dffb-48d2-b060-d0f5a71096e2,-45
2018-06-08 13:41:48.741791,2,476,ac:23:3f:24:d3:60,e2c56db5-dffb-48d2-b060-d0f5a71096e2,-45
2018-06-08 13:41:48.943914,2,477,ac:23:3f:24:d3:60,e2c56db5-dffb-48d2-b060-d0f5a71096e2,-45
2018-06-08 13:41:49.151577,2,478,ac:23:3f:24:d3:60,e2c56db5-dffb-48d2-b060-d0f5a71096e2,-47
2018-06-08 13:41:49.357677,2,479,ac:23:3f:24:d3:60,e2c56db5-dffb-48d2-b060-d0f5a71096e2,-41
2018-06-08 13:41:49.562865,2,480,ac:23:3f:24:d3:60,e2c56db5-dffb-48d2-b060-d0f5a71096e2,-47
2018-06-08 13:41:49.962264,2,481,ac:23:3f:24:d3:60,e2c56db5-dffb-48d2-b060-d0f5a71096e2,-44
2018-06-08 13:41:50.162383,2,482,ac:23:3f:24:d3:60,e2c56db5-dffb-48d2-b060-d0f5a71096e2,-45
2018-06-08 13:41:50.362110,2,483,ac:23:3f:24:d3:60,e2c56db5-dffb-48d2-b060-d0f5a71096e2,-47
2018-06-08 13:41:50.582001,2,484,ac:23:3f:24:d3:60,e2c56db5-dffb-48d2-b060-d0f5a71096e2,-33
2018-06-08 13:41:50.994404,2,485,ac:23:3f:24:d3:60,e2c56db5-dffb-48d2-b060-d0f5a71096e2,-45
2018-06-08 13:41:51.391121,2,486,ac:23:3f:24:d3:60,e2c56db5-dffb-48d2-b060-d0f5a71096e2,-45
2018-06-08 13:41:52.011266,2,487,ac:23:3f:24:d3:60,e2c56db5-dffb-48d2-b060-d0f5a71096e2,-27
2018-06-08 13:41:52.214498,2,488,ac:23:3f:24:d3:60,e2c56db5-dffb-48d2-b060-d0f5a71096e2,-45
2018-06-08 13:41:52.417492,2,489,ac:23:3f:24:d3:60,e2c56db5-dffb-48d2-b060-d0f5a71096e2,-45
2018-06-08 13:41:52.613522,2,490,ac:23:3f:24:d3:60,e2c56db5-dffb-48d2-b060-d0f5a71096e2,-41
2018-06-08 13:41:52.817146,2,491,ac:23:3f:24:d3:60,e2c56db5-dffb-48d2-b060-d0f5a71096e2,-27
2018-06-08 13:41:53.014518,2,492,ac:23:3f:24:d3:60,e2c56db5-dffb-48d2-b060-d0f5a71096e2,-45
2018-06-08 13:41:53.222825,2,493,ac:23:3f:24:d3:60,e2c56db5-dffb-48d2-b060-d0f5a71096e2,-33
2018-06-08 13:41:53.430799,2,494,ac:23:3f:24:d3:60,e2c56db5-dffb-48d2-b060-d0f5a71096e2,-41
2018-06-08 13:41:53.632463,2,495,ac:23:3f:24:d3:60,e2c56db5-dffb-48d2-b060-d0f5a71096e2,-44
2018-06-08 13:41:53.837581,2,496,ac:23:3f:24:d3:60,e2c56db5-dffb-48d2-b060-d0f5a71096e2,-45
2018-06-08 13:41:54.044062,2,497,ac:23:3f:24:d3:60,e2c56db5-dffb-48d2-b060-d0f5a71096e2,-45
2018-06-08 13:41:54.248115,2,498,ac:23:3f:24:d3:60,e2c56db5-dffb-48d2-b060-d0f5a71096e2,-45
2018-06-08 13:41:54.448336,2,499,ac:23:3f:24:d3:60,e2c56db5-dffb-48d2-b060-d0f5a71096e2,-47
2018-06-08 13:41:54.851878,2,500,ac:23:3f:24:d3:60,e2c56db5-dffb-48d2-b060-d0f5a71096e2,-45
2018-06-08 13:41:55.055208,2,501,ac:23:3f:24:d3:60,e2c56db5-dffb-48d2-b060-d0f5a71096e2,-28
2018-06-08 13:41:55.260285,2,502,ac:23:3f:24:d3:60,e2c56db5-dffb-48d2-b060-d0f5a71096e2,-45
2018-06-08 13:41:55.468202,2,503,ac:23:3f:24:d3:60,e2c56db5-dffb-48d2-b060-d0f5a71096e2,-47
2018-06-08 13:41:55.879492,2,504,ac:23:3f:24:d3:60,e2c56db5-dffb-48d2-b060-d0f5a71096e2,-45
2018-06-08 13:41:56.080206,2,505,ac:23:3f:24:d3:60,e2c56db5-dffb-48d2-b060-d0f5a71096e2,-45
2018-06-08 13:41:56.284885,2,506,ac:23:3f:24:d3:60,e2c56db5-dffb-48d2-b060-d0f5a71096e2,-47
2018-06-08 13:41:56.489368,2,507,ac:23:3f:24:d3:60,e2c56db5-dffb-48d2-b060-d0f5a71096e2,-47
2018-06-08 13:41:56.899835,2,508,ac:23:3f:24:d3:60,e2c56db5-dffb-48d2-b060-d0f5a71096e2,-45
2018-06-08 13:41:57.300533,2,509,ac:23:3f:24:d3:60,e2c56db5-dffb-48d2-b060-d0f5a71096e2,-45
2018-06-08 13:41:57.502772,2,510,ac:23:3f:24:d3:60,e2c56db5-dffb-48d2-b060-d0f5a71096e2,-47
2018-06-08 13:41:57.708371,2,511,ac:23:3f:24:d3:60,e2c56db5-dffb-48d2-b060-d0f5a71096e2,-45
2018-06-08 13:41:57.911924,2,512,ac:23:3f:24:d3:60,e2c56db5-dffb-48d2-b060-d0f5a71096e2,-45
2018-06-08 13:41:58.121815,2,513,ac:23:3f:24:d3:60,e2c56db5-dffb-48d2-b060-d0f5a71096e2,-45
2018-06-08 13:41:58.319376,2,514,ac:23:3f:24:d3:60,e2c56db5-dffb-48d2-b060-d0f5a71096e2,-48
2018-06-08 13:41:58.529329,2,515,ac:23:3f:24:d3:60,e2c56db5-dffb-48d2-b060-d0f5a71096e2,-47
2018-06-08 13:41:59.149964,2,516,ac:23:3f:24:d3:60,e2c56db5-dffb-48d2-b060-d0f5a71096e2,-45
2018-06-08 13:41:59.554244,2,517,ac:23:3f:24:d3:60,e2c56db5-dffb-48d2-b060-d0f5a71096e2,-45
2018-06-08 13:41:59.763105,2,518,ac:23:3f:24:d3:60,e2c56db5-dffb-48d2-b060-d0f5a71096e2,-45
2018-06-08 13:41:59.979941,2,519,ac:23:3f:24:d3:60,e2c56db5-dffb-48d2-b060-d0f5a71096e2,-35
2018-06-08 13:42:00.591522,2,520,ac:23:3f:24:d3:60,e2c56db5-dffb-48d2-b060-d0f5a71096e2,-41
2018-06-08 13:42:00.808130,2,521,ac:23:3f:24:d3:60,e2c56db5-dffb-48d2-b060-d0f5a71096e2,-47
2018-06-08 13:42:01.437877,2,522,ac:23:3f:24:d3:60,e2c56db5-dffb-48d2-b060-d0f5a71096e2,-45
2018-06-08 13:42:01.626058,2,523,ac:23:3f:24:d3:60,e2c56db5-dffb-48d2-b060-d0f5a71096e2,-47
2018-06-08 13:42:01.832017,2,524,ac:23:3f:24:d3:60,e2c56db5-dffb-48d2-b060-d0f5a71096e2,-47
2018-06-08 13:42:02.027662,2,525,ac:23:3f:24:d3:60,e2c56db5-dffb-48d2-b060-d0f5a71096e2,-45
2018-06-08 13:42:02.228086,2,526,ac:23:3f:24:d3:60,e2c56db5-dffb-48d2-b060-d0f5a71096e2,-39
2018-06-08 13:42:02.432748,2,527,ac:23:3f:24:d3:60,e2c56db5-dffb-48d2-b060-d0f5a71096e2,-45
2018-06-08 13:42:02.648556,2,528,ac:23:3f:24:d3:60,e2c56db5-dffb-48d2-b060-d0f5a71096e2,-45
2018-06-08 13:42:02.840472,2,529,ac:23:3f:24:d3:60,e2c56db5-dffb-48d2-b060-d0f5a71096e2,-47
2018-06-08 13:42:03.050499,2,530,ac:23:3f:24:d3:60,e2c56db5-dffb-48d2-b060-d0f5a71096e2,-36
2018-06-08 13:42:03.255013,2,531,ac:23:3f:24:d3:60,e2c56db5-dffb-48d2-b060-d0f5a71096e2,-44
2018-06-08 13:42:03.468573,2,532,ac:23:3f:24:d3:60,e2c56db5-dffb-48d2-b060-d0f5a71096e2,-45
2018-06-08 13:42:03.678045,2,533,ac:23:3f:24:d3:60,e2c56db5-dffb-48d2-b060-d0f5a71096e2,-45
2018-06-08 13:42:03.892277,2,534,ac:23:3f:24:d3:60,e2c56db5-dffb-48d2-b060-d0f5a71096e2,-45
2018-06-08 13:42:04.085942,2,535,ac:23:3f:24:d3:60,e2c56db5-dffb-48d2-b060-d0f5a71096e2,-45
2018-06-08 13:42:04.291123,2,536,ac:23:3f:24:d3:60,e2c56db5-dffb-48d2-b060-d0f5a71096e2,-52
2018-06-08 13:42:04.493989,2,537,ac:23:3f:24:d3:60,e2c56db5-dffb-48d2-b060-d0f5a71096e2,-47
2018-06-08 13:42:04.713158,2,538,ac:23:3f:24:d3:60,e2c56db5-dffb-48d2-b060-d0f5a71096e2,-31
2018-06-08 13:42:04.907226,2,539,ac:23:3f:24:d3:60,e2c56db5-dffb-48d2-b060-d0f5a71096e2,-44
2018-06-08 13:42:05.537479,2,540,ac:23:3f:24:d3:60,e2c56db5-dffb-48d2-b060-d0f5a71096e2,-31
2018-06-08 13:42:05.723953,2,541,ac:23:3f:24:d3:60,e2c56db5-dffb-48d2-b060-d0f5a71096e2,-47
2018-06-08 13:42:06.132439,2,542,ac:23:3f:24:d3:60,e2c56db5-dffb-48d2-b060-d0f5a71096e2,-45
2018-06-08 13:42:06.347416,2,543,ac:23:3f:24:d3:60,e2c56db5-dffb-48d2-b060-d0f5a71096e2,-44
2018-06-08 13:42:06.965541,2,544,ac:23:3f:24:d3:60,e2c56db5-dffb-48d2-b060-d0f5a71096e2,-48
2018-06-08 13:42:07.183269,2,545,ac:23:3f:24:d3:60,e2c56db5-dffb-48d2-b060-d0f5a71096e2,-47
2018-06-08 13:42:07.592388,2,546,ac:23:3f:24:d3:60,e2c56db5-dffb-48d2-b060-d0f5a71096e2,-44
2018-06-08 13:42:07.793120,2,547,ac:23:3f:24:d3:60,e2c56db5-dffb-48d2-b060-d0f5a71096e2,-44
2018-06-08 13:42:07.997114,2,548,ac:23:3f:24:d3:60,e2c56db5-dffb-48d2-b060-d0f5a71096e2,-45
2018-06-08 13:42:08.197907,2,549,ac:23:3f:24:d3:60,e2c56db5-dffb-48d2-b060-d0f5a71096e2,-47
2018-06-08 13:42:08.600098,2,550,ac:23:3f:24:d3:60,e2c56db5-dffb-48d2-b060-d0f5a71096e2,-44
2018-06-08 13:42:08.804851,2,551,ac:23:3f:24:d3:60,e2c56db5-dffb-48d2-b060-d0f5a71096e2,-45
2018-06-08 13:42:09.015659,2,552,ac:23:3f:24:d3:60,e2c56db5-dffb-48d2-b060-d0f5a71096e2,-45
2018-06-08 13:42:09.429761,2,553,ac:23:3f:24:d3:60,e2c56db5-dffb-48d2-b060-d0f5a71096e2,-41
2018-06-08 13:42:09.636650,2,554,ac:23:3f:24:d3:60,e2c56db5-dffb-48d2-b060-d0f5a71096e2,-28
2018-06-08 13:42:09.837453,2,555,ac:23:3f:24:d3:60,e2c56db5-dffb-48d2-b060-d0f5a71096e2,-28
2018-06-08 13:42:10.044190,2,556,ac:23:3f:24:d3:60,e2c56db5-dffb-48d2-b060-d0f5a71096e2,-45
2018-06-08 13:42:10.238214,2,557,ac:23:3f:24:d3:60,e2c56db5-dffb-48d2-b060-d0f5a71096e2,-45
2018-06-08 13:42:10.448901,2,558,ac:23:3f:24:d3:60,e2c56db5-dffb-48d2-b060-d0f5a71096e2,-47
2018-06-08 13:42:10.848011,2,559,ac:23:3f:24:d3:60,e2c56db5-dffb-48d2-b060-d0f5a71096e2,-44
2018-06-08 13:42:11.052039,2,560,ac:23:3f:24:d3:60,e2c56db5-dffb-48d2-b060-d0f5a71096e2,-45
2018-06-08 13:42:11.257665,2,561,ac:23:3f:24:d3:60,e2c56db5-dffb-48d2-b060-d0f5a71096e2,-29
2018-06-08 13:42:11.453305,2,562,ac:23:3f:24:d3:60,e2c56db5-dffb-48d2-b060-d0f5a71096e2,-40
2018-06-08 13:42:11.657829,2,563,ac:23:3f:24:d3:60,e2c56db5-dffb-48d2-b060-d0f5a71096e2,-45
2018-06-08 13:42:11.858834,2,564,ac:23:3f:24:d3:60,e2c56db5-dffb-48d2-b060-d0f5a71096e2,-45
2018-06-08 13:42:12.063760,2,565,ac:23:3f:24:d3:60,e2c56db5-dffb-48d2-b060-d0f5a71096e2,-45
2018-06-08 13:42:12.270263,2,566,ac:23:3f:24:d3:60,e2c56db5-dffb-48d2-b060-d0f5a71096e2,-36
2018-06-08 13:42:12.684754,2,567,ac:23:3f:24:d3:60,e2c56db5-dffb-48d2-b060-d0f5a71096e2,-27
2018-06-08 13:42:12.876919,2,568,ac:23:3f:24:d3:60,e2c56db5-dffb-48d2-b060-d0f5a71096e2,-45
2018-06-08 13:42:13.082935,2,569,ac:23:3f:24:d3:60,e2c56db5-dffb-48d2-b060-d0f5a71096e2,-45
2018-06-08 13:42:13.292727,2,570,ac:23:3f:24:d3:60,e2c56db5-dffb-48d2-b060-d0f5a71096e2,-45
2018-06-08 13:42:13.499010,2,571,ac:23:3f:24:d3:60,e2c56db5-dffb-48d2-b060-d0f5a71096e2,-41
2018-06-08 13:42:13.705078,2,572,ac:23:3f:24:d3:60,e2c56db5-dffb-48d2-b060-d0f5a71096e2,-44
2018-06-08 13:42:13.907741,2,573,ac:23:3f:24:d3:60,e2c56db5-dffb-48d2-b060-d0f5a71096e2,-44
2018-06-08 13:42:14.106396,2,574,ac:23:3f:24:d3:60,e2c56db5-dffb-48d2-b060-d0f5a71096e2,-47
2018-06-08 13:42:14.310858,2,575,ac:23:3f:24:d3:60,e2c56db5-dffb-48d2-b060-d0f5a71096e2,-47
2018-06-08 13:42:14.519686,2,576,ac:23:3f:24:d3:60,e2c56db5-dffb-48d2-b060-d0f5a71096e2,-47
2018-06-08 13:42:14.729717,2,577,ac:23:3f:24:d3:60,e2c56db5-dffb-48d2-b060-d0f5a71096e2,-45
2018-06-08 13:42:14.929691,2,578,ac:23:3f:24:d3:60,e2c56db5-dffb-48d2-b060-d0f5a71096e2,-27
2018-06-08 13:42:15.138280,2,579,ac:23:3f:24:d3:60,e2c56db5-dffb-48d2-b060-d0f5a71096e2,-45
2018-06-08 13:42:15.332705,2,580,ac:23:3f:24:d3:60,e2c56db5-dffb-48d2-b060-d0f5a71096e2,-40
2018-06-08 13:42:15.748955,2,581,ac:23:3f:24:d3:60,e2c56db5-dffb-48d2-b060-d0f5a71096e2,-47
2018-06-08 13:42:15.960044,2,582,ac:23:3f:24:d3:60,e2c56db5-dffb-48d2-b060-d0f5a71096e2,-47
2018-06-08 13:42:16.365003,2,583,ac:23:3f:24:d3:60,e2c56db5-dffb-48d2-b060-d0f5a71096e2,-45
2018-06-08 13:42:16.568400,2,584,ac:23:3f:24:d3:60,e2c56db5-dffb-48d2-b060-d0f5a71096e2,-29
2018-06-08 13:42:16.768724,2,585,ac:23:3f:24:d3:60,e2c56db5-dffb-48d2-b060-d0f5a71096e2,-47
2018-06-08 13:42:16.972735,2,586,ac:23:3f:24:d3:60,e2c56db5-dffb-48d2-b060-d0f5a71096e2,-44
2018-06-08 13:42:17.168570,2,587,ac:23:3f:24:d3:60,e2c56db5-dffb-48d2-b060-d0f5a71096e2,-45
2018-06-08 13:42:17.372903,2,588,ac:23:3f:24:d3:60,e2c56db5-dffb-48d2-b060-d0f5a71096e2,-45
2018-06-08 13:42:17.572918,2,589,ac:23:3f:24:d3:60,e2c56db5-dffb-48d2-b060-d0f5a71096e2,-47
2018-06-08 13:42:17.779008,2,590,ac:23:3f:24:d3:60,e2c56db5-dffb-48d2-b060-d0f5a71096e2,-45
2018-06-08 13:42:17.993546,2,591,ac:23:3f:24:d3:60,e2c56db5-dffb-48d2-b060-d0f5a71096e2,-44
2018-06-08 13:42:18.202127,2,592,ac:23:3f:24:d3:60,e2c56db5-dffb-48d2-b060-d0f5a71096e2,-45
2018-06-08 13:42:18.405920,2,593,ac:23:3f:24:d3:60,e2c56db5-dffb-48d2-b060-d0f5a71096e2,-45
2018-06-08 13:42:18.604963,2,594,ac:23:3f:24:d3:60,e2c56db5-dffb-48d2-b060-d0f5a71096e2,-47
2018-06-08 13:42:18.809009,2,595,ac:23:3f:24:d3:60,e2c56db5-dffb-48d2-b060-d0f5a71096e2,-47
2018-06-08 13:42:19.014600,2,596,ac:23:3f:24:d3:60,e2c56db5-dffb-48d2-b060-d0f5a71096e2,-44
2018-06-08 13:42:19.214458,2,597,ac:23:3f:24:d3:60,e2c56db5-dffb-48d2-b060-d0f5a71096e2,-45
2018-06-08 13:42:19.422757,2,598,ac:23:3f:24:d3:60,e2c56db5-dffb-48d2-b060-d0f5a71096e2,-45
2018-06-08 13:42:19.628773,2,599,ac:23:3f:24:d3:60,e2c56db5-dffb-48d2-b060-d0f5a71096e2,-45
2018-06-08 13:42:19.838725,2,600,ac:23:3f:24:d3:60,e2c56db5-dffb-48d2-b060-d0f5a71096e2,-45
2018-06-08 13:42:20.038530,2,601,ac:23:3f:24:d3:60,e2c56db5-dffb-48d2-b060-d0f5a71096e2,-48
2018-06-08 13:42:20.660524,2,602,ac:23:3f:24:d3:60,e2c56db5-dffb-48d2-b060-d0f5a71096e2,-45
2018-06-08 13:42:20.863723,2,603,ac:23:3f:24:d3:60,e2c56db5-dffb-48d2-b060-d0f5a71096e2,-45
2018-06-08 13:42:21.066841,2,604,ac:23:3f:24:d3:60,e2c56db5-dffb-48d2-b060-d0f5a71096e2,-47
2018-06-08 13:42:21.269043,2,605,ac:23:3f:24:d3:60,e2c56db5-dffb-48d2-b060-d0f5a71096e2,-48
2018-06-08 13:42:21.471970,2,606,ac:23:3f:24:d3:60,e2c56db5-dffb-48d2-b060-d0f5a71096e2,-44
2018-06-08 13:42:21.676082,2,607,ac:23:3f:24:d3:60,e2c56db5-dffb-48d2-b060-d0f5a71096e2,-45
2018-06-08 13:42:22.084190,2,608,ac:23:3f:24:d3:60,e2c56db5-dffb-48d2-b060-d0f5a71096e2,-47
2018-06-08 13:42:22.284783,2,609,ac:23:3f:24:d3:60,e2c56db5-dffb-48d2-b060-d0f5a71096e2,-48
2018-06-08 13:42:22.487118,2,610,ac:23:3f:24:d3:60,e2c56db5-dffb-48d2-b060-d0f5a71096e2,-44
2018-06-08 13:42:22.694638,2,611,ac:23:3f:24:d3:60,e2c56db5-dffb-48d2-b060-d0f5a71096e2,-27
2018-06-08 13:42:22.899063,2,612,ac:23:3f:24:d3:60,e2c56db5-dffb-48d2-b060-d0f5a71096e2,-39
2018-06-08 13:42:23.099394,2,613,ac:23:3f:24:d3:60,e2c56db5-dffb-48d2-b060-d0f5a71096e2,-47
2018-06-08 13:42:23.506457,2,614,ac:23:3f:24:d3:60,e2c56db5-dffb-48d2-b060-d0f5a71096e2,-27
2018-06-08 13:42:23.715805,2,615,ac:23:3f:24:d3:60,e2c56db5-dffb-48d2-b060-d0f5a71096e2,-44
2018-06-08 13:42:23.930569,2,616,ac:23:3f:24:d3:60,e2c56db5-dffb-48d2-b060-d0f5a71096e2,-45
2018-06-08 13:42:24.136533,2,617,ac:23:3f:24:d3:60,e2c56db5-dffb-48d2-b060-d0f5a71096e2,-45
2018-06-08 13:42:24.336192,2,618,ac:23:3f:24:d3:60,e2c56db5-dffb-48d2-b060-d0f5a71096e2,-48
2018-06-08 13:42:24.543973,2,619,ac:23:3f:24:d3:60,e2c56db5-dffb-48d2-b060-d0f5a71096e2,-47
2018-06-08 13:42:24.752519,2,620,ac:23:3f:24:d3:60,e2c56db5-dffb-48d2-b060-d0f5a71096e2,-47
2018-06-08 13:42:24.959073,2,621,ac:23:3f:24:d3:60,e2c56db5-dffb-48d2-b060-d0f5a71096e2,-32
2018-06-08 13:42:25.581735,2,622,ac:23:3f:24:d3:60,e2c56db5-dffb-48d2-b060-d0f5a71096e2,-45
2018-06-08 13:42:25.790141,2,623,ac:23:3f:24:d3:60,e2c56db5-dffb-48d2-b060-d0f5a71096e2,-44
2018-06-08 13:42:26.199534,2,624,ac:23:3f:24:d3:60,e2c56db5-dffb-48d2-b060-d0f5a71096e2,-45
2018-06-08 13:42:26.398986,2,625,ac:23:3f:24:d3:60,e2c56db5-dffb-48d2-b060-d0f5a71096e2,-47
2018-06-08 13:42:26.605400,2,626,ac:23:3f:24:d3:60,e2c56db5-dffb-48d2-b060-d0f5a71096e2,-44
2018-06-08 13:42:26.801965,2,627,ac:23:3f:24:d3:60,e2c56db5-dffb-48d2-b060-d0f5a71096e2,-27
2018-06-08 13:42:27.008527,2,628,ac:23:3f:24:d3:60,e2c56db5-dffb-48d2-b060-d0f5a71096e2,-45
2018-06-08 13:42:27.209750,2,629,ac:23:3f:24:d3:60,e2c56db5-dffb-48d2-b060-d0f5a71096e2,-47
2018-06-08 13:42:27.619832,2,630,ac:23:3f:24:d3:60,e2c56db5-dffb-48d2-b060-d0f5a71096e2,-44
2018-06-08 13:42:27.824780,2,631,ac:23:3f:24:d3:60,e2c56db5-dffb-48d2-b060-d0f5a71096e2,-45
2018-06-08 13:42:28.025083,2,632,ac:23:3f:24:d3:60,e2c56db5-dffb-48d2-b060-d0f5a71096e2,-41
2018-06-08 13:42:28.633069,2,633,ac:23:3f:24:d3:60,e2c56db5-dffb-48d2-b060-d0f5a71096e2,-44
2018-06-08 13:42:28.842173,2,634,ac:23:3f:24:d3:60,e2c56db5-dffb-48d2-b060-d0f5a71096e2,-44
2018-06-08 13:42:29.262347,2,635,ac:23:3f:24:d3:60,e2c56db5-dffb-48d2-b060-d0f5a71096e2,-45
2018-06-08 13:42:29.463925,2,636,ac:23:3f:24:d3:60,e2c56db5-dffb-48d2-b060-d0f5a71096e2,-47
2018-06-08 13:42:29.670556,2,637,ac:23:3f:24:d3:60,e2c56db5-dffb-48d2-b060-d0f5a71096e2,-47
2018-06-08 13:42:30.077580,2,638,ac:23:3f:24:d3:60,e2c56db5-dffb-48d2-b060-d0f5a71096e2,-27
2018-06-08 13:42:30.282729,2,639,ac:23:3f:24:d3:60,e2c56db5-dffb-48d2-b060-d0f5a71096e2,-45
2018-06-08 13:42:30.484837,2,640,ac:23:3f:24:d3:60,e2c56db5-dffb-48d2-b060-d0f5a71096e2,-45
2018-06-08 13:42:30.692549,2,641,ac:23:3f:24:d3:60,e2c56db5-dffb-48d2-b060-d0f5a71096e2,-47
2018-06-08 13:42:30.905253,2,642,ac:23:3f:24:d3:60,e2c56db5-dffb-48d2-b060-d0f5a71096e2,-41
2018-06-08 13:42:31.314121,2,643,ac:23:3f:24:d3:60,e2c56db5-dffb-48d2-b060-d0f5a71096e2,-33
2018-06-08 13:42:31.521924,2,644,ac:23:3f:24:d3:60,e2c56db5-dffb-48d2-b060-d0f5a71096e2,-45
2018-06-08 13:42:31.933325,2,645,ac:23:3f:24:d3:60,e2c56db5-dffb-48d2-b060-d0f5a71096e2,-45
2018-06-08 13:42:32.137130,2,646,ac:23:3f:24:d3:60,e2c56db5-dffb-48d2-b060-d0f5a71096e2,-47
2018-06-08 13:42:32.343070,2,647,ac:23:3f:24:d3:60,e2c56db5-dffb-48d2-b060-d0f5a71096e2,-48
2018-06-08 13:42:32.747078,2,648,ac:23:3f:24:d3:60,e2c56db5-dffb-48d2-b060-d0f5a71096e2,-45
2018-06-08 13:42:32.954956,2,649,ac:23:3f:24:d3:60,e2c56db5-dffb-48d2-b060-d0f5a71096e2,-45
2018-06-08 13:42:33.162761,2,650,ac:23:3f:24:d3:60,e2c56db5-dffb-48d2-b060-d0f5a71096e2,-45
2018-06-08 13:42:33.360777,2,651,ac:23:3f:24:d3:60,e2c56db5-dffb-48d2-b060-d0f5a71096e2,-41
2018-06-08 13:42:33.563771,2,652,ac:23:3f:24:d3:60,e2c56db5-dffb-48d2-b060-d0f5a71096e2,-31
2018-06-08 13:42:34.393276,2,653,ac:23:3f:24:d3:60,e2c56db5-dffb-48d2-b060-d0f5a71096e2,-45
2018-06-08 13:42:34.599271,2,654,ac:23:3f:24:d3:60,e2c56db5-dffb-48d2-b060-d0f5a71096e2,-45
2018-06-08 13:42:35.011778,2,655,ac:23:3f:24:d3:60,e2c56db5-dffb-48d2-b060-d0f5a71096e2,-47
2018-06-08 13:42:35.416947,2,656,ac:23:3f:24:d3:60,e2c56db5-dffb-48d2-b060-d0f5a71096e2,-29
2018-06-08 13:42:35.625933,2,657,ac:23:3f:24:d3:60,e2c56db5-dffb-48d2-b060-d0f5a71096e2,-45
2018-06-08 13:42:35.835287,2,658,ac:23:3f:24:d3:60,e2c56db5-dffb-48d2-b060-d0f5a71096e2,-29
2018-06-08 13:42:36.242099,2,659,ac:23:3f:24:d3:60,e2c56db5-dffb-48d2-b060-d0f5a71096e2,-33
2018-06-08 13:42:36.444866,2,660,ac:23:3f:24:d3:60,e2c56db5-dffb-48d2-b060-d0f5a71096e2,-45
2018-06-08 13:42:36.653740,2,661,ac:23:3f:24:d3:60,e2c56db5-dffb-48d2-b060-d0f5a71096e2,-45
2018-06-08 13:42:36.868139,2,662,ac:23:3f:24:d3:60,e2c56db5-dffb-48d2-b060-d0f5a71096e2,-45
2018-06-08 13:42:37.071798,2,663,ac:23:3f:24:d3:60,e2c56db5-dffb-48d2-b060-d0f5a71096e2,-45
2018-06-08 13:42:37.270303,2,664,ac:23:3f:24:d3:60,e2c56db5-dffb-48d2-b060-d0f5a71096e2,-47
2018-06-08 13:42:37.471087,2,665,ac:23:3f:24:d3:60,e2c56db5-dffb-48d2-b060-d0f5a71096e2,-47
2018-06-08 13:42:37.676603,2,666,ac:23:3f:24:d3:60,e2c56db5-dffb-48d2-b060-d0f5a71096e2,-45
2018-06-08 13:42:38.081996,2,667,ac:23:3f:24:d3:60,e2c56db5-dffb-48d2-b060-d0f5a71096e2,-45
2018-06-08 13:42:38.286197,2,668,ac:23:3f:24:d3:60,e2c56db5-dffb-48d2-b060-d0f5a71096e2,-31
2018-06-08 13:42:38.494806,2,669,ac:23:3f:24:d3:60,e2c56db5-dffb-48d2-b060-d0f5a71096e2,-47
2018-06-08 13:42:38.700827,2,670,ac:23:3f:24:d3:60,e2c56db5-dffb-48d2-b060-d0f5a71096e2,-47
2018-06-08 13:42:38.906908,2,671,ac:23:3f:24:d3:60,e2c56db5-dffb-48d2-b060-d0f5a71096e2,-44
2018-06-08 13:42:39.111024,2,672,ac:23:3f:24:d3:60,e2c56db5-dffb-48d2-b060-d0f5a71096e2,-36
2018-06-08 13:42:39.311688,2,673,ac:23:3f:24:d3:60,e2c56db5-dffb-48d2-b060-d0f5a71096e2,-45
2018-06-08 13:42:39.520317,2,674,ac:23:3f:24:d3:60,e2c56db5-dffb-48d2-b060-d0f5a71096e2,-28
2018-06-08 13:42:39.729978,2,675,ac:23:3f:24:d3:60,e2c56db5-dffb-48d2-b060-d0f5a71096e2,-34
2018-06-08 13:42:40.136076,2,676,ac:23:3f:24:d3:60,e2c56db5-dffb-48d2-b060-d0f5a71096e2,-45
2018-06-08 13:42:40.337235,2,677,ac:23:3f:24:d3:60,e2c56db5-dffb-48d2-b060-d0f5a71096e2,-45
2018-06-08 13:42:40.546619,2,678,ac:23:3f:24:d3:60,e2c56db5-dffb-48d2-b060-d0f5a71096e2,-45
2018-06-08 13:42:40.755475,2,679,ac:23:3f:24:d3:60,e2c56db5-dffb-48d2-b060-d0f5a71096e2,-35
2018-06-08 13:42:40.953898,2,680,ac:23:3f:24:d3:60,e2c56db5-dffb-48d2-b060-d0f5a71096e2,-45
2018-06-08 13:42:41.156098,2,681,ac:23:3f:24:d3:60,e2c56db5-dffb-48d2-b060-d0f5a71096e2,-47
2018-06-08 13:42:41.360331,2,682,ac:23:3f:24:d3:60,e2c56db5-dffb-48d2-b060-d0f5a71096e2,-27
2018-06-08 13:42:41.573765,2,683,ac:23:3f:24:d3:60,e2c56db5-dffb-48d2-b060-d0f5a71096e2,-45
2018-06-08 13:42:41.773890,2,684,ac:23:3f:24:d3:60,e2c56db5-dffb-48d2-b060-d0f5a71096e2,-45
2018-06-08 13:42:41.979879,2,685,ac:23:3f:24:d3:60,e2c56db5-dffb-48d2-b060-d0f5a71096e2,-47
2018-06-08 13:42:42.389596,2,686,ac:23:3f:24:d3:60,e2c56db5-dffb-48d2-b060-d0f5a71096e2,-45
2018-06-08 13:42:42.581937,2,687,ac:23:3f:24:d3:60,e2c56db5-dffb-48d2-b060-d0f5a71096e2,-45
2018-06-08 13:42:42.787698,2,688,ac:23:3f:24:d3:60,e2c56db5-dffb-48d2-b060-d0f5a71096e2,-45
2018-06-08 13:42:42.996678,2,689,ac:23:3f:24:d3:60,e2c56db5-dffb-48d2-b060-d0f5a71096e2,-36
