timestamp,dataNum,antennaID,beaconID,beaconMac,beaconUUID,beaconRSSI,(office room2.11 path_loss_0.6m)
2018-06-14 19:41:16.097011,1,2,1,c1:00:dd:00:01:de,e2c56db5-dffb-48d2-b060-d0f5a71096e0,-47
2018-06-14 19:41:16.301711,2,2,1,c1:00:dd:00:01:de,e2c56db5-dffb-48d2-b060-d0f5a71096e0,-63
2018-06-14 19:41:16.505171,3,2,1,c1:00:dd:00:01:de,e2c56db5-dffb-48d2-b060-d0f5a71096e0,-63
2018-06-14 19:41:16.715115,4,2,1,c1:00:dd:00:01:de,e2c56db5-dffb-48d2-b060-d0f5a71096e0,-69
2018-06-14 19:41:16.919861,5,2,1,c1:00:dd:00:01:de,e2c56db5-dffb-48d2-b060-d0f5a71096e0,-79
2018-06-14 19:41:17.322329,6,2,1,c1:00:dd:00:01:de,e2c56db5-dffb-48d2-b060-d0f5a71096e0,-46
2018-06-14 19:41:17.528460,7,2,1,c1:00:dd:00:01:de,e2c56db5-dffb-48d2-b060-d0f5a71096e0,-49
2018-06-14 19:41:18.365520,8,2,1,c1:00:dd:00:01:de,e2c56db5-dffb-48d2-b060-d0f5a71096e0,-69
2018-06-14 19:41:18.572412,9,2,1,c1:00:dd:00:01:de,e2c56db5-dffb-48d2-b060-d0f5a71096e0,-68
2018-06-14 19:41:18.775063,10,2,1,c1:00:dd:00:01:de,e2c56db5-dffb-48d2-b060-d0f5a71096e0,-61
2018-06-14 19:41:18.975848,11,2,1,c1:00:dd:00:01:de,e2c56db5-dffb-48d2-b060-d0f5a71096e0,-62
2018-06-14 19:41:19.184146,12,2,1,c1:00:dd:00:01:de,e2c56db5-dffb-48d2-b060-d0f5a71096e0,-62
2018-06-14 19:41:19.384649,13,2,1,c1:00:dd:00:01:de,e2c56db5-dffb-48d2-b060-d0f5a71096e0,-62
2018-06-14 19:41:19.594815,14,2,1,c1:00:dd:00:01:de,e2c56db5-dffb-48d2-b060-d0f5a71096e0,-62
2018-06-14 19:41:19.797995,15,2,1,c1:00:dd:00:01:de,e2c56db5-dffb-48d2-b060-d0f5a71096e0,-52
2018-06-14 19:41:20.000100,16,2,1,c1:00:dd:00:01:de,e2c56db5-dffb-48d2-b060-d0f5a71096e0,-62
2018-06-14 19:41:20.201549,17,2,1,c1:00:dd:00:01:de,e2c56db5-dffb-48d2-b060-d0f5a71096e0,-62
2018-06-14 19:41:20.407155,18,2,1,c1:00:dd:00:01:de,e2c56db5-dffb-48d2-b060-d0f5a71096e0,-62
2018-06-14 19:41:20.823477,19,2,1,c1:00:dd:00:01:de,e2c56db5-dffb-48d2-b060-d0f5a71096e0,-68
2018-06-14 19:41:21.024946,20,2,1,c1:00:dd:00:01:de,e2c56db5-dffb-48d2-b060-d0f5a71096e0,-47
2018-06-14 19:41:21.230856,21,2,1,c1:00:dd:00:01:de,e2c56db5-dffb-48d2-b060-d0f5a71096e0,-47
2018-06-14 19:41:21.435404,22,2,1,c1:00:dd:00:01:de,e2c56db5-dffb-48d2-b060-d0f5a71096e0,-49
2018-06-14 19:41:21.641869,23,2,1,c1:00:dd:00:01:de,e2c56db5-dffb-48d2-b060-d0f5a71096e0,-63
2018-06-14 19:41:22.052873,24,2,1,c1:00:dd:00:01:de,e2c56db5-dffb-48d2-b060-d0f5a71096e0,-69
2018-06-14 19:41:22.257994,25,2,1,c1:00:dd:00:01:de,e2c56db5-dffb-48d2-b060-d0f5a71096e0,-67
2018-06-14 19:41:22.461274,26,2,1,c1:00:dd:00:01:de,e2c56db5-dffb-48d2-b060-d0f5a71096e0,-69
2018-06-14 19:41:22.665800,27,2,1,c1:00:dd:00:01:de,e2c56db5-dffb-48d2-b060-d0f5a71096e0,-62
2018-06-14 19:41:22.875307,28,2,1,c1:00:dd:00:01:de,e2c56db5-dffb-48d2-b060-d0f5a71096e0,-62
2018-06-14 19:41:23.283185,29,2,1,c1:00:dd:00:01:de,e2c56db5-dffb-48d2-b060-d0f5a71096e0,-69
2018-06-14 19:41:23.692522,30,2,1,c1:00:dd:00:01:de,e2c56db5-dffb-48d2-b060-d0f5a71096e0,-64
2018-06-14 19:41:23.895056,31,2,1,c1:00:dd:00:01:de,e2c56db5-dffb-48d2-b060-d0f5a71096e0,-64
2018-06-14 19:41:24.093216,32,2,1,c1:00:dd:00:01:de,e2c56db5-dffb-48d2-b060-d0f5a71096e0,-68
2018-06-14 19:41:24.296208,33,2,1,c1:00:dd:00:01:de,e2c56db5-dffb-48d2-b060-d0f5a71096e0,-62
2018-06-14 19:41:24.503991,34,2,1,c1:00:dd:00:01:de,e2c56db5-dffb-48d2-b060-d0f5a71096e0,-62
2018-06-14 19:41:24.712251,35,2,1,c1:00:dd:00:01:de,e2c56db5-dffb-48d2-b060-d0f5a71096e0,-47
2018-06-14 19:41:24.905443,36,2,1,c1:00:dd:00:01:de,e2c56db5-dffb-48d2-b060-d0f5a71096e0,-65
2018-06-14 19:41:25.107751,37,2,1,c1:00:dd:00:01:de,e2c56db5-dffb-48d2-b060-d0f5a71096e0,-52
2018-06-14 19:41:25.316520,38,2,1,c1:00:dd:00:01:de,e2c56db5-dffb-48d2-b060-d0f5a71096e0,-69
2018-06-14 19:41:25.528065,39,2,1,c1:00:dd:00:01:de,e2c56db5-dffb-48d2-b060-d0f5a71096e0,-68
2018-06-14 19:41:25.739600,40,2,1,c1:00:dd:00:01:de,e2c56db5-dffb-48d2-b060-d0f5a71096e0,-67
2018-06-14 19:41:25.939943,41,2,1,c1:00:dd:00:01:de,e2c56db5-dffb-48d2-b060-d0f5a71096e0,-63
2018-06-14 19:41:26.149689,42,2,1,c1:00:dd:00:01:de,e2c56db5-dffb-48d2-b060-d0f5a71096e0,-49
2018-06-14 19:41:26.348794,43,2,1,c1:00:dd:00:01:de,e2c56db5-dffb-48d2-b060-d0f5a71096e0,-62
2018-06-14 19:41:26.555099,44,2,1,c1:00:dd:00:01:de,e2c56db5-dffb-48d2-b060-d0f5a71096e0,-69
2018-06-14 19:41:26.756970,45,2,1,c1:00:dd:00:01:de,e2c56db5-dffb-48d2-b060-d0f5a71096e0,-68
2018-06-14 19:41:26.962210,46,2,1,c1:00:dd:00:01:de,e2c56db5-dffb-48d2-b060-d0f5a71096e0,-68
2018-06-14 19:41:27.164776,47,2,1,c1:00:dd:00:01:de,e2c56db5-dffb-48d2-b060-d0f5a71096e0,-61
2018-06-14 19:41:27.581153,48,2,1,c1:00:dd:00:01:de,e2c56db5-dffb-48d2-b060-d0f5a71096e0,-63
2018-06-14 19:41:27.784405,49,2,1,c1:00:dd:00:01:de,e2c56db5-dffb-48d2-b060-d0f5a71096e0,-52
2018-06-14 19:41:27.986888,50,2,1,c1:00:dd:00:01:de,e2c56db5-dffb-48d2-b060-d0f5a71096e0,-68
start saving
2018-06-14 19:41:28.194589,51,2,1,c1:00:dd:00:01:de,e2c56db5-dffb-48d2-b060-d0f5a71096e0,-68
2018-06-14 19:41:28.399661,52,2,1,c1:00:dd:00:01:de,e2c56db5-dffb-48d2-b060-d0f5a71096e0,-61
2018-06-14 19:41:28.608984,53,2,1,c1:00:dd:00:01:de,e2c56db5-dffb-48d2-b060-d0f5a71096e0,-62
2018-06-14 19:41:28.808865,54,2,1,c1:00:dd:00:01:de,e2c56db5-dffb-48d2-b060-d0f5a71096e0,-64
2018-06-14 19:41:29.012880,55,2,1,c1:00:dd:00:01:de,e2c56db5-dffb-48d2-b060-d0f5a71096e0,-52
2018-06-14 19:41:29.218710,56,2,1,c1:00:dd:00:01:de,e2c56db5-dffb-48d2-b060-d0f5a71096e0,-52
2018-06-14 19:41:29.422070,57,2,1,c1:00:dd:00:01:de,e2c56db5-dffb-48d2-b060-d0f5a71096e0,-61
2018-06-14 19:41:29.623113,58,2,1,c1:00:dd:00:01:de,e2c56db5-dffb-48d2-b060-d0f5a71096e0,-62
2018-06-14 19:41:29.831754,59,2,1,c1:00:dd:00:01:de,e2c56db5-dffb-48d2-b060-d0f5a71096e0,-64
2018-06-14 19:41:30.240028,60,2,1,c1:00:dd:00:01:de,e2c56db5-dffb-48d2-b060-d0f5a71096e0,-69
2018-06-14 19:41:30.439258,61,2,1,c1:00:dd:00:01:de,e2c56db5-dffb-48d2-b060-d0f5a71096e0,-62
2018-06-14 19:41:30.645398,62,2,1,c1:00:dd:00:01:de,e2c56db5-dffb-48d2-b060-d0f5a71096e0,-62
2018-06-14 19:41:31.050209,63,2,1,c1:00:dd:00:01:de,e2c56db5-dffb-48d2-b060-d0f5a71096e0,-69
2018-06-14 19:41:31.256871,64,2,1,c1:00:dd:00:01:de,e2c56db5-dffb-48d2-b060-d0f5a71096e0,-62
2018-06-14 19:41:31.456355,65,2,1,c1:00:dd:00:01:de,e2c56db5-dffb-48d2-b060-d0f5a71096e0,-48
2018-06-14 19:41:31.665909,66,2,1,c1:00:dd:00:01:de,e2c56db5-dffb-48d2-b060-d0f5a71096e0,-62
2018-06-14 19:41:31.864610,67,2,1,c1:00:dd:00:01:de,e2c56db5-dffb-48d2-b060-d0f5a71096e0,-63
2018-06-14 19:41:32.272200,68,2,1,c1:00:dd:00:01:de,e2c56db5-dffb-48d2-b060-d0f5a71096e0,-68
2018-06-14 19:41:32.479319,69,2,1,c1:00:dd:00:01:de,e2c56db5-dffb-48d2-b060-d0f5a71096e0,-63
2018-06-14 19:41:32.684653,70,2,1,c1:00:dd:00:01:de,e2c56db5-dffb-48d2-b060-d0f5a71096e0,-64
2018-06-14 19:41:33.090434,71,2,1,c1:00:dd:00:01:de,e2c56db5-dffb-48d2-b060-d0f5a71096e0,-69
2018-06-14 19:41:33.292822,72,2,1,c1:00:dd:00:01:de,e2c56db5-dffb-48d2-b060-d0f5a71096e0,-63
2018-06-14 19:41:33.498683,73,2,1,c1:00:dd:00:01:de,e2c56db5-dffb-48d2-b060-d0f5a71096e0,-64
2018-06-14 19:41:33.692942,74,2,1,c1:00:dd:00:01:de,e2c56db5-dffb-48d2-b060-d0f5a71096e0,-63
2018-06-14 19:41:33.898217,75,2,1,c1:00:dd:00:01:de,e2c56db5-dffb-48d2-b060-d0f5a71096e0,-69
2018-06-14 19:41:34.098603,76,2,1,c1:00:dd:00:01:de,e2c56db5-dffb-48d2-b060-d0f5a71096e0,-61
2018-06-14 19:41:34.303281,77,2,1,c1:00:dd:00:01:de,e2c56db5-dffb-48d2-b060-d0f5a71096e0,-61
2018-06-14 19:41:34.511758,78,2,1,c1:00:dd:00:01:de,e2c56db5-dffb-48d2-b060-d0f5a71096e0,-63
2018-06-14 19:41:35.339355,79,2,1,c1:00:dd:00:01:de,e2c56db5-dffb-48d2-b060-d0f5a71096e0,-69
2018-06-14 19:41:35.540940,80,2,1,c1:00:dd:00:01:de,e2c56db5-dffb-48d2-b060-d0f5a71096e0,-61
2018-06-14 19:41:35.746506,81,2,1,c1:00:dd:00:01:de,e2c56db5-dffb-48d2-b060-d0f5a71096e0,-48
2018-06-14 19:41:35.952070,82,2,1,c1:00:dd:00:01:de,e2c56db5-dffb-48d2-b060-d0f5a71096e0,-63
2018-06-14 19:41:36.154678,83,2,1,c1:00:dd:00:01:de,e2c56db5-dffb-48d2-b060-d0f5a71096e0,-53
2018-06-14 19:41:36.363233,84,2,1,c1:00:dd:00:01:de,e2c56db5-dffb-48d2-b060-d0f5a71096e0,-69
2018-06-14 19:41:36.572007,85,2,1,c1:00:dd:00:01:de,e2c56db5-dffb-48d2-b060-d0f5a71096e0,-52
2018-06-14 19:41:36.777460,86,2,1,c1:00:dd:00:01:de,e2c56db5-dffb-48d2-b060-d0f5a71096e0,-62
2018-06-14 19:41:36.975828,87,2,1,c1:00:dd:00:01:de,e2c56db5-dffb-48d2-b060-d0f5a71096e0,-47
2018-06-14 19:41:37.175223,88,2,1,c1:00:dd:00:01:de,e2c56db5-dffb-48d2-b060-d0f5a71096e0,-64
2018-06-14 19:41:37.378286,89,2,1,c1:00:dd:00:01:de,e2c56db5-dffb-48d2-b060-d0f5a71096e0,-68
2018-06-14 19:41:37.591677,90,2,1,c1:00:dd:00:01:de,e2c56db5-dffb-48d2-b060-d0f5a71096e0,-67
2018-06-14 19:41:37.792042,91,2,1,c1:00:dd:00:01:de,e2c56db5-dffb-48d2-b060-d0f5a71096e0,-61
2018-06-14 19:41:37.989693,92,2,1,c1:00:dd:00:01:de,e2c56db5-dffb-48d2-b060-d0f5a71096e0,-64
2018-06-14 19:41:38.195715,93,2,1,c1:00:dd:00:01:de,e2c56db5-dffb-48d2-b060-d0f5a71096e0,-62
2018-06-14 19:41:38.399195,94,2,1,c1:00:dd:00:01:de,e2c56db5-dffb-48d2-b060-d0f5a71096e0,-69
2018-06-14 19:41:38.598948,95,2,1,c1:00:dd:00:01:de,e2c56db5-dffb-48d2-b060-d0f5a71096e0,-61
2018-06-14 19:41:38.811217,96,2,1,c1:00:dd:00:01:de,e2c56db5-dffb-48d2-b060-d0f5a71096e0,-63
2018-06-14 19:41:39.012064,97,2,1,c1:00:dd:00:01:de,e2c56db5-dffb-48d2-b060-d0f5a71096e0,-48
2018-06-14 19:41:39.216528,98,2,1,c1:00:dd:00:01:de,e2c56db5-dffb-48d2-b060-d0f5a71096e0,-68
2018-06-14 19:41:39.419153,99,2,1,c1:00:dd:00:01:de,e2c56db5-dffb-48d2-b060-d0f5a71096e0,-68
2018-06-14 19:41:39.622538,100,2,1,c1:00:dd:00:01:de,e2c56db5-dffb-48d2-b060-d0f5a71096e0,-61
2018-06-14 19:41:39.823427,101,2,1,c1:00:dd:00:01:de,e2c56db5-dffb-48d2-b060-d0f5a71096e0,-64
2018-06-14 19:41:40.237088,102,2,1,c1:00:dd:00:01:de,e2c56db5-dffb-48d2-b060-d0f5a71096e0,-53
2018-06-14 19:41:40.439186,103,2,1,c1:00:dd:00:01:de,e2c56db5-dffb-48d2-b060-d0f5a71096e0,-68
2018-06-14 19:41:40.639868,104,2,1,c1:00:dd:00:01:de,e2c56db5-dffb-48d2-b060-d0f5a71096e0,-47
2018-06-14 19:41:40.842030,105,2,1,c1:00:dd:00:01:de,e2c56db5-dffb-48d2-b060-d0f5a71096e0,-64
2018-06-14 19:41:41.047591,106,2,1,c1:00:dd:00:01:de,e2c56db5-dffb-48d2-b060-d0f5a71096e0,-68
2018-06-14 19:41:41.251212,107,2,1,c1:00:dd:00:01:de,e2c56db5-dffb-48d2-b060-d0f5a71096e0,-68
2018-06-14 19:41:41.454865,108,2,1,c1:00:dd:00:01:de,e2c56db5-dffb-48d2-b060-d0f5a71096e0,-47
2018-06-14 19:41:41.656433,109,2,1,c1:00:dd:00:01:de,e2c56db5-dffb-48d2-b060-d0f5a71096e0,-64
2018-06-14 19:41:42.062992,110,2,1,c1:00:dd:00:01:de,e2c56db5-dffb-48d2-b060-d0f5a71096e0,-53
2018-06-14 19:41:42.263927,111,2,1,c1:00:dd:00:01:de,e2c56db5-dffb-48d2-b060-d0f5a71096e0,-62
2018-06-14 19:41:42.471322,112,2,1,c1:00:dd:00:01:de,e2c56db5-dffb-48d2-b060-d0f5a71096e0,-47
2018-06-14 19:41:42.674043,113,2,1,c1:00:dd:00:01:de,e2c56db5-dffb-48d2-b060-d0f5a71096e0,-64
2018-06-14 19:41:43.082916,114,2,1,c1:00:dd:00:01:de,e2c56db5-dffb-48d2-b060-d0f5a71096e0,-69
2018-06-14 19:41:43.284606,115,2,1,c1:00:dd:00:01:de,e2c56db5-dffb-48d2-b060-d0f5a71096e0,-62
2018-06-14 19:41:43.489616,116,2,1,c1:00:dd:00:01:de,e2c56db5-dffb-48d2-b060-d0f5a71096e0,-47
2018-06-14 19:41:43.696739,117,2,1,c1:00:dd:00:01:de,e2c56db5-dffb-48d2-b060-d0f5a71096e0,-64
2018-06-14 19:41:43.895650,118,2,1,c1:00:dd:00:01:de,e2c56db5-dffb-48d2-b060-d0f5a71096e0,-52
2018-06-14 19:41:44.096638,119,2,1,c1:00:dd:00:01:de,e2c56db5-dffb-48d2-b060-d0f5a71096e0,-47
2018-06-14 19:41:44.299660,120,2,1,c1:00:dd:00:01:de,e2c56db5-dffb-48d2-b060-d0f5a71096e0,-62
2018-06-14 19:41:44.497821,121,2,1,c1:00:dd:00:01:de,e2c56db5-dffb-48d2-b060-d0f5a71096e0,-64
2018-06-14 19:41:44.910398,122,2,1,c1:00:dd:00:01:de,e2c56db5-dffb-48d2-b060-d0f5a71096e0,-67
2018-06-14 19:41:45.325148,123,2,1,c1:00:dd:00:01:de,e2c56db5-dffb-48d2-b060-d0f5a71096e0,-61
2018-06-14 19:41:45.532657,124,2,1,c1:00:dd:00:01:de,e2c56db5-dffb-48d2-b060-d0f5a71096e0,-62
2018-06-14 19:41:45.741670,125,2,1,c1:00:dd:00:01:de,e2c56db5-dffb-48d2-b060-d0f5a71096e0,-63
2018-06-14 19:41:45.944298,126,2,1,c1:00:dd:00:01:de,e2c56db5-dffb-48d2-b060-d0f5a71096e0,-64
2018-06-14 19:41:46.554162,127,2,1,c1:00:dd:00:01:de,e2c56db5-dffb-48d2-b060-d0f5a71096e0,-61
2018-06-14 19:41:46.747310,128,2,1,c1:00:dd:00:01:de,e2c56db5-dffb-48d2-b060-d0f5a71096e0,-63
2018-06-14 19:41:46.954115,129,2,1,c1:00:dd:00:01:de,e2c56db5-dffb-48d2-b060-d0f5a71096e0,-64
2018-06-14 19:41:47.157023,130,2,1,c1:00:dd:00:01:de,e2c56db5-dffb-48d2-b060-d0f5a71096e0,-52
2018-06-14 19:41:47.371849,131,2,1,c1:00:dd:00:01:de,e2c56db5-dffb-48d2-b060-d0f5a71096e0,-69
2018-06-14 19:41:47.570977,132,2,1,c1:00:dd:00:01:de,e2c56db5-dffb-48d2-b060-d0f5a71096e0,-64
2018-06-14 19:41:47.984396,133,2,1,c1:00:dd:00:01:de,e2c56db5-dffb-48d2-b060-d0f5a71096e0,-64
2018-06-14 19:41:48.395132,134,2,1,c1:00:dd:00:01:de,e2c56db5-dffb-48d2-b060-d0f5a71096e0,-69
2018-06-14 19:41:48.603877,135,2,1,c1:00:dd:00:01:de,e2c56db5-dffb-48d2-b060-d0f5a71096e0,-69
2018-06-14 19:41:49.009529,136,2,1,c1:00:dd:00:01:de,e2c56db5-dffb-48d2-b060-d0f5a71096e0,-63
2018-06-14 19:41:49.219201,137,2,1,c1:00:dd:00:01:de,e2c56db5-dffb-48d2-b060-d0f5a71096e0,-65
2018-06-14 19:41:49.427718,138,2,1,c1:00:dd:00:01:de,e2c56db5-dffb-48d2-b060-d0f5a71096e0,-64
2018-06-14 19:41:49.631699,139,2,1,c1:00:dd:00:01:de,e2c56db5-dffb-48d2-b060-d0f5a71096e0,-48
2018-06-14 19:41:49.841980,140,2,1,c1:00:dd:00:01:de,e2c56db5-dffb-48d2-b060-d0f5a71096e0,-64
2018-06-14 19:41:50.048904,141,2,1,c1:00:dd:00:01:de,e2c56db5-dffb-48d2-b060-d0f5a71096e0,-62
2018-06-14 19:41:50.258880,142,2,1,c1:00:dd:00:01:de,e2c56db5-dffb-48d2-b060-d0f5a71096e0,-64
2018-06-14 19:41:50.464596,143,2,1,c1:00:dd:00:01:de,e2c56db5-dffb-48d2-b060-d0f5a71096e0,-68
2018-06-14 19:41:50.661949,144,2,1,c1:00:dd:00:01:de,e2c56db5-dffb-48d2-b060-d0f5a71096e0,-68
2018-06-14 19:41:50.868962,145,2,1,c1:00:dd:00:01:de,e2c56db5-dffb-48d2-b060-d0f5a71096e0,-62
2018-06-14 19:41:51.077390,146,2,1,c1:00:dd:00:01:de,e2c56db5-dffb-48d2-b060-d0f5a71096e0,-62
2018-06-14 19:41:51.277874,147,2,1,c1:00:dd:00:01:de,e2c56db5-dffb-48d2-b060-d0f5a71096e0,-63
2018-06-14 19:41:51.498442,148,2,1,c1:00:dd:00:01:de,e2c56db5-dffb-48d2-b060-d0f5a71096e0,-65
2018-06-14 19:41:51.705386,149,2,1,c1:00:dd:00:01:de,e2c56db5-dffb-48d2-b060-d0f5a71096e0,-64
2018-06-14 19:41:51.915449,150,2,1,c1:00:dd:00:01:de,e2c56db5-dffb-48d2-b060-d0f5a71096e0,-68
2018-06-14 19:41:52.098923,151,2,1,c1:00:dd:00:01:de,e2c56db5-dffb-48d2-b060-d0f5a71096e0,-62
2018-06-14 19:41:52.302037,152,2,1,c1:00:dd:00:01:de,e2c56db5-dffb-48d2-b060-d0f5a71096e0,-62
2018-06-14 19:41:52.509160,153,2,1,c1:00:dd:00:01:de,e2c56db5-dffb-48d2-b060-d0f5a71096e0,-64
2018-06-14 19:41:52.718424,154,2,1,c1:00:dd:00:01:de,e2c56db5-dffb-48d2-b060-d0f5a71096e0,-48
2018-06-14 19:41:53.330246,155,2,1,c1:00:dd:00:01:de,e2c56db5-dffb-48d2-b060-d0f5a71096e0,-61
2018-06-14 19:41:53.529776,156,2,1,c1:00:dd:00:01:de,e2c56db5-dffb-48d2-b060-d0f5a71096e0,-64
2018-06-14 19:41:53.742102,157,2,1,c1:00:dd:00:01:de,e2c56db5-dffb-48d2-b060-d0f5a71096e0,-65
2018-06-14 19:41:53.944001,158,2,1,c1:00:dd:00:01:de,e2c56db5-dffb-48d2-b060-d0f5a71096e0,-64
2018-06-14 19:41:54.149141,159,2,1,c1:00:dd:00:01:de,e2c56db5-dffb-48d2-b060-d0f5a71096e0,-51
2018-06-14 19:41:54.351814,160,2,1,c1:00:dd:00:01:de,e2c56db5-dffb-48d2-b060-d0f5a71096e0,-52
2018-06-14 19:41:54.559981,161,2,1,c1:00:dd:00:01:de,e2c56db5-dffb-48d2-b060-d0f5a71096e0,-63
2018-06-14 19:41:54.773448,162,2,1,c1:00:dd:00:01:de,e2c56db5-dffb-48d2-b060-d0f5a71096e0,-62
2018-06-14 19:41:54.976992,163,2,1,c1:00:dd:00:01:de,e2c56db5-dffb-48d2-b060-d0f5a71096e0,-62
2018-06-14 19:41:55.182363,164,2,1,c1:00:dd:00:01:de,e2c56db5-dffb-48d2-b060-d0f5a71096e0,-61
2018-06-14 19:41:55.599066,165,2,1,c1:00:dd:00:01:de,e2c56db5-dffb-48d2-b060-d0f5a71096e0,-64
2018-06-14 19:41:55.804345,166,2,1,c1:00:dd:00:01:de,e2c56db5-dffb-48d2-b060-d0f5a71096e0,-69
2018-06-14 19:41:56.009278,167,2,1,c1:00:dd:00:01:de,e2c56db5-dffb-48d2-b060-d0f5a71096e0,-69
2018-06-14 19:41:56.213245,168,2,1,c1:00:dd:00:01:de,e2c56db5-dffb-48d2-b060-d0f5a71096e0,-61
2018-06-14 19:41:56.413967,169,2,1,c1:00:dd:00:01:de,e2c56db5-dffb-48d2-b060-d0f5a71096e0,-63
2018-06-14 19:41:56.628899,170,2,1,c1:00:dd:00:01:de,e2c56db5-dffb-48d2-b060-d0f5a71096e0,-64
2018-06-14 19:41:57.240423,171,2,1,c1:00:dd:00:01:de,e2c56db5-dffb-48d2-b060-d0f5a71096e0,-68
2018-06-14 19:41:57.441843,172,2,1,c1:00:dd:00:01:de,e2c56db5-dffb-48d2-b060-d0f5a71096e0,-47
2018-06-14 19:41:57.643748,173,2,1,c1:00:dd:00:01:de,e2c56db5-dffb-48d2-b060-d0f5a71096e0,-64
2018-06-14 19:41:57.839648,174,2,1,c1:00:dd:00:01:de,e2c56db5-dffb-48d2-b060-d0f5a71096e0,-68
2018-06-14 19:41:58.044788,175,2,1,c1:00:dd:00:01:de,e2c56db5-dffb-48d2-b060-d0f5a71096e0,-69
2018-06-14 19:41:58.253696,176,2,1,c1:00:dd:00:01:de,e2c56db5-dffb-48d2-b060-d0f5a71096e0,-53
2018-06-14 19:41:58.677484,177,2,1,c1:00:dd:00:01:de,e2c56db5-dffb-48d2-b060-d0f5a71096e0,-61
2018-06-14 19:41:58.874935,178,2,1,c1:00:dd:00:01:de,e2c56db5-dffb-48d2-b060-d0f5a71096e0,-64
2018-06-14 19:41:59.089944,179,2,1,c1:00:dd:00:01:de,e2c56db5-dffb-48d2-b060-d0f5a71096e0,-63
2018-06-14 19:41:59.297024,180,2,1,c1:00:dd:00:01:de,e2c56db5-dffb-48d2-b060-d0f5a71096e0,-65
2018-06-14 19:41:59.491673,181,2,1,c1:00:dd:00:01:de,e2c56db5-dffb-48d2-b060-d0f5a71096e0,-64
2018-06-14 19:41:59.696767,182,2,1,c1:00:dd:00:01:de,e2c56db5-dffb-48d2-b060-d0f5a71096e0,-69
2018-06-14 19:41:59.901807,183,2,1,c1:00:dd:00:01:de,e2c56db5-dffb-48d2-b060-d0f5a71096e0,-53
2018-06-14 19:42:00.103931,184,2,1,c1:00:dd:00:01:de,e2c56db5-dffb-48d2-b060-d0f5a71096e0,-63
2018-06-14 19:42:00.319420,185,2,1,c1:00:dd:00:01:de,e2c56db5-dffb-48d2-b060-d0f5a71096e0,-65
2018-06-14 19:42:00.527642,186,2,1,c1:00:dd:00:01:de,e2c56db5-dffb-48d2-b060-d0f5a71096e0,-69
2018-06-14 19:42:00.727592,187,2,1,c1:00:dd:00:01:de,e2c56db5-dffb-48d2-b060-d0f5a71096e0,-62
2018-06-14 19:42:00.922034,188,2,1,c1:00:dd:00:01:de,e2c56db5-dffb-48d2-b060-d0f5a71096e0,-62
2018-06-14 19:42:01.135703,189,2,1,c1:00:dd:00:01:de,e2c56db5-dffb-48d2-b060-d0f5a71096e0,-64
2018-06-14 19:42:01.946207,190,2,1,c1:00:dd:00:01:de,e2c56db5-dffb-48d2-b060-d0f5a71096e0,-52
2018-06-14 19:42:02.152672,191,2,1,c1:00:dd:00:01:de,e2c56db5-dffb-48d2-b060-d0f5a71096e0,-53
2018-06-14 19:42:02.355657,192,2,1,c1:00:dd:00:01:de,e2c56db5-dffb-48d2-b060-d0f5a71096e0,-61
2018-06-14 19:42:02.556388,193,2,1,c1:00:dd:00:01:de,e2c56db5-dffb-48d2-b060-d0f5a71096e0,-64
2018-06-14 19:42:03.176718,194,2,1,c1:00:dd:00:01:de,e2c56db5-dffb-48d2-b060-d0f5a71096e0,-68
2018-06-14 19:42:03.383835,195,2,1,c1:00:dd:00:01:de,e2c56db5-dffb-48d2-b060-d0f5a71096e0,-68
2018-06-14 19:42:03.587799,196,2,1,c1:00:dd:00:01:de,e2c56db5-dffb-48d2-b060-d0f5a71096e0,-62
2018-06-14 19:42:03.788805,197,2,1,c1:00:dd:00:01:de,e2c56db5-dffb-48d2-b060-d0f5a71096e0,-49
2018-06-14 19:42:03.998697,198,2,1,c1:00:dd:00:01:de,e2c56db5-dffb-48d2-b060-d0f5a71096e0,-49
2018-06-14 19:42:04.206265,199,2,1,c1:00:dd:00:01:de,e2c56db5-dffb-48d2-b060-d0f5a71096e0,-65
2018-06-14 19:42:04.620093,200,2,1,c1:00:dd:00:01:de,e2c56db5-dffb-48d2-b060-d0f5a71096e0,-70
2018-06-14 19:42:04.833732,201,2,1,c1:00:dd:00:01:de,e2c56db5-dffb-48d2-b060-d0f5a71096e0,-70
2018-06-14 19:42:05.035815,202,2,1,c1:00:dd:00:01:de,e2c56db5-dffb-48d2-b060-d0f5a71096e0,-62
2018-06-14 19:42:05.445875,203,2,1,c1:00:dd:00:01:de,e2c56db5-dffb-48d2-b060-d0f5a71096e0,-48
2018-06-14 19:42:05.850706,204,2,1,c1:00:dd:00:01:de,e2c56db5-dffb-48d2-b060-d0f5a71096e0,-52
2018-06-14 19:42:06.056524,205,2,1,c1:00:dd:00:01:de,e2c56db5-dffb-48d2-b060-d0f5a71096e0,-61
2018-06-14 19:42:06.260139,206,2,1,c1:00:dd:00:01:de,e2c56db5-dffb-48d2-b060-d0f5a71096e0,-47
2018-06-14 19:42:06.467813,207,2,1,c1:00:dd:00:01:de,e2c56db5-dffb-48d2-b060-d0f5a71096e0,-64
2018-06-14 19:42:06.669601,208,2,1,c1:00:dd:00:01:de,e2c56db5-dffb-48d2-b060-d0f5a71096e0,-64
2018-06-14 19:42:07.073251,209,2,1,c1:00:dd:00:01:de,e2c56db5-dffb-48d2-b060-d0f5a71096e0,-68
2018-06-14 19:42:07.474034,210,2,1,c1:00:dd:00:01:de,e2c56db5-dffb-48d2-b060-d0f5a71096e0,-64
2018-06-14 19:42:07.893090,211,2,1,c1:00:dd:00:01:de,e2c56db5-dffb-48d2-b060-d0f5a71096e0,-68
2018-06-14 19:42:08.095924,212,2,1,c1:00:dd:00:01:de,e2c56db5-dffb-48d2-b060-d0f5a71096e0,-63
2018-06-14 19:42:08.297414,213,2,1,c1:00:dd:00:01:de,e2c56db5-dffb-48d2-b060-d0f5a71096e0,-63
2018-06-14 19:42:08.701760,214,2,1,c1:00:dd:00:01:de,e2c56db5-dffb-48d2-b060-d0f5a71096e0,-68
2018-06-14 19:42:08.902156,215,2,1,c1:00:dd:00:01:de,e2c56db5-dffb-48d2-b060-d0f5a71096e0,-47
2018-06-14 19:42:09.103590,216,2,1,c1:00:dd:00:01:de,e2c56db5-dffb-48d2-b060-d0f5a71096e0,-49
2018-06-14 19:42:09.511003,217,2,1,c1:00:dd:00:01:de,e2c56db5-dffb-48d2-b060-d0f5a71096e0,-69
2018-06-14 19:42:09.713977,218,2,1,c1:00:dd:00:01:de,e2c56db5-dffb-48d2-b060-d0f5a71096e0,-62
2018-06-14 19:42:09.913676,219,2,1,c1:00:dd:00:01:de,e2c56db5-dffb-48d2-b060-d0f5a71096e0,-47
2018-06-14 19:42:10.118810,220,2,1,c1:00:dd:00:01:de,e2c56db5-dffb-48d2-b060-d0f5a71096e0,-65
2018-06-14 19:42:10.537151,221,2,1,c1:00:dd:00:01:de,e2c56db5-dffb-48d2-b060-d0f5a71096e0,-68
2018-06-14 19:42:10.945682,222,2,1,c1:00:dd:00:01:de,e2c56db5-dffb-48d2-b060-d0f5a71096e0,-62
2018-06-14 19:42:11.149471,223,2,1,c1:00:dd:00:01:de,e2c56db5-dffb-48d2-b060-d0f5a71096e0,-63
2018-06-14 19:42:11.359043,224,2,1,c1:00:dd:00:01:de,e2c56db5-dffb-48d2-b060-d0f5a71096e0,-47
2018-06-14 19:42:11.559458,225,2,1,c1:00:dd:00:01:de,e2c56db5-dffb-48d2-b060-d0f5a71096e0,-64
2018-06-14 19:42:11.971776,226,2,1,c1:00:dd:00:01:de,e2c56db5-dffb-48d2-b060-d0f5a71096e0,-52
2018-06-14 19:42:12.177534,227,2,1,c1:00:dd:00:01:de,e2c56db5-dffb-48d2-b060-d0f5a71096e0,-63
2018-06-14 19:42:12.385193,228,2,1,c1:00:dd:00:01:de,e2c56db5-dffb-48d2-b060-d0f5a71096e0,-58
2018-06-14 19:42:12.588058,229,2,1,c1:00:dd:00:01:de,e2c56db5-dffb-48d2-b060-d0f5a71096e0,-65
2018-06-14 19:42:13.000286,230,2,1,c1:00:dd:00:01:de,e2c56db5-dffb-48d2-b060-d0f5a71096e0,-69
2018-06-14 19:42:13.202066,231,2,1,c1:00:dd:00:01:de,e2c56db5-dffb-48d2-b060-d0f5a71096e0,-69
2018-06-14 19:42:13.402173,232,2,1,c1:00:dd:00:01:de,e2c56db5-dffb-48d2-b060-d0f5a71096e0,-61
2018-06-14 19:42:13.620123,233,2,1,c1:00:dd:00:01:de,e2c56db5-dffb-48d2-b060-d0f5a71096e0,-62
2018-06-14 19:42:13.816252,234,2,1,c1:00:dd:00:01:de,e2c56db5-dffb-48d2-b060-d0f5a71096e0,-64
2018-06-14 19:42:14.027295,235,2,1,c1:00:dd:00:01:de,e2c56db5-dffb-48d2-b060-d0f5a71096e0,-63
2018-06-14 19:42:14.232322,236,2,1,c1:00:dd:00:01:de,e2c56db5-dffb-48d2-b060-d0f5a71096e0,-49
2018-06-14 19:42:14.440333,237,2,1,c1:00:dd:00:01:de,e2c56db5-dffb-48d2-b060-d0f5a71096e0,-64
2018-06-14 19:42:14.853324,238,2,1,c1:00:dd:00:01:de,e2c56db5-dffb-48d2-b060-d0f5a71096e0,-69
2018-06-14 19:42:15.051039,239,2,1,c1:00:dd:00:01:de,e2c56db5-dffb-48d2-b060-d0f5a71096e0,-62
2018-06-14 19:42:15.260979,240,2,1,c1:00:dd:00:01:de,e2c56db5-dffb-48d2-b060-d0f5a71096e0,-62
2018-06-14 19:42:15.469598,241,2,1,c1:00:dd:00:01:de,e2c56db5-dffb-48d2-b060-d0f5a71096e0,-63
2018-06-14 19:42:15.685454,242,2,1,c1:00:dd:00:01:de,e2c56db5-dffb-48d2-b060-d0f5a71096e0,-64
2018-06-14 19:42:15.872120,243,2,1,c1:00:dd:00:01:de,e2c56db5-dffb-48d2-b060-d0f5a71096e0,-48
2018-06-14 19:42:16.287309,244,2,1,c1:00:dd:00:01:de,e2c56db5-dffb-48d2-b060-d0f5a71096e0,-68
2018-06-14 19:42:16.501543,245,2,1,c1:00:dd:00:01:de,e2c56db5-dffb-48d2-b060-d0f5a71096e0,-69
2018-06-14 19:42:16.704463,246,2,1,c1:00:dd:00:01:de,e2c56db5-dffb-48d2-b060-d0f5a71096e0,-63
2018-06-14 19:42:16.909287,247,2,1,c1:00:dd:00:01:de,e2c56db5-dffb-48d2-b060-d0f5a71096e0,-62
2018-06-14 19:42:17.116623,248,2,1,c1:00:dd:00:01:de,e2c56db5-dffb-48d2-b060-d0f5a71096e0,-64
2018-06-14 19:42:17.324060,249,2,1,c1:00:dd:00:01:de,e2c56db5-dffb-48d2-b060-d0f5a71096e0,-49
2018-06-14 19:42:17.524827,250,2,1,c1:00:dd:00:01:de,e2c56db5-dffb-48d2-b060-d0f5a71096e0,-69
2018-06-14 19:42:17.726224,251,2,1,c1:00:dd:00:01:de,e2c56db5-dffb-48d2-b060-d0f5a71096e0,-61
2018-06-14 19:42:17.920927,252,2,1,c1:00:dd:00:01:de,e2c56db5-dffb-48d2-b060-d0f5a71096e0,-64
2018-06-14 19:42:18.127709,253,2,1,c1:00:dd:00:01:de,e2c56db5-dffb-48d2-b060-d0f5a71096e0,-63
2018-06-14 19:42:18.332900,254,2,1,c1:00:dd:00:01:de,e2c56db5-dffb-48d2-b060-d0f5a71096e0,-65
2018-06-14 19:42:18.755101,255,2,1,c1:00:dd:00:01:de,e2c56db5-dffb-48d2-b060-d0f5a71096e0,-68
2018-06-14 19:42:18.960687,256,2,1,c1:00:dd:00:01:de,e2c56db5-dffb-48d2-b060-d0f5a71096e0,-69
2018-06-14 19:42:19.164678,257,2,1,c1:00:dd:00:01:de,e2c56db5-dffb-48d2-b060-d0f5a71096e0,-62
2018-06-14 19:42:19.366939,258,2,1,c1:00:dd:00:01:de,e2c56db5-dffb-48d2-b060-d0f5a71096e0,-64
2018-06-14 19:42:19.773902,259,2,1,c1:00:dd:00:01:de,e2c56db5-dffb-48d2-b060-d0f5a71096e0,-69
2018-06-14 19:42:19.980081,260,2,1,c1:00:dd:00:01:de,e2c56db5-dffb-48d2-b060-d0f5a71096e0,-63
2018-06-14 19:42:20.176034,261,2,1,c1:00:dd:00:01:de,e2c56db5-dffb-48d2-b060-d0f5a71096e0,-49
2018-06-14 19:42:20.380160,262,2,1,c1:00:dd:00:01:de,e2c56db5-dffb-48d2-b060-d0f5a71096e0,-64
2018-06-14 19:42:20.790938,263,2,1,c1:00:dd:00:01:de,e2c56db5-dffb-48d2-b060-d0f5a71096e0,-69
2018-06-14 19:42:20.999852,264,2,1,c1:00:dd:00:01:de,e2c56db5-dffb-48d2-b060-d0f5a71096e0,-67
2018-06-14 19:42:21.209692,265,2,1,c1:00:dd:00:01:de,e2c56db5-dffb-48d2-b060-d0f5a71096e0,-68
2018-06-14 19:42:21.413652,266,2,1,c1:00:dd:00:01:de,e2c56db5-dffb-48d2-b060-d0f5a71096e0,-63
2018-06-14 19:42:21.602677,267,2,1,c1:00:dd:00:01:de,e2c56db5-dffb-48d2-b060-d0f5a71096e0,-64
2018-06-14 19:42:21.807140,268,2,1,c1:00:dd:00:01:de,e2c56db5-dffb-48d2-b060-d0f5a71096e0,-68
2018-06-14 19:42:22.017035,269,2,1,c1:00:dd:00:01:de,e2c56db5-dffb-48d2-b060-d0f5a71096e0,-68
2018-06-14 19:42:22.218950,270,2,1,c1:00:dd:00:01:de,e2c56db5-dffb-48d2-b060-d0f5a71096e0,-47
2018-06-14 19:42:22.655415,271,2,1,c1:00:dd:00:01:de,e2c56db5-dffb-48d2-b060-d0f5a71096e0,-63
2018-06-14 19:42:22.844013,272,2,1,c1:00:dd:00:01:de,e2c56db5-dffb-48d2-b060-d0f5a71096e0,-64
2018-06-14 19:42:23.251390,273,2,1,c1:00:dd:00:01:de,e2c56db5-dffb-48d2-b060-d0f5a71096e0,-53
2018-06-14 19:42:23.449523,274,2,1,c1:00:dd:00:01:de,e2c56db5-dffb-48d2-b060-d0f5a71096e0,-62
2018-06-14 19:42:23.650298,275,2,1,c1:00:dd:00:01:de,e2c56db5-dffb-48d2-b060-d0f5a71096e0,-62
2018-06-14 19:42:23.859248,276,2,1,c1:00:dd:00:01:de,e2c56db5-dffb-48d2-b060-d0f5a71096e0,-64
2018-06-14 19:42:24.076358,277,2,1,c1:00:dd:00:01:de,e2c56db5-dffb-48d2-b060-d0f5a71096e0,-62
2018-06-14 19:42:24.500601,278,2,1,c1:00:dd:00:01:de,e2c56db5-dffb-48d2-b060-d0f5a71096e0,-51
2018-06-14 19:42:24.683184,279,2,1,c1:00:dd:00:01:de,e2c56db5-dffb-48d2-b060-d0f5a71096e0,-62
2018-06-14 19:42:24.882711,280,2,1,c1:00:dd:00:01:de,e2c56db5-dffb-48d2-b060-d0f5a71096e0,-63
2018-06-14 19:42:25.094191,281,2,1,c1:00:dd:00:01:de,e2c56db5-dffb-48d2-b060-d0f5a71096e0,-65
2018-06-14 19:42:25.300008,282,2,1,c1:00:dd:00:01:de,e2c56db5-dffb-48d2-b060-d0f5a71096e0,-62
2018-06-14 19:42:25.502159,283,2,1,c1:00:dd:00:01:de,e2c56db5-dffb-48d2-b060-d0f5a71096e0,-70
2018-06-14 19:42:25.706864,284,2,1,c1:00:dd:00:01:de,e2c56db5-dffb-48d2-b060-d0f5a71096e0,-61
2018-06-14 19:42:25.913902,285,2,1,c1:00:dd:00:01:de,e2c56db5-dffb-48d2-b060-d0f5a71096e0,-62
2018-06-14 19:42:26.126584,286,2,1,c1:00:dd:00:01:de,e2c56db5-dffb-48d2-b060-d0f5a71096e0,-62
2018-06-14 19:42:26.319698,287,2,1,c1:00:dd:00:01:de,e2c56db5-dffb-48d2-b060-d0f5a71096e0,-64
2018-06-14 19:42:26.522779,288,2,1,c1:00:dd:00:01:de,e2c56db5-dffb-48d2-b060-d0f5a71096e0,-62
2018-06-14 19:42:26.729066,289,2,1,c1:00:dd:00:01:de,e2c56db5-dffb-48d2-b060-d0f5a71096e0,-52
2018-06-14 19:42:26.941515,290,2,1,c1:00:dd:00:01:de,e2c56db5-dffb-48d2-b060-d0f5a71096e0,-70
2018-06-14 19:42:27.141765,291,2,1,c1:00:dd:00:01:de,e2c56db5-dffb-48d2-b060-d0f5a71096e0,-63
2018-06-14 19:42:27.344002,292,2,1,c1:00:dd:00:01:de,e2c56db5-dffb-48d2-b060-d0f5a71096e0,-64
2018-06-14 19:42:27.967255,293,2,1,c1:00:dd:00:01:de,e2c56db5-dffb-48d2-b060-d0f5a71096e0,-53
2018-06-14 19:42:28.174924,294,2,1,c1:00:dd:00:01:de,e2c56db5-dffb-48d2-b060-d0f5a71096e0,-61
2018-06-14 19:42:28.363940,295,2,1,c1:00:dd:00:01:de,e2c56db5-dffb-48d2-b060-d0f5a71096e0,-48
2018-06-14 19:42:28.565946,296,2,1,c1:00:dd:00:01:de,e2c56db5-dffb-48d2-b060-d0f5a71096e0,-52
2018-06-14 19:42:28.777197,297,2,1,c1:00:dd:00:01:de,e2c56db5-dffb-48d2-b060-d0f5a71096e0,-69
2018-06-14 19:42:28.974822,298,2,1,c1:00:dd:00:01:de,e2c56db5-dffb-48d2-b060-d0f5a71096e0,-63
2018-06-14 19:42:29.183738,299,2,1,c1:00:dd:00:01:de,e2c56db5-dffb-48d2-b060-d0f5a71096e0,-62
2018-06-14 19:42:29.390326,300,2,1,c1:00:dd:00:01:de,e2c56db5-dffb-48d2-b060-d0f5a71096e0,-63
2018-06-14 19:42:29.594158,301,2,1,c1:00:dd:00:01:de,e2c56db5-dffb-48d2-b060-d0f5a71096e0,-64
2018-06-14 19:42:30.010693,302,2,1,c1:00:dd:00:01:de,e2c56db5-dffb-48d2-b060-d0f5a71096e0,-64
2018-06-14 19:42:30.423837,303,2,1,c1:00:dd:00:01:de,e2c56db5-dffb-48d2-b060-d0f5a71096e0,-69
2018-06-14 19:42:30.836705,304,2,1,c1:00:dd:00:01:de,e2c56db5-dffb-48d2-b060-d0f5a71096e0,-64
2018-06-14 19:42:31.035993,305,2,1,c1:00:dd:00:01:de,e2c56db5-dffb-48d2-b060-d0f5a71096e0,-64
2018-06-14 19:42:31.243235,306,2,1,c1:00:dd:00:01:de,e2c56db5-dffb-48d2-b060-d0f5a71096e0,-62
2018-06-14 19:42:31.453067,307,2,1,c1:00:dd:00:01:de,e2c56db5-dffb-48d2-b060-d0f5a71096e0,-62
2018-06-14 19:42:31.864864,308,2,1,c1:00:dd:00:01:de,e2c56db5-dffb-48d2-b060-d0f5a71096e0,-51
2018-06-14 19:42:32.069951,309,2,1,c1:00:dd:00:01:de,e2c56db5-dffb-48d2-b060-d0f5a71096e0,-69
2018-06-14 19:42:32.274572,310,2,1,c1:00:dd:00:01:de,e2c56db5-dffb-48d2-b060-d0f5a71096e0,-63
2018-06-14 19:42:32.475934,311,2,1,c1:00:dd:00:01:de,e2c56db5-dffb-48d2-b060-d0f5a71096e0,-63
2018-06-14 19:42:32.679162,312,2,1,c1:00:dd:00:01:de,e2c56db5-dffb-48d2-b060-d0f5a71096e0,-64
2018-06-14 19:42:32.884552,313,2,1,c1:00:dd:00:01:de,e2c56db5-dffb-48d2-b060-d0f5a71096e0,-67
2018-06-14 19:42:33.092240,314,2,1,c1:00:dd:00:01:de,e2c56db5-dffb-48d2-b060-d0f5a71096e0,-69
2018-06-14 19:42:33.295976,315,2,1,c1:00:dd:00:01:de,e2c56db5-dffb-48d2-b060-d0f5a71096e0,-63
2018-06-14 19:42:33.505898,316,2,1,c1:00:dd:00:01:de,e2c56db5-dffb-48d2-b060-d0f5a71096e0,-48
2018-06-14 19:42:33.701840,317,2,1,c1:00:dd:00:01:de,e2c56db5-dffb-48d2-b060-d0f5a71096e0,-62
2018-06-14 19:42:34.132071,318,2,1,c1:00:dd:00:01:de,e2c56db5-dffb-48d2-b060-d0f5a71096e0,-68
2018-06-14 19:42:34.316852,319,2,1,c1:00:dd:00:01:de,e2c56db5-dffb-48d2-b060-d0f5a71096e0,-62
2018-06-14 19:42:34.521427,320,2,1,c1:00:dd:00:01:de,e2c56db5-dffb-48d2-b060-d0f5a71096e0,-47
2018-06-14 19:42:34.944140,321,2,1,c1:00:dd:00:01:de,e2c56db5-dffb-48d2-b060-d0f5a71096e0,-62
2018-06-14 19:42:35.150209,322,2,1,c1:00:dd:00:01:de,e2c56db5-dffb-48d2-b060-d0f5a71096e0,-63
2018-06-14 19:42:35.344343,323,2,1,c1:00:dd:00:01:de,e2c56db5-dffb-48d2-b060-d0f5a71096e0,-62
2018-06-14 19:42:35.550061,324,2,1,c1:00:dd:00:01:de,e2c56db5-dffb-48d2-b060-d0f5a71096e0,-68
2018-06-14 19:42:35.755036,325,2,1,c1:00:dd:00:01:de,e2c56db5-dffb-48d2-b060-d0f5a71096e0,-68
2018-06-14 19:42:35.958849,326,2,1,c1:00:dd:00:01:de,e2c56db5-dffb-48d2-b060-d0f5a71096e0,-62
2018-06-14 19:42:36.154149,327,2,1,c1:00:dd:00:01:de,e2c56db5-dffb-48d2-b060-d0f5a71096e0,-62
2018-06-14 19:42:37.594231,328,2,1,c1:00:dd:00:01:de,e2c56db5-dffb-48d2-b060-d0f5a71096e0,-68
2018-06-14 19:42:37.803490,329,2,1,c1:00:dd:00:01:de,e2c56db5-dffb-48d2-b060-d0f5a71096e0,-69
2018-06-14 19:42:38.011163,330,2,1,c1:00:dd:00:01:de,e2c56db5-dffb-48d2-b060-d0f5a71096e0,-69
2018-06-14 19:42:38.206484,331,2,1,c1:00:dd:00:01:de,e2c56db5-dffb-48d2-b060-d0f5a71096e0,-62
2018-06-14 19:42:38.409592,332,2,1,c1:00:dd:00:01:de,e2c56db5-dffb-48d2-b060-d0f5a71096e0,-64
2018-06-14 19:42:38.612944,333,2,1,c1:00:dd:00:01:de,e2c56db5-dffb-48d2-b060-d0f5a71096e0,-64
2018-06-14 19:42:38.827870,334,2,1,c1:00:dd:00:01:de,e2c56db5-dffb-48d2-b060-d0f5a71096e0,-52
2018-06-14 19:42:39.031546,335,2,1,c1:00:dd:00:01:de,e2c56db5-dffb-48d2-b060-d0f5a71096e0,-68
2018-06-14 19:42:39.230693,336,2,1,c1:00:dd:00:01:de,e2c56db5-dffb-48d2-b060-d0f5a71096e0,-63
2018-06-14 19:42:39.433094,337,2,1,c1:00:dd:00:01:de,e2c56db5-dffb-48d2-b060-d0f5a71096e0,-62
2018-06-14 19:42:39.640912,338,2,1,c1:00:dd:00:01:de,e2c56db5-dffb-48d2-b060-d0f5a71096e0,-65
2018-06-14 19:42:39.850200,339,2,1,c1:00:dd:00:01:de,e2c56db5-dffb-48d2-b060-d0f5a71096e0,-49
2018-06-14 19:42:40.059340,340,2,1,c1:00:dd:00:01:de,e2c56db5-dffb-48d2-b060-d0f5a71096e0,-48
2018-06-14 19:42:40.263781,341,2,1,c1:00:dd:00:01:de,e2c56db5-dffb-48d2-b060-d0f5a71096e0,-69
2018-06-14 19:42:40.462115,342,2,1,c1:00:dd:00:01:de,e2c56db5-dffb-48d2-b060-d0f5a71096e0,-68
2018-06-14 19:42:40.663140,343,2,1,c1:00:dd:00:01:de,e2c56db5-dffb-48d2-b060-d0f5a71096e0,-63
2018-06-14 19:42:40.868093,344,2,1,c1:00:dd:00:01:de,e2c56db5-dffb-48d2-b060-d0f5a71096e0,-64
2018-06-14 19:42:41.284428,345,2,1,c1:00:dd:00:01:de,e2c56db5-dffb-48d2-b060-d0f5a71096e0,-69
2018-06-14 19:42:41.481860,346,2,1,c1:00:dd:00:01:de,e2c56db5-dffb-48d2-b060-d0f5a71096e0,-63
2018-06-14 19:42:41.688061,347,2,1,c1:00:dd:00:01:de,e2c56db5-dffb-48d2-b060-d0f5a71096e0,-61
2018-06-14 19:42:41.897806,348,2,1,c1:00:dd:00:01:de,e2c56db5-dffb-48d2-b060-d0f5a71096e0,-63
2018-06-14 19:42:42.106480,349,2,1,c1:00:dd:00:01:de,e2c56db5-dffb-48d2-b060-d0f5a71096e0,-49
2018-06-14 19:42:42.312291,350,2,1,c1:00:dd:00:01:de,e2c56db5-dffb-48d2-b060-d0f5a71096e0,-48
2018-06-14 19:42:42.519355,351,2,1,c1:00:dd:00:01:de,e2c56db5-dffb-48d2-b060-d0f5a71096e0,-51
2018-06-14 19:42:42.724752,352,2,1,c1:00:dd:00:01:de,e2c56db5-dffb-48d2-b060-d0f5a71096e0,-68
2018-06-14 19:42:42.929411,353,2,1,c1:00:dd:00:01:de,e2c56db5-dffb-48d2-b060-d0f5a71096e0,-68
2018-06-14 19:42:43.127527,354,2,1,c1:00:dd:00:01:de,e2c56db5-dffb-48d2-b060-d0f5a71096e0,-48
2018-06-14 19:42:43.336380,355,2,1,c1:00:dd:00:01:de,e2c56db5-dffb-48d2-b060-d0f5a71096e0,-64
2018-06-14 19:42:43.542574,356,2,1,c1:00:dd:00:01:de,e2c56db5-dffb-48d2-b060-d0f5a71096e0,-48
2018-06-14 19:42:43.738559,357,2,1,c1:00:dd:00:01:de,e2c56db5-dffb-48d2-b060-d0f5a71096e0,-67
2018-06-14 19:42:43.938301,358,2,1,c1:00:dd:00:01:de,e2c56db5-dffb-48d2-b060-d0f5a71096e0,-62
2018-06-14 19:42:44.145659,359,2,1,c1:00:dd:00:01:de,e2c56db5-dffb-48d2-b060-d0f5a71096e0,-62
2018-06-14 19:42:44.354140,360,2,1,c1:00:dd:00:01:de,e2c56db5-dffb-48d2-b060-d0f5a71096e0,-63
2018-06-14 19:42:44.562842,361,2,1,c1:00:dd:00:01:de,e2c56db5-dffb-48d2-b060-d0f5a71096e0,-63
2018-06-14 19:42:44.766802,362,2,1,c1:00:dd:00:01:de,e2c56db5-dffb-48d2-b060-d0f5a71096e0,-68
2018-06-14 19:42:44.976759,363,2,1,c1:00:dd:00:01:de,e2c56db5-dffb-48d2-b060-d0f5a71096e0,-68
2018-06-14 19:42:45.189300,364,2,1,c1:00:dd:00:01:de,e2c56db5-dffb-48d2-b060-d0f5a71096e0,-68
2018-06-14 19:42:45.390086,365,2,1,c1:00:dd:00:01:de,e2c56db5-dffb-48d2-b060-d0f5a71096e0,-68
2018-06-14 19:42:45.591521,366,2,1,c1:00:dd:00:01:de,e2c56db5-dffb-48d2-b060-d0f5a71096e0,-63
2018-06-14 19:42:45.795095,367,2,1,c1:00:dd:00:01:de,e2c56db5-dffb-48d2-b060-d0f5a71096e0,-65
2018-06-14 19:42:45.998188,368,2,1,c1:00:dd:00:01:de,e2c56db5-dffb-48d2-b060-d0f5a71096e0,-51
2018-06-14 19:42:46.200139,369,2,1,c1:00:dd:00:01:de,e2c56db5-dffb-48d2-b060-d0f5a71096e0,-68
2018-06-14 19:42:46.406909,370,2,1,c1:00:dd:00:01:de,e2c56db5-dffb-48d2-b060-d0f5a71096e0,-67
2018-06-14 19:42:46.615228,371,2,1,c1:00:dd:00:01:de,e2c56db5-dffb-48d2-b060-d0f5a71096e0,-68
2018-06-14 19:42:46.829813,372,2,1,c1:00:dd:00:01:de,e2c56db5-dffb-48d2-b060-d0f5a71096e0,-67
2018-06-14 19:42:47.024288,373,2,1,c1:00:dd:00:01:de,e2c56db5-dffb-48d2-b060-d0f5a71096e0,-62
2018-06-14 19:42:47.228221,374,2,1,c1:00:dd:00:01:de,e2c56db5-dffb-48d2-b060-d0f5a71096e0,-65
2018-06-14 19:42:47.437584,375,2,1,c1:00:dd:00:01:de,e2c56db5-dffb-48d2-b060-d0f5a71096e0,-48
2018-06-14 19:42:47.650260,376,2,1,c1:00:dd:00:01:de,e2c56db5-dffb-48d2-b060-d0f5a71096e0,-64
2018-06-14 19:42:47.850148,377,2,1,c1:00:dd:00:01:de,e2c56db5-dffb-48d2-b060-d0f5a71096e0,-68
2018-06-14 19:42:48.057154,378,2,1,c1:00:dd:00:01:de,e2c56db5-dffb-48d2-b060-d0f5a71096e0,-67
2018-06-14 19:42:48.257031,379,2,1,c1:00:dd:00:01:de,e2c56db5-dffb-48d2-b060-d0f5a71096e0,-47
2018-06-14 19:42:48.472950,380,2,1,c1:00:dd:00:01:de,e2c56db5-dffb-48d2-b060-d0f5a71096e0,-63
2018-06-14 19:42:48.675126,381,2,1,c1:00:dd:00:01:de,e2c56db5-dffb-48d2-b060-d0f5a71096e0,-62
2018-06-14 19:42:48.881551,382,2,1,c1:00:dd:00:01:de,e2c56db5-dffb-48d2-b060-d0f5a71096e0,-64
2018-06-14 19:42:49.288257,383,2,1,c1:00:dd:00:01:de,e2c56db5-dffb-48d2-b060-d0f5a71096e0,-67
2018-06-14 19:42:49.492950,384,2,1,c1:00:dd:00:01:de,e2c56db5-dffb-48d2-b060-d0f5a71096e0,-62
2018-06-14 19:42:49.698872,385,2,1,c1:00:dd:00:01:de,e2c56db5-dffb-48d2-b060-d0f5a71096e0,-47
2018-06-14 19:42:49.911516,386,2,1,c1:00:dd:00:01:de,e2c56db5-dffb-48d2-b060-d0f5a71096e0,-47
2018-06-14 19:42:50.115413,387,2,1,c1:00:dd:00:01:de,e2c56db5-dffb-48d2-b060-d0f5a71096e0,-64
2018-06-14 19:42:50.737589,388,2,1,c1:00:dd:00:01:de,e2c56db5-dffb-48d2-b060-d0f5a71096e0,-68
2018-06-14 19:42:50.945247,389,2,1,c1:00:dd:00:01:de,e2c56db5-dffb-48d2-b060-d0f5a71096e0,-68
2018-06-14 19:42:51.138270,390,2,1,c1:00:dd:00:01:de,e2c56db5-dffb-48d2-b060-d0f5a71096e0,-62
2018-06-14 19:42:51.342383,391,2,1,c1:00:dd:00:01:de,e2c56db5-dffb-48d2-b060-d0f5a71096e0,-61
2018-06-14 19:42:51.549997,392,2,1,c1:00:dd:00:01:de,e2c56db5-dffb-48d2-b060-d0f5a71096e0,-64
2018-06-14 19:42:51.762249,393,2,1,c1:00:dd:00:01:de,e2c56db5-dffb-48d2-b060-d0f5a71096e0,-63
2018-06-14 19:42:51.958083,394,2,1,c1:00:dd:00:01:de,e2c56db5-dffb-48d2-b060-d0f5a71096e0,-51
2018-06-14 19:42:52.159318,395,2,1,c1:00:dd:00:01:de,e2c56db5-dffb-48d2-b060-d0f5a71096e0,-62
2018-06-14 19:42:52.364761,396,2,1,c1:00:dd:00:01:de,e2c56db5-dffb-48d2-b060-d0f5a71096e0,-62
2018-06-14 19:42:52.981654,397,2,1,c1:00:dd:00:01:de,e2c56db5-dffb-48d2-b060-d0f5a71096e0,-69
2018-06-14 19:42:53.185892,398,2,1,c1:00:dd:00:01:de,e2c56db5-dffb-48d2-b060-d0f5a71096e0,-61
2018-06-14 19:42:53.596381,399,2,1,c1:00:dd:00:01:de,e2c56db5-dffb-48d2-b060-d0f5a71096e0,-65
2018-06-14 19:42:53.800363,400,2,1,c1:00:dd:00:01:de,e2c56db5-dffb-48d2-b060-d0f5a71096e0,-64
2018-06-14 19:42:53.998077,401,2,1,c1:00:dd:00:01:de,e2c56db5-dffb-48d2-b060-d0f5a71096e0,-51
2018-06-14 19:42:54.200197,402,2,1,c1:00:dd:00:01:de,e2c56db5-dffb-48d2-b060-d0f5a71096e0,-47
2018-06-14 19:42:54.406395,403,2,1,c1:00:dd:00:01:de,e2c56db5-dffb-48d2-b060-d0f5a71096e0,-62
2018-06-14 19:42:55.025476,404,2,1,c1:00:dd:00:01:de,e2c56db5-dffb-48d2-b060-d0f5a71096e0,-51
2018-06-14 19:42:55.230332,405,2,1,c1:00:dd:00:01:de,e2c56db5-dffb-48d2-b060-d0f5a71096e0,-67
2018-06-14 19:42:55.433923,406,2,1,c1:00:dd:00:01:de,e2c56db5-dffb-48d2-b060-d0f5a71096e0,-61
2018-06-14 19:42:55.634428,407,2,1,c1:00:dd:00:01:de,e2c56db5-dffb-48d2-b060-d0f5a71096e0,-62
2018-06-14 19:42:55.844717,408,2,1,c1:00:dd:00:01:de,e2c56db5-dffb-48d2-b060-d0f5a71096e0,-62
2018-06-14 19:42:56.051027,409,2,1,c1:00:dd:00:01:de,e2c56db5-dffb-48d2-b060-d0f5a71096e0,-63
2018-06-14 19:42:56.259950,410,2,1,c1:00:dd:00:01:de,e2c56db5-dffb-48d2-b060-d0f5a71096e0,-65
2018-06-14 19:42:56.469998,411,2,1,c1:00:dd:00:01:de,e2c56db5-dffb-48d2-b060-d0f5a71096e0,-64
2018-06-14 19:42:56.672595,412,2,1,c1:00:dd:00:01:de,e2c56db5-dffb-48d2-b060-d0f5a71096e0,-67
2018-06-14 19:42:56.868369,413,2,1,c1:00:dd:00:01:de,e2c56db5-dffb-48d2-b060-d0f5a71096e0,-62
2018-06-14 19:42:57.068181,414,2,1,c1:00:dd:00:01:de,e2c56db5-dffb-48d2-b060-d0f5a71096e0,-63
2018-06-14 19:42:57.691797,415,2,1,c1:00:dd:00:01:de,e2c56db5-dffb-48d2-b060-d0f5a71096e0,-68
2018-06-14 19:42:57.894302,416,2,1,c1:00:dd:00:01:de,e2c56db5-dffb-48d2-b060-d0f5a71096e0,-47
2018-06-14 19:42:58.102027,417,2,1,c1:00:dd:00:01:de,e2c56db5-dffb-48d2-b060-d0f5a71096e0,-63
2018-06-14 19:42:58.310658,418,2,1,c1:00:dd:00:01:de,e2c56db5-dffb-48d2-b060-d0f5a71096e0,-61
2018-06-14 19:42:58.719495,419,2,1,c1:00:dd:00:01:de,e2c56db5-dffb-48d2-b060-d0f5a71096e0,-63
2018-06-14 19:42:58.923365,420,2,1,c1:00:dd:00:01:de,e2c56db5-dffb-48d2-b060-d0f5a71096e0,-49
2018-06-14 19:42:59.343534,421,2,1,c1:00:dd:00:01:de,e2c56db5-dffb-48d2-b060-d0f5a71096e0,-51
2018-06-14 19:42:59.537484,422,2,1,c1:00:dd:00:01:de,e2c56db5-dffb-48d2-b060-d0f5a71096e0,-62
2018-06-14 19:42:59.745686,423,2,1,c1:00:dd:00:01:de,e2c56db5-dffb-48d2-b060-d0f5a71096e0,-62
2018-06-14 19:42:59.947365,424,2,1,c1:00:dd:00:01:de,e2c56db5-dffb-48d2-b060-d0f5a71096e0,-63
2018-06-14 19:43:00.158114,425,2,1,c1:00:dd:00:01:de,e2c56db5-dffb-48d2-b060-d0f5a71096e0,-68
2018-06-14 19:43:00.355711,426,2,1,c1:00:dd:00:01:de,e2c56db5-dffb-48d2-b060-d0f5a71096e0,-68
2018-06-14 19:43:00.559786,427,2,1,c1:00:dd:00:01:de,e2c56db5-dffb-48d2-b060-d0f5a71096e0,-62
2018-06-14 19:43:00.765818,428,2,1,c1:00:dd:00:01:de,e2c56db5-dffb-48d2-b060-d0f5a71096e0,-62
2018-06-14 19:43:00.983018,429,2,1,c1:00:dd:00:01:de,e2c56db5-dffb-48d2-b060-d0f5a71096e0,-47
2018-06-14 19:43:01.588423,430,2,1,c1:00:dd:00:01:de,e2c56db5-dffb-48d2-b060-d0f5a71096e0,-62
2018-06-14 19:43:01.793718,431,2,1,c1:00:dd:00:01:de,e2c56db5-dffb-48d2-b060-d0f5a71096e0,-47
2018-06-14 19:43:01.997246,432,2,1,c1:00:dd:00:01:de,e2c56db5-dffb-48d2-b060-d0f5a71096e0,-65
2018-06-14 19:43:02.202905,433,2,1,c1:00:dd:00:01:de,e2c56db5-dffb-48d2-b060-d0f5a71096e0,-63
2018-06-14 19:43:02.615345,434,2,1,c1:00:dd:00:01:de,e2c56db5-dffb-48d2-b060-d0f5a71096e0,-68
2018-06-14 19:43:02.828641,435,2,1,c1:00:dd:00:01:de,e2c56db5-dffb-48d2-b060-d0f5a71096e0,-68
2018-06-14 19:43:03.025334,436,2,1,c1:00:dd:00:01:de,e2c56db5-dffb-48d2-b060-d0f5a71096e0,-67
2018-06-14 19:43:03.234909,437,2,1,c1:00:dd:00:01:de,e2c56db5-dffb-48d2-b060-d0f5a71096e0,-51
2018-06-14 19:43:03.439352,438,2,1,c1:00:dd:00:01:de,e2c56db5-dffb-48d2-b060-d0f5a71096e0,-47
2018-06-14 19:43:03.655606,439,2,1,c1:00:dd:00:01:de,e2c56db5-dffb-48d2-b060-d0f5a71096e0,-47
2018-06-14 19:43:03.850909,440,2,1,c1:00:dd:00:01:de,e2c56db5-dffb-48d2-b060-d0f5a71096e0,-64
2018-06-14 19:43:04.263266,441,2,1,c1:00:dd:00:01:de,e2c56db5-dffb-48d2-b060-d0f5a71096e0,-64
2018-06-14 19:43:04.478183,442,2,1,c1:00:dd:00:01:de,e2c56db5-dffb-48d2-b060-d0f5a71096e0,-67
2018-06-14 19:43:04.682522,443,2,1,c1:00:dd:00:01:de,e2c56db5-dffb-48d2-b060-d0f5a71096e0,-68
2018-06-14 19:43:04.885208,444,2,1,c1:00:dd:00:01:de,e2c56db5-dffb-48d2-b060-d0f5a71096e0,-62
2018-06-14 19:43:05.495425,445,2,1,c1:00:dd:00:01:de,e2c56db5-dffb-48d2-b060-d0f5a71096e0,-67
2018-06-14 19:43:05.705653,446,2,1,c1:00:dd:00:01:de,e2c56db5-dffb-48d2-b060-d0f5a71096e0,-67
2018-06-14 19:43:05.904519,447,2,1,c1:00:dd:00:01:de,e2c56db5-dffb-48d2-b060-d0f5a71096e0,-62
2018-06-14 19:43:06.099646,448,2,1,c1:00:dd:00:01:de,e2c56db5-dffb-48d2-b060-d0f5a71096e0,-64
2018-06-14 19:43:06.508961,449,2,1,c1:00:dd:00:01:de,e2c56db5-dffb-48d2-b060-d0f5a71096e0,-67
2018-06-14 19:43:06.710423,450,2,1,c1:00:dd:00:01:de,e2c56db5-dffb-48d2-b060-d0f5a71096e0,-62
2018-06-14 19:43:06.922681,451,2,1,c1:00:dd:00:01:de,e2c56db5-dffb-48d2-b060-d0f5a71096e0,-63
2018-06-14 19:43:07.124870,452,2,1,c1:00:dd:00:01:de,e2c56db5-dffb-48d2-b060-d0f5a71096e0,-64
2018-06-14 19:43:07.331962,453,2,1,c1:00:dd:00:01:de,e2c56db5-dffb-48d2-b060-d0f5a71096e0,-48
2018-06-14 19:43:07.738462,454,2,1,c1:00:dd:00:01:de,e2c56db5-dffb-48d2-b060-d0f5a71096e0,-51
2018-06-14 19:43:07.943601,455,2,1,c1:00:dd:00:01:de,e2c56db5-dffb-48d2-b060-d0f5a71096e0,-51
2018-06-14 19:43:08.150512,456,2,1,c1:00:dd:00:01:de,e2c56db5-dffb-48d2-b060-d0f5a71096e0,-62
2018-06-14 19:43:08.350760,457,2,1,c1:00:dd:00:01:de,e2c56db5-dffb-48d2-b060-d0f5a71096e0,-64
2018-06-14 19:43:08.567306,458,2,1,c1:00:dd:00:01:de,e2c56db5-dffb-48d2-b060-d0f5a71096e0,-63
2018-06-14 19:43:08.774892,459,2,1,c1:00:dd:00:01:de,e2c56db5-dffb-48d2-b060-d0f5a71096e0,-65
2018-06-14 19:43:08.999230,460,2,1,c1:00:dd:00:01:de,e2c56db5-dffb-48d2-b060-d0f5a71096e0,-64
2018-06-14 19:43:09.392279,461,2,1,c1:00:dd:00:01:de,e2c56db5-dffb-48d2-b060-d0f5a71096e0,-69
2018-06-14 19:43:09.597163,462,2,1,c1:00:dd:00:01:de,e2c56db5-dffb-48d2-b060-d0f5a71096e0,-63
2018-06-14 19:43:09.798365,463,2,1,c1:00:dd:00:01:de,e2c56db5-dffb-48d2-b060-d0f5a71096e0,-64
2018-06-14 19:43:10.002135,464,2,1,c1:00:dd:00:01:de,e2c56db5-dffb-48d2-b060-d0f5a71096e0,-64
2018-06-14 19:43:10.211448,465,2,1,c1:00:dd:00:01:de,e2c56db5-dffb-48d2-b060-d0f5a71096e0,-64
2018-06-14 19:43:10.628852,466,2,1,c1:00:dd:00:01:de,e2c56db5-dffb-48d2-b060-d0f5a71096e0,-68
2018-06-14 19:43:10.829175,467,2,1,c1:00:dd:00:01:de,e2c56db5-dffb-48d2-b060-d0f5a71096e0,-68
2018-06-14 19:43:11.239708,468,2,1,c1:00:dd:00:01:de,e2c56db5-dffb-48d2-b060-d0f5a71096e0,-48
2018-06-14 19:43:11.438244,469,2,1,c1:00:dd:00:01:de,e2c56db5-dffb-48d2-b060-d0f5a71096e0,-48
2018-06-14 19:43:11.646308,470,2,1,c1:00:dd:00:01:de,e2c56db5-dffb-48d2-b060-d0f5a71096e0,-64
2018-06-14 19:43:12.064575,471,2,1,c1:00:dd:00:01:de,e2c56db5-dffb-48d2-b060-d0f5a71096e0,-69
2018-06-14 19:43:12.258619,472,2,1,c1:00:dd:00:01:de,e2c56db5-dffb-48d2-b060-d0f5a71096e0,-62
2018-06-14 19:43:12.466696,473,2,1,c1:00:dd:00:01:de,e2c56db5-dffb-48d2-b060-d0f5a71096e0,-63
2018-06-14 19:43:12.670150,474,2,1,c1:00:dd:00:01:de,e2c56db5-dffb-48d2-b060-d0f5a71096e0,-64
2018-06-14 19:43:12.892134,475,2,1,c1:00:dd:00:01:de,e2c56db5-dffb-48d2-b060-d0f5a71096e0,-48
2018-06-14 19:43:13.297387,476,2,1,c1:00:dd:00:01:de,e2c56db5-dffb-48d2-b060-d0f5a71096e0,-68
2018-06-14 19:43:13.490522,477,2,1,c1:00:dd:00:01:de,e2c56db5-dffb-48d2-b060-d0f5a71096e0,-62
2018-06-14 19:43:13.696430,478,2,1,c1:00:dd:00:01:de,e2c56db5-dffb-48d2-b060-d0f5a71096e0,-61
2018-06-14 19:43:13.900849,479,2,1,c1:00:dd:00:01:de,e2c56db5-dffb-48d2-b060-d0f5a71096e0,-63
2018-06-14 19:43:14.118778,480,2,1,c1:00:dd:00:01:de,e2c56db5-dffb-48d2-b060-d0f5a71096e0,-64
2018-06-14 19:43:14.521319,481,2,1,c1:00:dd:00:01:de,e2c56db5-dffb-48d2-b060-d0f5a71096e0,-68
2018-06-14 19:43:14.728183,482,2,1,c1:00:dd:00:01:de,e2c56db5-dffb-48d2-b060-d0f5a71096e0,-63
2018-06-14 19:43:14.936954,483,2,1,c1:00:dd:00:01:de,e2c56db5-dffb-48d2-b060-d0f5a71096e0,-47
2018-06-14 19:43:15.137776,484,2,1,c1:00:dd:00:01:de,e2c56db5-dffb-48d2-b060-d0f5a71096e0,-62
2018-06-14 19:43:15.544446,485,2,1,c1:00:dd:00:01:de,e2c56db5-dffb-48d2-b060-d0f5a71096e0,-64
2018-06-14 19:43:15.757417,486,2,1,c1:00:dd:00:01:de,e2c56db5-dffb-48d2-b060-d0f5a71096e0,-52
2018-06-14 19:43:15.949820,487,2,1,c1:00:dd:00:01:de,e2c56db5-dffb-48d2-b060-d0f5a71096e0,-61
2018-06-14 19:43:16.157053,488,2,1,c1:00:dd:00:01:de,e2c56db5-dffb-48d2-b060-d0f5a71096e0,-61
2018-06-14 19:43:16.360857,489,2,1,c1:00:dd:00:01:de,e2c56db5-dffb-48d2-b060-d0f5a71096e0,-48
2018-06-14 19:43:16.570448,490,2,1,c1:00:dd:00:01:de,e2c56db5-dffb-48d2-b060-d0f5a71096e0,-62
2018-06-14 19:43:16.774993,491,2,1,c1:00:dd:00:01:de,e2c56db5-dffb-48d2-b060-d0f5a71096e0,-69
2018-06-14 19:43:16.981135,492,2,1,c1:00:dd:00:01:de,e2c56db5-dffb-48d2-b060-d0f5a71096e0,-51
2018-06-14 19:43:17.175959,493,2,1,c1:00:dd:00:01:de,e2c56db5-dffb-48d2-b060-d0f5a71096e0,-47
2018-06-14 19:43:17.377896,494,2,1,c1:00:dd:00:01:de,e2c56db5-dffb-48d2-b060-d0f5a71096e0,-64
2018-06-14 19:43:17.796426,495,2,1,c1:00:dd:00:01:de,e2c56db5-dffb-48d2-b060-d0f5a71096e0,-67
2018-06-14 19:43:18.000946,496,2,1,c1:00:dd:00:01:de,e2c56db5-dffb-48d2-b060-d0f5a71096e0,-67
2018-06-14 19:43:18.210408,497,2,1,c1:00:dd:00:01:de,e2c56db5-dffb-48d2-b060-d0f5a71096e0,-68
2018-06-14 19:43:18.412971,498,2,1,c1:00:dd:00:01:de,e2c56db5-dffb-48d2-b060-d0f5a71096e0,-62
2018-06-14 19:43:18.615722,499,2,1,c1:00:dd:00:01:de,e2c56db5-dffb-48d2-b060-d0f5a71096e0,-63
2018-06-14 19:43:18.823013,500,2,1,c1:00:dd:00:01:de,e2c56db5-dffb-48d2-b060-d0f5a71096e0,-63
2018-06-14 19:43:19.025539,501,2,1,c1:00:dd:00:01:de,e2c56db5-dffb-48d2-b060-d0f5a71096e0,-69
2018-06-14 19:43:19.235049,502,2,1,c1:00:dd:00:01:de,e2c56db5-dffb-48d2-b060-d0f5a71096e0,-69
2018-06-14 19:43:19.445009,503,2,1,c1:00:dd:00:01:de,e2c56db5-dffb-48d2-b060-d0f5a71096e0,-69
2018-06-14 19:43:19.646322,504,2,1,c1:00:dd:00:01:de,e2c56db5-dffb-48d2-b060-d0f5a71096e0,-62
2018-06-14 19:43:19.852007,505,2,1,c1:00:dd:00:01:de,e2c56db5-dffb-48d2-b060-d0f5a71096e0,-64
2018-06-14 19:43:20.060979,506,2,1,c1:00:dd:00:01:de,e2c56db5-dffb-48d2-b060-d0f5a71096e0,-61
2018-06-14 19:43:20.279181,507,2,1,c1:00:dd:00:01:de,e2c56db5-dffb-48d2-b060-d0f5a71096e0,-62
2018-06-14 19:43:20.474558,508,2,1,c1:00:dd:00:01:de,e2c56db5-dffb-48d2-b060-d0f5a71096e0,-62
2018-06-14 19:43:20.681117,509,2,1,c1:00:dd:00:01:de,e2c56db5-dffb-48d2-b060-d0f5a71096e0,-48
2018-06-14 19:43:21.303570,510,2,1,c1:00:dd:00:01:de,e2c56db5-dffb-48d2-b060-d0f5a71096e0,-68
2018-06-14 19:43:21.511767,511,2,1,c1:00:dd:00:01:de,e2c56db5-dffb-48d2-b060-d0f5a71096e0,-67
2018-06-14 19:43:21.712272,512,2,1,c1:00:dd:00:01:de,e2c56db5-dffb-48d2-b060-d0f5a71096e0,-63
2018-06-14 19:43:21.923058,513,2,1,c1:00:dd:00:01:de,e2c56db5-dffb-48d2-b060-d0f5a71096e0,-62
2018-06-14 19:43:22.536824,514,2,1,c1:00:dd:00:01:de,e2c56db5-dffb-48d2-b060-d0f5a71096e0,-69
2018-06-14 19:43:22.745577,515,2,1,c1:00:dd:00:01:de,e2c56db5-dffb-48d2-b060-d0f5a71096e0,-69
2018-06-14 19:43:22.944725,516,2,1,c1:00:dd:00:01:de,e2c56db5-dffb-48d2-b060-d0f5a71096e0,-69
2018-06-14 19:43:23.146918,517,2,1,c1:00:dd:00:01:de,e2c56db5-dffb-48d2-b060-d0f5a71096e0,-52
2018-06-14 19:43:23.351080,518,2,1,c1:00:dd:00:01:de,e2c56db5-dffb-48d2-b060-d0f5a71096e0,-64
2018-06-14 19:43:23.767022,519,2,1,c1:00:dd:00:01:de,e2c56db5-dffb-48d2-b060-d0f5a71096e0,-51
2018-06-14 19:43:24.171955,520,2,1,c1:00:dd:00:01:de,e2c56db5-dffb-48d2-b060-d0f5a71096e0,-63
2018-06-14 19:43:24.380032,521,2,1,c1:00:dd:00:01:de,e2c56db5-dffb-48d2-b060-d0f5a71096e0,-48
2018-06-14 19:43:24.587945,522,2,1,c1:00:dd:00:01:de,e2c56db5-dffb-48d2-b060-d0f5a71096e0,-64
2018-06-14 19:43:25.202146,523,2,1,c1:00:dd:00:01:de,e2c56db5-dffb-48d2-b060-d0f5a71096e0,-52
2018-06-14 19:43:25.408646,524,2,1,c1:00:dd:00:01:de,e2c56db5-dffb-48d2-b060-d0f5a71096e0,-62
2018-06-14 19:43:25.606204,525,2,1,c1:00:dd:00:01:de,e2c56db5-dffb-48d2-b060-d0f5a71096e0,-64
2018-06-14 19:43:25.819794,526,2,1,c1:00:dd:00:01:de,e2c56db5-dffb-48d2-b060-d0f5a71096e0,-64
2018-06-14 19:43:26.231726,527,2,1,c1:00:dd:00:01:de,e2c56db5-dffb-48d2-b060-d0f5a71096e0,-69
2018-06-14 19:43:26.422469,528,2,1,c1:00:dd:00:01:de,e2c56db5-dffb-48d2-b060-d0f5a71096e0,-62
2018-06-14 19:43:26.626484,529,2,1,c1:00:dd:00:01:de,e2c56db5-dffb-48d2-b060-d0f5a71096e0,-62
2018-06-14 19:43:26.833808,530,2,1,c1:00:dd:00:01:de,e2c56db5-dffb-48d2-b060-d0f5a71096e0,-62
2018-06-14 19:43:27.048467,531,2,1,c1:00:dd:00:01:de,e2c56db5-dffb-48d2-b060-d0f5a71096e0,-64
2018-06-14 19:43:27.255112,532,2,1,c1:00:dd:00:01:de,e2c56db5-dffb-48d2-b060-d0f5a71096e0,-48
2018-06-14 19:43:27.456828,533,2,1,c1:00:dd:00:01:de,e2c56db5-dffb-48d2-b060-d0f5a71096e0,-68
2018-06-14 19:43:27.665684,534,2,1,c1:00:dd:00:01:de,e2c56db5-dffb-48d2-b060-d0f5a71096e0,-68
2018-06-14 19:43:27.871040,535,2,1,c1:00:dd:00:01:de,e2c56db5-dffb-48d2-b060-d0f5a71096e0,-62
2018-06-14 19:43:28.066871,536,2,1,c1:00:dd:00:01:de,e2c56db5-dffb-48d2-b060-d0f5a71096e0,-62
2018-06-14 19:43:28.266336,537,2,1,c1:00:dd:00:01:de,e2c56db5-dffb-48d2-b060-d0f5a71096e0,-64
2018-06-14 19:43:28.473146,538,2,1,c1:00:dd:00:01:de,e2c56db5-dffb-48d2-b060-d0f5a71096e0,-64
2018-06-14 19:43:28.687646,539,2,1,c1:00:dd:00:01:de,e2c56db5-dffb-48d2-b060-d0f5a71096e0,-69
2018-06-14 19:43:28.892801,540,2,1,c1:00:dd:00:01:de,e2c56db5-dffb-48d2-b060-d0f5a71096e0,-62
2018-06-14 19:43:29.094824,541,2,1,c1:00:dd:00:01:de,e2c56db5-dffb-48d2-b060-d0f5a71096e0,-63
2018-06-14 19:43:29.296767,542,2,1,c1:00:dd:00:01:de,e2c56db5-dffb-48d2-b060-d0f5a71096e0,-65
2018-06-14 19:43:29.503175,543,2,1,c1:00:dd:00:01:de,e2c56db5-dffb-48d2-b060-d0f5a71096e0,-64
2018-06-14 19:43:29.710728,544,2,1,c1:00:dd:00:01:de,e2c56db5-dffb-48d2-b060-d0f5a71096e0,-48
2018-06-14 19:43:29.917325,545,2,1,c1:00:dd:00:01:de,e2c56db5-dffb-48d2-b060-d0f5a71096e0,-67
2018-06-14 19:43:30.116760,546,2,1,c1:00:dd:00:01:de,e2c56db5-dffb-48d2-b060-d0f5a71096e0,-61
2018-06-14 19:43:30.321102,547,2,1,c1:00:dd:00:01:de,e2c56db5-dffb-48d2-b060-d0f5a71096e0,-64
2018-06-14 19:43:30.728333,548,2,1,c1:00:dd:00:01:de,e2c56db5-dffb-48d2-b060-d0f5a71096e0,-69
2018-06-14 19:43:30.938014,549,2,1,c1:00:dd:00:01:de,e2c56db5-dffb-48d2-b060-d0f5a71096e0,-69
2018-06-14 19:43:31.137417,550,2,1,c1:00:dd:00:01:de,e2c56db5-dffb-48d2-b060-d0f5a71096e0,-68
end saving
2018-06-14 19:43:31.337807,551,2,1,c1:00:dd:00:01:de,e2c56db5-dffb-48d2-b060-d0f5a71096e0,-62
2018-06-14 19:43:31.540918,552,2,1,c1:00:dd:00:01:de,e2c56db5-dffb-48d2-b060-d0f5a71096e0,-64
2018-06-14 19:43:31.747424,553,2,1,c1:00:dd:00:01:de,e2c56db5-dffb-48d2-b060-d0f5a71096e0,-65
2018-06-14 19:43:31.962063,554,2,1,c1:00:dd:00:01:de,e2c56db5-dffb-48d2-b060-d0f5a71096e0,-64
2018-06-14 19:43:32.374489,555,2,1,c1:00:dd:00:01:de,e2c56db5-dffb-48d2-b060-d0f5a71096e0,-52
2018-06-14 19:43:32.775930,556,2,1,c1:00:dd:00:01:de,e2c56db5-dffb-48d2-b060-d0f5a71096e0,-47
2018-06-14 19:43:32.984589,557,2,1,c1:00:dd:00:01:de,e2c56db5-dffb-48d2-b060-d0f5a71096e0,-62
2018-06-14 19:43:33.198444,558,2,1,c1:00:dd:00:01:de,e2c56db5-dffb-48d2-b060-d0f5a71096e0,-48
2018-06-14 19:43:33.398532,559,2,1,c1:00:dd:00:01:de,e2c56db5-dffb-48d2-b060-d0f5a71096e0,-64
2018-06-14 19:43:33.811452,560,2,1,c1:00:dd:00:01:de,e2c56db5-dffb-48d2-b060-d0f5a71096e0,-67
2018-06-14 19:43:34.021898,561,2,1,c1:00:dd:00:01:de,e2c56db5-dffb-48d2-b060-d0f5a71096e0,-68
2018-06-14 19:43:34.224345,562,2,1,c1:00:dd:00:01:de,e2c56db5-dffb-48d2-b060-d0f5a71096e0,-62
2018-06-14 19:43:34.434146,563,2,1,c1:00:dd:00:01:de,e2c56db5-dffb-48d2-b060-d0f5a71096e0,-62
2018-06-14 19:43:34.641828,564,2,1,c1:00:dd:00:01:de,e2c56db5-dffb-48d2-b060-d0f5a71096e0,-62
2018-06-14 19:43:35.048290,565,2,1,c1:00:dd:00:01:de,e2c56db5-dffb-48d2-b060-d0f5a71096e0,-63
2018-06-14 19:43:35.254644,566,2,1,c1:00:dd:00:01:de,e2c56db5-dffb-48d2-b060-d0f5a71096e0,-63
2018-06-14 19:43:35.666887,567,2,1,c1:00:dd:00:01:de,e2c56db5-dffb-48d2-b060-d0f5a71096e0,-69
2018-06-14 19:43:35.880163,568,2,1,c1:00:dd:00:01:de,e2c56db5-dffb-48d2-b060-d0f5a71096e0,-47
2018-06-14 19:43:36.078206,569,2,1,c1:00:dd:00:01:de,e2c56db5-dffb-48d2-b060-d0f5a71096e0,-64
2018-06-14 19:43:36.475762,570,2,1,c1:00:dd:00:01:de,e2c56db5-dffb-48d2-b060-d0f5a71096e0,-70
2018-06-14 19:43:36.680155,571,2,1,c1:00:dd:00:01:de,e2c56db5-dffb-48d2-b060-d0f5a71096e0,-62
2018-06-14 19:43:36.886908,572,2,1,c1:00:dd:00:01:de,e2c56db5-dffb-48d2-b060-d0f5a71096e0,-64
2018-06-14 19:43:37.092007,573,2,1,c1:00:dd:00:01:de,e2c56db5-dffb-48d2-b060-d0f5a71096e0,-64
2018-06-14 19:43:37.311608,574,2,1,c1:00:dd:00:01:de,e2c56db5-dffb-48d2-b060-d0f5a71096e0,-49
