timestamp,dataNum,antennaID,beaconMac,beaconUUID,beaconRSSI,(office room2.11 no_path_loss)
2018-06-13 12:51:04.516640,50,2,5,ac:23:3f:25:0f:b5,fda50693-a4e2-4fb1-afcf-c6eb07647777,-49
2018-06-13 12:51:04.725350,51,2,5,ac:23:3f:25:0f:b5,fda50693-a4e2-4fb1-afcf-c6eb07647777,-49
2018-06-13 12:51:04.935423,52,2,5,ac:23:3f:25:0f:b5,fda50693-a4e2-4fb1-afcf-c6eb07647777,-67
2018-06-13 12:51:05.139724,53,2,5,ac:23:3f:25:0f:b5,fda50693-a4e2-4fb1-afcf-c6eb07647777,-51
2018-06-13 12:51:05.553984,54,2,5,ac:23:3f:25:0f:b5,fda50693-a4e2-4fb1-afcf-c6eb07647777,-51
2018-06-13 12:51:05.960067,55,2,5,ac:23:3f:25:0f:b5,fda50693-a4e2-4fb1-afcf-c6eb07647777,-65
2018-06-13 12:51:06.165157,56,2,5,ac:23:3f:25:0f:b5,fda50693-a4e2-4fb1-afcf-c6eb07647777,-67
2018-06-13 12:51:06.368134,57,2,5,ac:23:3f:25:0f:b5,fda50693-a4e2-4fb1-afcf-c6eb07647777,-52
2018-06-13 12:51:06.986644,58,2,5,ac:23:3f:25:0f:b5,fda50693-a4e2-4fb1-afcf-c6eb07647777,-48
2018-06-13 12:51:07.188699,59,2,5,ac:23:3f:25:0f:b5,fda50693-a4e2-4fb1-afcf-c6eb07647777,-65
2018-06-13 12:51:07.394780,60,2,5,ac:23:3f:25:0f:b5,fda50693-a4e2-4fb1-afcf-c6eb07647777,-67
2018-06-13 12:51:07.604005,61,2,5,ac:23:3f:25:0f:b5,fda50693-a4e2-4fb1-afcf-c6eb07647777,-65
2018-06-13 12:51:07.806351,62,2,5,ac:23:3f:25:0f:b5,fda50693-a4e2-4fb1-afcf-c6eb07647777,-52
2018-06-13 12:51:08.019469,63,2,5,ac:23:3f:25:0f:b5,fda50693-a4e2-4fb1-afcf-c6eb07647777,-46
2018-06-13 12:51:08.220617,64,2,5,ac:23:3f:25:0f:b5,fda50693-a4e2-4fb1-afcf-c6eb07647777,-46
2018-06-13 12:51:08.416836,65,2,5,ac:23:3f:25:0f:b5,fda50693-a4e2-4fb1-afcf-c6eb07647777,-67
2018-06-13 12:51:08.620886,66,2,5,ac:23:3f:25:0f:b5,fda50693-a4e2-4fb1-afcf-c6eb07647777,-52
2018-06-13 12:51:08.824462,67,2,5,ac:23:3f:25:0f:b5,fda50693-a4e2-4fb1-afcf-c6eb07647777,-51
2018-06-13 12:51:09.448578,68,2,5,ac:23:3f:25:0f:b5,fda50693-a4e2-4fb1-afcf-c6eb07647777,-46
2018-06-13 12:51:09.655333,69,2,5,ac:23:3f:25:0f:b5,fda50693-a4e2-4fb1-afcf-c6eb07647777,-46
2018-06-13 12:51:09.860636,70,2,5,ac:23:3f:25:0f:b5,fda50693-a4e2-4fb1-afcf-c6eb07647777,-65
2018-06-13 12:51:10.067561,71,2,5,ac:23:3f:25:0f:b5,fda50693-a4e2-4fb1-afcf-c6eb07647777,-56
2018-06-13 12:51:10.283399,72,2,5,ac:23:3f:25:0f:b5,fda50693-a4e2-4fb1-afcf-c6eb07647777,-52
2018-06-13 12:51:10.463369,73,2,5,ac:23:3f:25:0f:b5,fda50693-a4e2-4fb1-afcf-c6eb07647777,-46
2018-06-13 12:51:10.665660,74,2,5,ac:23:3f:25:0f:b5,fda50693-a4e2-4fb1-afcf-c6eb07647777,-46
2018-06-13 12:51:10.872458,75,2,5,ac:23:3f:25:0f:b5,fda50693-a4e2-4fb1-afcf-c6eb07647777,-67
2018-06-13 12:51:11.079378,76,2,5,ac:23:3f:25:0f:b5,fda50693-a4e2-4fb1-afcf-c6eb07647777,-51
2018-06-13 12:51:11.486441,77,2,5,ac:23:3f:25:0f:b5,fda50693-a4e2-4fb1-afcf-c6eb07647777,-46
2018-06-13 12:51:11.697089,78,2,5,ac:23:3f:25:0f:b5,fda50693-a4e2-4fb1-afcf-c6eb07647777,-46
2018-06-13 12:51:11.899434,79,2,5,ac:23:3f:25:0f:b5,fda50693-a4e2-4fb1-afcf-c6eb07647777,-47
2018-06-13 12:51:12.098803,80,2,5,ac:23:3f:25:0f:b5,fda50693-a4e2-4fb1-afcf-c6eb07647777,-42
2018-06-13 12:51:12.306501,81,2,5,ac:23:3f:25:0f:b5,fda50693-a4e2-4fb1-afcf-c6eb07647777,-53
2018-06-13 12:51:12.509360,82,2,5,ac:23:3f:25:0f:b5,fda50693-a4e2-4fb1-afcf-c6eb07647777,-47
2018-06-13 12:51:12.912303,83,2,5,ac:23:3f:25:0f:b5,fda50693-a4e2-4fb1-afcf-c6eb07647777,-53
2018-06-13 12:51:13.321719,84,2,5,ac:23:3f:25:0f:b5,fda50693-a4e2-4fb1-afcf-c6eb07647777,-47
2018-06-13 12:51:13.539547,85,2,5,ac:23:3f:25:0f:b5,fda50693-a4e2-4fb1-afcf-c6eb07647777,-63
2018-06-13 12:51:13.716447,86,2,5,ac:23:3f:25:0f:b5,fda50693-a4e2-4fb1-afcf-c6eb07647777,-53
2018-06-13 12:51:13.919447,87,2,5,ac:23:3f:25:0f:b5,fda50693-a4e2-4fb1-afcf-c6eb07647777,-47
2018-06-13 12:51:14.125011,88,2,5,ac:23:3f:25:0f:b5,fda50693-a4e2-4fb1-afcf-c6eb07647777,-48
2018-06-13 12:51:14.326139,89,2,5,ac:23:3f:25:0f:b5,fda50693-a4e2-4fb1-afcf-c6eb07647777,-64
2018-06-13 12:51:14.535168,90,2,5,ac:23:3f:25:0f:b5,fda50693-a4e2-4fb1-afcf-c6eb07647777,-66
2018-06-13 12:51:14.743088,91,2,5,ac:23:3f:25:0f:b5,fda50693-a4e2-4fb1-afcf-c6eb07647777,-66
2018-06-13 12:51:14.948868,92,2,5,ac:23:3f:25:0f:b5,fda50693-a4e2-4fb1-afcf-c6eb07647777,-52
2018-06-13 12:51:15.166690,93,2,5,ac:23:3f:25:0f:b5,fda50693-a4e2-4fb1-afcf-c6eb07647777,-46
2018-06-13 12:51:15.560748,94,2,5,ac:23:3f:25:0f:b5,fda50693-a4e2-4fb1-afcf-c6eb07647777,-49
2018-06-13 12:51:15.760725,95,2,5,ac:23:3f:25:0f:b5,fda50693-a4e2-4fb1-afcf-c6eb07647777,-65
2018-06-13 12:51:15.973771,96,2,5,ac:23:3f:25:0f:b5,fda50693-a4e2-4fb1-afcf-c6eb07647777,-65
2018-06-13 12:51:16.174780,97,2,5,ac:23:3f:25:0f:b5,fda50693-a4e2-4fb1-afcf-c6eb07647777,-53
2018-06-13 12:51:16.583637,98,2,5,ac:23:3f:25:0f:b5,fda50693-a4e2-4fb1-afcf-c6eb07647777,-47
2018-06-13 12:51:16.791913,99,2,5,ac:23:3f:25:0f:b5,fda50693-a4e2-4fb1-afcf-c6eb07647777,-62
2018-06-13 12:51:16.998138,100,2,5,ac:23:3f:25:0f:b5,fda50693-a4e2-4fb1-afcf-c6eb07647777,-37
2018-06-13 12:51:17.602567,101,2,5,ac:23:3f:25:0f:b5,fda50693-a4e2-4fb1-afcf-c6eb07647777,-32
2018-06-13 12:51:17.802912,102,2,5,ac:23:3f:25:0f:b5,fda50693-a4e2-4fb1-afcf-c6eb07647777,-61
2018-06-13 12:51:18.010183,103,2,5,ac:23:3f:25:0f:b5,fda50693-a4e2-4fb1-afcf-c6eb07647777,-52
2018-06-13 12:51:18.217982,104,2,5,ac:23:3f:25:0f:b5,fda50693-a4e2-4fb1-afcf-c6eb07647777,-52
2018-06-13 12:51:18.427926,105,2,5,ac:23:3f:25:0f:b5,fda50693-a4e2-4fb1-afcf-c6eb07647777,-52
2018-06-13 12:51:18.839630,106,2,5,ac:23:3f:25:0f:b5,fda50693-a4e2-4fb1-afcf-c6eb07647777,-47
2018-06-13 12:51:19.040054,107,2,5,ac:23:3f:25:0f:b5,fda50693-a4e2-4fb1-afcf-c6eb07647777,-63
2018-06-13 12:51:19.240257,108,2,5,ac:23:3f:25:0f:b5,fda50693-a4e2-4fb1-afcf-c6eb07647777,-52
2018-06-13 12:51:19.449121,109,2,5,ac:23:3f:25:0f:b5,fda50693-a4e2-4fb1-afcf-c6eb07647777,-53
2018-06-13 12:51:19.856508,110,2,5,ac:23:3f:25:0f:b5,fda50693-a4e2-4fb1-afcf-c6eb07647777,-47
2018-06-13 12:51:20.054380,111,2,5,ac:23:3f:25:0f:b5,fda50693-a4e2-4fb1-afcf-c6eb07647777,-61
2018-06-13 12:51:20.257373,112,2,5,ac:23:3f:25:0f:b5,fda50693-a4e2-4fb1-afcf-c6eb07647777,-53
2018-06-13 12:51:20.464727,113,2,5,ac:23:3f:25:0f:b5,fda50693-a4e2-4fb1-afcf-c6eb07647777,-53
2018-06-13 12:51:20.876232,114,2,5,ac:23:3f:25:0f:b5,fda50693-a4e2-4fb1-afcf-c6eb07647777,-47
2018-06-13 12:51:21.081307,115,2,5,ac:23:3f:25:0f:b5,fda50693-a4e2-4fb1-afcf-c6eb07647777,-61
2018-06-13 12:51:21.283271,116,2,5,ac:23:3f:25:0f:b5,fda50693-a4e2-4fb1-afcf-c6eb07647777,-64
2018-06-13 12:51:21.488548,117,2,5,ac:23:3f:25:0f:b5,fda50693-a4e2-4fb1-afcf-c6eb07647777,-53
2018-06-13 12:51:21.698677,118,2,5,ac:23:3f:25:0f:b5,fda50693-a4e2-4fb1-afcf-c6eb07647777,-52
2018-06-13 12:51:22.111767,119,2,5,ac:23:3f:25:0f:b5,fda50693-a4e2-4fb1-afcf-c6eb07647777,-47
2018-06-13 12:51:22.713555,120,2,5,ac:23:3f:25:0f:b5,fda50693-a4e2-4fb1-afcf-c6eb07647777,-53
2018-06-13 12:51:22.911028,121,2,5,ac:23:3f:25:0f:b5,fda50693-a4e2-4fb1-afcf-c6eb07647777,-49
2018-06-13 12:51:23.110851,122,2,5,ac:23:3f:25:0f:b5,fda50693-a4e2-4fb1-afcf-c6eb07647777,-53
2018-06-13 12:51:23.311056,123,2,5,ac:23:3f:25:0f:b5,fda50693-a4e2-4fb1-afcf-c6eb07647777,-52
2018-06-13 12:51:23.522658,124,2,5,ac:23:3f:25:0f:b5,fda50693-a4e2-4fb1-afcf-c6eb07647777,-53
2018-06-13 12:51:23.729372,125,2,5,ac:23:3f:25:0f:b5,fda50693-a4e2-4fb1-afcf-c6eb07647777,-46
2018-06-13 12:51:23.933100,126,2,5,ac:23:3f:25:0f:b5,fda50693-a4e2-4fb1-afcf-c6eb07647777,-47
2018-06-13 12:51:24.136526,127,2,5,ac:23:3f:25:0f:b5,fda50693-a4e2-4fb1-afcf-c6eb07647777,-63
2018-06-13 12:51:24.341969,128,2,5,ac:23:3f:25:0f:b5,fda50693-a4e2-4fb1-afcf-c6eb07647777,-66
2018-06-13 12:51:24.542432,129,2,5,ac:23:3f:25:0f:b5,fda50693-a4e2-4fb1-afcf-c6eb07647777,-53
2018-06-13 12:51:24.952654,130,2,5,ac:23:3f:25:0f:b5,fda50693-a4e2-4fb1-afcf-c6eb07647777,-47
2018-06-13 12:51:25.154369,131,2,5,ac:23:3f:25:0f:b5,fda50693-a4e2-4fb1-afcf-c6eb07647777,-63
2018-06-13 12:51:25.363451,132,2,5,ac:23:3f:25:0f:b5,fda50693-a4e2-4fb1-afcf-c6eb07647777,-65
2018-06-13 12:51:25.564806,133,2,5,ac:23:3f:25:0f:b5,fda50693-a4e2-4fb1-afcf-c6eb07647777,-52
2018-06-13 12:51:25.767253,134,2,5,ac:23:3f:25:0f:b5,fda50693-a4e2-4fb1-afcf-c6eb07647777,-46
2018-06-13 12:51:25.976358,135,2,5,ac:23:3f:25:0f:b5,fda50693-a4e2-4fb1-afcf-c6eb07647777,-37
2018-06-13 12:51:26.178983,136,2,5,ac:23:3f:25:0f:b5,fda50693-a4e2-4fb1-afcf-c6eb07647777,-67
2018-06-13 12:51:26.386333,137,2,5,ac:23:3f:25:0f:b5,fda50693-a4e2-4fb1-afcf-c6eb07647777,-51
2018-06-13 12:51:26.589662,138,2,5,ac:23:3f:25:0f:b5,fda50693-a4e2-4fb1-afcf-c6eb07647777,-52
2018-06-13 12:51:26.997746,139,2,5,ac:23:3f:25:0f:b5,fda50693-a4e2-4fb1-afcf-c6eb07647777,-32
2018-06-13 12:51:27.205605,140,2,5,ac:23:3f:25:0f:b5,fda50693-a4e2-4fb1-afcf-c6eb07647777,-49
2018-06-13 12:51:27.414874,141,2,5,ac:23:3f:25:0f:b5,fda50693-a4e2-4fb1-afcf-c6eb07647777,-47
2018-06-13 12:51:27.614890,142,2,5,ac:23:3f:25:0f:b5,fda50693-a4e2-4fb1-afcf-c6eb07647777,-66
2018-06-13 12:51:27.824336,143,2,5,ac:23:3f:25:0f:b5,fda50693-a4e2-4fb1-afcf-c6eb07647777,-65
2018-06-13 12:51:28.026958,144,2,5,ac:23:3f:25:0f:b5,fda50693-a4e2-4fb1-afcf-c6eb07647777,-53
2018-06-13 12:51:28.438979,145,2,5,ac:23:3f:25:0f:b5,fda50693-a4e2-4fb1-afcf-c6eb07647777,-47
2018-06-13 12:51:28.648512,146,2,5,ac:23:3f:25:0f:b5,fda50693-a4e2-4fb1-afcf-c6eb07647777,-47
2018-06-13 12:51:28.853058,147,2,5,ac:23:3f:25:0f:b5,fda50693-a4e2-4fb1-afcf-c6eb07647777,-49
2018-06-13 12:51:29.052652,148,2,5,ac:23:3f:25:0f:b5,fda50693-a4e2-4fb1-afcf-c6eb07647777,-66
2018-06-13 12:51:29.256026,149,2,5,ac:23:3f:25:0f:b5,fda50693-a4e2-4fb1-afcf-c6eb07647777,-37
2018-06-13 12:51:29.458438,150,2,5,ac:23:3f:25:0f:b5,fda50693-a4e2-4fb1-afcf-c6eb07647777,-32
2018-06-13 12:51:29.660719,151,2,5,ac:23:3f:25:0f:b5,fda50693-a4e2-4fb1-afcf-c6eb07647777,-52
2018-06-13 12:51:29.865808,152,2,5,ac:23:3f:25:0f:b5,fda50693-a4e2-4fb1-afcf-c6eb07647777,-62
2018-06-13 12:51:30.069498,153,2,5,ac:23:3f:25:0f:b5,fda50693-a4e2-4fb1-afcf-c6eb07647777,-53
2018-06-13 12:51:30.276927,154,2,5,ac:23:3f:25:0f:b5,fda50693-a4e2-4fb1-afcf-c6eb07647777,-53
2018-06-13 12:51:30.682535,155,2,5,ac:23:3f:25:0f:b5,fda50693-a4e2-4fb1-afcf-c6eb07647777,-49
2018-06-13 12:51:30.886164,156,2,5,ac:23:3f:25:0f:b5,fda50693-a4e2-4fb1-afcf-c6eb07647777,-61
2018-06-13 12:51:31.093502,157,2,5,ac:23:3f:25:0f:b5,fda50693-a4e2-4fb1-afcf-c6eb07647777,-59
2018-06-13 12:51:31.295961,158,2,5,ac:23:3f:25:0f:b5,fda50693-a4e2-4fb1-afcf-c6eb07647777,-53
2018-06-13 12:51:31.912814,159,2,5,ac:23:3f:25:0f:b5,fda50693-a4e2-4fb1-afcf-c6eb07647777,-47
2018-06-13 12:51:32.116364,160,2,5,ac:23:3f:25:0f:b5,fda50693-a4e2-4fb1-afcf-c6eb07647777,-61
2018-06-13 12:51:32.325597,161,2,5,ac:23:3f:25:0f:b5,fda50693-a4e2-4fb1-afcf-c6eb07647777,-61
2018-06-13 12:51:32.534170,162,2,5,ac:23:3f:25:0f:b5,fda50693-a4e2-4fb1-afcf-c6eb07647777,-61
2018-06-13 12:51:32.735710,163,2,5,ac:23:3f:25:0f:b5,fda50693-a4e2-4fb1-afcf-c6eb07647777,-53
2018-06-13 12:51:33.148917,164,2,5,ac:23:3f:25:0f:b5,fda50693-a4e2-4fb1-afcf-c6eb07647777,-47
2018-06-13 12:51:33.349269,165,2,5,ac:23:3f:25:0f:b5,fda50693-a4e2-4fb1-afcf-c6eb07647777,-60
2018-06-13 12:51:33.755067,166,2,5,ac:23:3f:25:0f:b5,fda50693-a4e2-4fb1-afcf-c6eb07647777,-52
2018-06-13 12:51:33.959558,167,2,5,ac:23:3f:25:0f:b5,fda50693-a4e2-4fb1-afcf-c6eb07647777,-47
2018-06-13 12:51:34.162388,168,2,5,ac:23:3f:25:0f:b5,fda50693-a4e2-4fb1-afcf-c6eb07647777,-47
2018-06-13 12:51:34.366973,169,2,5,ac:23:3f:25:0f:b5,fda50693-a4e2-4fb1-afcf-c6eb07647777,-62
2018-06-13 12:51:34.570213,170,2,5,ac:23:3f:25:0f:b5,fda50693-a4e2-4fb1-afcf-c6eb07647777,-53
2018-06-13 12:51:34.772699,171,2,5,ac:23:3f:25:0f:b5,fda50693-a4e2-4fb1-afcf-c6eb07647777,-37
2018-06-13 12:51:34.982962,172,2,5,ac:23:3f:25:0f:b5,fda50693-a4e2-4fb1-afcf-c6eb07647777,-52
2018-06-13 12:51:35.188624,173,2,5,ac:23:3f:25:0f:b5,fda50693-a4e2-4fb1-afcf-c6eb07647777,-47
2018-06-13 12:51:35.393921,174,2,5,ac:23:3f:25:0f:b5,fda50693-a4e2-4fb1-afcf-c6eb07647777,-50
2018-06-13 12:51:35.599957,175,2,5,ac:23:3f:25:0f:b5,fda50693-a4e2-4fb1-afcf-c6eb07647777,-59
2018-06-13 12:51:35.809719,176,2,5,ac:23:3f:25:0f:b5,fda50693-a4e2-4fb1-afcf-c6eb07647777,-61
2018-06-13 12:51:36.014668,177,2,5,ac:23:3f:25:0f:b5,fda50693-a4e2-4fb1-afcf-c6eb07647777,-59
2018-06-13 12:51:36.213988,178,2,5,ac:23:3f:25:0f:b5,fda50693-a4e2-4fb1-afcf-c6eb07647777,-53
2018-06-13 12:51:36.833764,179,2,5,ac:23:3f:25:0f:b5,fda50693-a4e2-4fb1-afcf-c6eb07647777,-47
2018-06-13 12:51:37.037175,180,2,5,ac:23:3f:25:0f:b5,fda50693-a4e2-4fb1-afcf-c6eb07647777,-59
2018-06-13 12:51:37.246275,181,2,5,ac:23:3f:25:0f:b5,fda50693-a4e2-4fb1-afcf-c6eb07647777,-61
2018-06-13 12:51:37.455077,182,2,5,ac:23:3f:25:0f:b5,fda50693-a4e2-4fb1-afcf-c6eb07647777,-61
2018-06-13 12:51:37.662547,183,2,5,ac:23:3f:25:0f:b5,fda50693-a4e2-4fb1-afcf-c6eb07647777,-59
2018-06-13 12:51:37.864889,184,2,5,ac:23:3f:25:0f:b5,fda50693-a4e2-4fb1-afcf-c6eb07647777,-53
2018-06-13 12:51:38.072056,185,2,5,ac:23:3f:25:0f:b5,fda50693-a4e2-4fb1-afcf-c6eb07647777,-52
2018-06-13 12:51:38.278069,186,2,5,ac:23:3f:25:0f:b5,fda50693-a4e2-4fb1-afcf-c6eb07647777,-48
2018-06-13 12:51:38.484681,187,2,5,ac:23:3f:25:0f:b5,fda50693-a4e2-4fb1-afcf-c6eb07647777,-47
2018-06-13 12:51:38.685727,188,2,5,ac:23:3f:25:0f:b5,fda50693-a4e2-4fb1-afcf-c6eb07647777,-63
2018-06-13 12:51:38.896756,189,2,5,ac:23:3f:25:0f:b5,fda50693-a4e2-4fb1-afcf-c6eb07647777,-62
2018-06-13 12:51:39.305278,190,2,5,ac:23:3f:25:0f:b5,fda50693-a4e2-4fb1-afcf-c6eb07647777,-41
2018-06-13 12:51:39.716456,191,2,5,ac:23:3f:25:0f:b5,fda50693-a4e2-4fb1-afcf-c6eb07647777,-50
2018-06-13 12:51:39.919771,192,2,5,ac:23:3f:25:0f:b5,fda50693-a4e2-4fb1-afcf-c6eb07647777,-62
2018-06-13 12:51:40.122644,193,2,5,ac:23:3f:25:0f:b5,fda50693-a4e2-4fb1-afcf-c6eb07647777,-62
2018-06-13 12:51:40.327253,194,2,5,ac:23:3f:25:0f:b5,fda50693-a4e2-4fb1-afcf-c6eb07647777,-52
2018-06-13 12:51:40.528764,195,2,5,ac:23:3f:25:0f:b5,fda50693-a4e2-4fb1-afcf-c6eb07647777,-46
2018-06-13 12:51:40.730263,196,2,5,ac:23:3f:25:0f:b5,fda50693-a4e2-4fb1-afcf-c6eb07647777,-60
2018-06-13 12:51:40.935418,197,2,5,ac:23:3f:25:0f:b5,fda50693-a4e2-4fb1-afcf-c6eb07647777,-61
2018-06-13 12:51:41.145253,198,2,5,ac:23:3f:25:0f:b5,fda50693-a4e2-4fb1-afcf-c6eb07647777,-59
2018-06-13 12:51:41.358314,199,2,5,ac:23:3f:25:0f:b5,fda50693-a4e2-4fb1-afcf-c6eb07647777,-58
2018-06-13 12:51:41.554940,200,2,5,ac:23:3f:25:0f:b5,fda50693-a4e2-4fb1-afcf-c6eb07647777,-53
2018-06-13 12:51:41.756639,201,2,5,ac:23:3f:25:0f:b5,fda50693-a4e2-4fb1-afcf-c6eb07647777,-49
2018-06-13 12:51:41.959568,202,2,5,ac:23:3f:25:0f:b5,fda50693-a4e2-4fb1-afcf-c6eb07647777,-62
2018-06-13 12:51:42.162752,203,2,5,ac:23:3f:25:0f:b5,fda50693-a4e2-4fb1-afcf-c6eb07647777,-61
2018-06-13 12:51:42.368468,204,2,5,ac:23:3f:25:0f:b5,fda50693-a4e2-4fb1-afcf-c6eb07647777,-38
2018-06-13 12:51:42.568079,205,2,5,ac:23:3f:25:0f:b5,fda50693-a4e2-4fb1-afcf-c6eb07647777,-47
2018-06-13 12:51:42.770580,206,2,5,ac:23:3f:25:0f:b5,fda50693-a4e2-4fb1-afcf-c6eb07647777,-61
2018-06-13 12:51:42.974186,207,2,5,ac:23:3f:25:0f:b5,fda50693-a4e2-4fb1-afcf-c6eb07647777,-61
2018-06-13 12:51:43.174737,208,2,5,ac:23:3f:25:0f:b5,fda50693-a4e2-4fb1-afcf-c6eb07647777,-52
2018-06-13 12:51:43.382728,209,2,5,ac:23:3f:25:0f:b5,fda50693-a4e2-4fb1-afcf-c6eb07647777,-52
2018-06-13 12:51:43.587555,210,2,5,ac:23:3f:25:0f:b5,fda50693-a4e2-4fb1-afcf-c6eb07647777,-47
2018-06-13 12:51:43.795173,211,2,5,ac:23:3f:25:0f:b5,fda50693-a4e2-4fb1-afcf-c6eb07647777,-48
2018-06-13 12:51:44.203817,212,2,5,ac:23:3f:25:0f:b5,fda50693-a4e2-4fb1-afcf-c6eb07647777,-61
2018-06-13 12:51:44.403284,213,2,5,ac:23:3f:25:0f:b5,fda50693-a4e2-4fb1-afcf-c6eb07647777,-52
2018-06-13 12:51:44.610827,214,2,5,ac:23:3f:25:0f:b5,fda50693-a4e2-4fb1-afcf-c6eb07647777,-49
2018-06-13 12:51:44.808945,215,2,5,ac:23:3f:25:0f:b5,fda50693-a4e2-4fb1-afcf-c6eb07647777,-61
2018-06-13 12:51:45.009128,216,2,5,ac:23:3f:25:0f:b5,fda50693-a4e2-4fb1-afcf-c6eb07647777,-52
2018-06-13 12:51:45.416305,217,2,5,ac:23:3f:25:0f:b5,fda50693-a4e2-4fb1-afcf-c6eb07647777,-46
2018-06-13 12:51:45.620795,218,2,5,ac:23:3f:25:0f:b5,fda50693-a4e2-4fb1-afcf-c6eb07647777,-60
2018-06-13 12:51:45.826440,219,2,5,ac:23:3f:25:0f:b5,fda50693-a4e2-4fb1-afcf-c6eb07647777,-62
2018-06-13 12:51:46.035449,220,2,5,ac:23:3f:25:0f:b5,fda50693-a4e2-4fb1-afcf-c6eb07647777,-63
2018-06-13 12:51:46.238977,221,2,5,ac:23:3f:25:0f:b5,fda50693-a4e2-4fb1-afcf-c6eb07647777,-53
2018-06-13 12:51:46.446644,222,2,5,ac:23:3f:25:0f:b5,fda50693-a4e2-4fb1-afcf-c6eb07647777,-53
2018-06-13 12:51:46.655183,223,2,5,ac:23:3f:25:0f:b5,fda50693-a4e2-4fb1-afcf-c6eb07647777,-53
2018-06-13 12:51:47.066570,224,2,5,ac:23:3f:25:0f:b5,fda50693-a4e2-4fb1-afcf-c6eb07647777,-49
2018-06-13 12:51:47.275181,225,2,5,ac:23:3f:25:0f:b5,fda50693-a4e2-4fb1-afcf-c6eb07647777,-47
2018-06-13 12:51:47.477730,226,2,5,ac:23:3f:25:0f:b5,fda50693-a4e2-4fb1-afcf-c6eb07647777,-46
2018-06-13 12:51:47.685207,227,2,5,ac:23:3f:25:0f:b5,fda50693-a4e2-4fb1-afcf-c6eb07647777,-60
2018-06-13 12:51:47.889960,228,2,5,ac:23:3f:25:0f:b5,fda50693-a4e2-4fb1-afcf-c6eb07647777,-53
2018-06-13 12:51:48.095874,229,2,5,ac:23:3f:25:0f:b5,fda50693-a4e2-4fb1-afcf-c6eb07647777,-54
2018-06-13 12:51:48.507505,230,2,5,ac:23:3f:25:0f:b5,fda50693-a4e2-4fb1-afcf-c6eb07647777,-47
2018-06-13 12:51:48.707170,231,2,5,ac:23:3f:25:0f:b5,fda50693-a4e2-4fb1-afcf-c6eb07647777,-61
2018-06-13 12:51:48.916605,232,2,5,ac:23:3f:25:0f:b5,fda50693-a4e2-4fb1-afcf-c6eb07647777,-62
2018-06-13 12:51:49.115920,233,2,5,ac:23:3f:25:0f:b5,fda50693-a4e2-4fb1-afcf-c6eb07647777,-53
2018-06-13 12:51:49.320343,234,2,5,ac:23:3f:25:0f:b5,fda50693-a4e2-4fb1-afcf-c6eb07647777,-47
2018-06-13 12:51:49.526955,235,2,5,ac:23:3f:25:0f:b5,fda50693-a4e2-4fb1-afcf-c6eb07647777,-47
2018-06-13 12:51:49.724850,236,2,5,ac:23:3f:25:0f:b5,fda50693-a4e2-4fb1-afcf-c6eb07647777,-62
2018-06-13 12:51:49.924999,237,2,5,ac:23:3f:25:0f:b5,fda50693-a4e2-4fb1-afcf-c6eb07647777,-53
2018-06-13 12:51:50.336452,238,2,5,ac:23:3f:25:0f:b5,fda50693-a4e2-4fb1-afcf-c6eb07647777,-49
2018-06-13 12:51:50.537737,239,2,5,ac:23:3f:25:0f:b5,fda50693-a4e2-4fb1-afcf-c6eb07647777,-61
2018-06-13 12:51:50.745772,240,2,5,ac:23:3f:25:0f:b5,fda50693-a4e2-4fb1-afcf-c6eb07647777,-61
2018-06-13 12:51:50.943735,241,2,5,ac:23:3f:25:0f:b5,fda50693-a4e2-4fb1-afcf-c6eb07647777,-53
2018-06-13 12:51:51.356614,242,2,5,ac:23:3f:25:0f:b5,fda50693-a4e2-4fb1-afcf-c6eb07647777,-47
2018-06-13 12:51:51.560749,243,2,5,ac:23:3f:25:0f:b5,fda50693-a4e2-4fb1-afcf-c6eb07647777,-61
2018-06-13 12:51:51.763447,244,2,5,ac:23:3f:25:0f:b5,fda50693-a4e2-4fb1-afcf-c6eb07647777,-61
2018-06-13 12:51:51.966640,245,2,5,ac:23:3f:25:0f:b5,fda50693-a4e2-4fb1-afcf-c6eb07647777,-42
2018-06-13 12:51:52.174571,246,2,5,ac:23:3f:25:0f:b5,fda50693-a4e2-4fb1-afcf-c6eb07647777,-53
2018-06-13 12:51:52.377714,247,2,5,ac:23:3f:25:0f:b5,fda50693-a4e2-4fb1-afcf-c6eb07647777,-49
2018-06-13 12:51:52.579627,248,2,5,ac:23:3f:25:0f:b5,fda50693-a4e2-4fb1-afcf-c6eb07647777,-61
2018-06-13 12:51:52.786214,249,2,5,ac:23:3f:25:0f:b5,fda50693-a4e2-4fb1-afcf-c6eb07647777,-62
2018-06-13 12:51:52.990928,250,2,5,ac:23:3f:25:0f:b5,fda50693-a4e2-4fb1-afcf-c6eb07647777,-53
2018-06-13 12:51:53.192306,251,2,5,ac:23:3f:25:0f:b5,fda50693-a4e2-4fb1-afcf-c6eb07647777,-53
2018-06-13 12:51:53.398968,252,2,5,ac:23:3f:25:0f:b5,fda50693-a4e2-4fb1-afcf-c6eb07647777,-32
2018-06-13 12:51:53.607529,253,2,5,ac:23:3f:25:0f:b5,fda50693-a4e2-4fb1-afcf-c6eb07647777,-49
2018-06-13 12:51:53.816579,254,2,5,ac:23:3f:25:0f:b5,fda50693-a4e2-4fb1-afcf-c6eb07647777,-49
2018-06-13 12:51:54.026956,255,2,5,ac:23:3f:25:0f:b5,fda50693-a4e2-4fb1-afcf-c6eb07647777,-32
2018-06-13 12:51:54.435358,256,2,5,ac:23:3f:25:0f:b5,fda50693-a4e2-4fb1-afcf-c6eb07647777,-46
2018-06-13 12:51:54.634519,257,2,5,ac:23:3f:25:0f:b5,fda50693-a4e2-4fb1-afcf-c6eb07647777,-53
2018-06-13 12:51:55.259471,258,2,5,ac:23:3f:25:0f:b5,fda50693-a4e2-4fb1-afcf-c6eb07647777,-46
2018-06-13 12:51:55.465459,259,2,5,ac:23:3f:25:0f:b5,fda50693-a4e2-4fb1-afcf-c6eb07647777,-32
2018-06-13 12:51:55.666806,260,2,5,ac:23:3f:25:0f:b5,fda50693-a4e2-4fb1-afcf-c6eb07647777,-60
2018-06-13 12:51:55.872423,261,2,5,ac:23:3f:25:0f:b5,fda50693-a4e2-4fb1-afcf-c6eb07647777,-61
2018-06-13 12:51:56.277195,262,2,5,ac:23:3f:25:0f:b5,fda50693-a4e2-4fb1-afcf-c6eb07647777,-47
2018-06-13 12:51:56.486492,263,2,5,ac:23:3f:25:0f:b5,fda50693-a4e2-4fb1-afcf-c6eb07647777,-47
2018-06-13 12:51:56.696263,264,2,5,ac:23:3f:25:0f:b5,fda50693-a4e2-4fb1-afcf-c6eb07647777,-47
2018-06-13 12:51:56.897612,265,2,5,ac:23:3f:25:0f:b5,fda50693-a4e2-4fb1-afcf-c6eb07647777,-61
2018-06-13 12:51:57.100390,266,2,5,ac:23:3f:25:0f:b5,fda50693-a4e2-4fb1-afcf-c6eb07647777,-52
2018-06-13 12:51:57.708219,267,2,5,ac:23:3f:25:0f:b5,fda50693-a4e2-4fb1-afcf-c6eb07647777,-61
2018-06-13 12:51:57.921595,268,2,5,ac:23:3f:25:0f:b5,fda50693-a4e2-4fb1-afcf-c6eb07647777,-63
2018-06-13 12:51:58.110707,269,2,5,ac:23:3f:25:0f:b5,fda50693-a4e2-4fb1-afcf-c6eb07647777,-53
2018-06-13 12:51:58.320892,270,2,5,ac:23:3f:25:0f:b5,fda50693-a4e2-4fb1-afcf-c6eb07647777,-37
2018-06-13 12:51:58.528375,271,2,5,ac:23:3f:25:0f:b5,fda50693-a4e2-4fb1-afcf-c6eb07647777,-53
2018-06-13 12:51:58.738548,272,2,5,ac:23:3f:25:0f:b5,fda50693-a4e2-4fb1-afcf-c6eb07647777,-49
2018-06-13 12:51:58.940049,273,2,5,ac:23:3f:25:0f:b5,fda50693-a4e2-4fb1-afcf-c6eb07647777,-62
2018-06-13 12:51:59.148413,274,2,5,ac:23:3f:25:0f:b5,fda50693-a4e2-4fb1-afcf-c6eb07647777,-61
2018-06-13 12:51:59.349271,275,2,5,ac:23:3f:25:0f:b5,fda50693-a4e2-4fb1-afcf-c6eb07647777,-52
2018-06-13 12:51:59.554844,276,2,5,ac:23:3f:25:0f:b5,fda50693-a4e2-4fb1-afcf-c6eb07647777,-53
2018-06-13 12:51:59.758278,277,2,5,ac:23:3f:25:0f:b5,fda50693-a4e2-4fb1-afcf-c6eb07647777,-49
2018-06-13 12:51:59.958832,278,2,5,ac:23:3f:25:0f:b5,fda50693-a4e2-4fb1-afcf-c6eb07647777,-48
2018-06-13 12:52:00.162862,279,2,5,ac:23:3f:25:0f:b5,fda50693-a4e2-4fb1-afcf-c6eb07647777,-61
2018-06-13 12:52:00.368580,280,2,5,ac:23:3f:25:0f:b5,fda50693-a4e2-4fb1-afcf-c6eb07647777,-61
2018-06-13 12:52:00.577997,281,2,5,ac:23:3f:25:0f:b5,fda50693-a4e2-4fb1-afcf-c6eb07647777,-54
2018-06-13 12:52:01.188898,282,2,5,ac:23:3f:25:0f:b5,fda50693-a4e2-4fb1-afcf-c6eb07647777,-61
2018-06-13 12:52:01.401220,283,2,5,ac:23:3f:25:0f:b5,fda50693-a4e2-4fb1-afcf-c6eb07647777,-62
2018-06-13 12:52:01.605333,284,2,5,ac:23:3f:25:0f:b5,fda50693-a4e2-4fb1-afcf-c6eb07647777,-63
2018-06-13 12:52:01.810611,285,2,5,ac:23:3f:25:0f:b5,fda50693-a4e2-4fb1-afcf-c6eb07647777,-52
2018-06-13 12:52:02.020405,286,2,5,ac:23:3f:25:0f:b5,fda50693-a4e2-4fb1-afcf-c6eb07647777,-52
2018-06-13 12:52:02.829122,287,2,5,ac:23:3f:25:0f:b5,fda50693-a4e2-4fb1-afcf-c6eb07647777,-53
2018-06-13 12:52:03.236655,288,2,5,ac:23:3f:25:0f:b5,fda50693-a4e2-4fb1-afcf-c6eb07647777,-31
2018-06-13 12:52:03.440096,289,2,5,ac:23:3f:25:0f:b5,fda50693-a4e2-4fb1-afcf-c6eb07647777,-63
2018-06-13 12:52:03.642986,290,2,5,ac:23:3f:25:0f:b5,fda50693-a4e2-4fb1-afcf-c6eb07647777,-61
2018-06-13 12:52:03.845649,291,2,5,ac:23:3f:25:0f:b5,fda50693-a4e2-4fb1-afcf-c6eb07647777,-52
2018-06-13 12:52:04.048899,292,2,5,ac:23:3f:25:0f:b5,fda50693-a4e2-4fb1-afcf-c6eb07647777,-46
2018-06-13 12:52:04.254146,293,2,5,ac:23:3f:25:0f:b5,fda50693-a4e2-4fb1-afcf-c6eb07647777,-48
2018-06-13 12:52:04.456588,294,2,5,ac:23:3f:25:0f:b5,fda50693-a4e2-4fb1-afcf-c6eb07647777,-63
2018-06-13 12:52:04.665724,295,2,5,ac:23:3f:25:0f:b5,fda50693-a4e2-4fb1-afcf-c6eb07647777,-61
2018-06-13 12:52:04.870795,296,2,5,ac:23:3f:25:0f:b5,fda50693-a4e2-4fb1-afcf-c6eb07647777,-53
2018-06-13 12:52:05.078236,297,2,5,ac:23:3f:25:0f:b5,fda50693-a4e2-4fb1-afcf-c6eb07647777,-53
2018-06-13 12:52:05.285787,298,2,5,ac:23:3f:25:0f:b5,fda50693-a4e2-4fb1-afcf-c6eb07647777,-52
2018-06-13 12:52:05.489614,299,2,5,ac:23:3f:25:0f:b5,fda50693-a4e2-4fb1-afcf-c6eb07647777,-47
2018-06-13 12:52:05.696456,300,2,5,ac:23:3f:25:0f:b5,fda50693-a4e2-4fb1-afcf-c6eb07647777,-32
2018-06-13 12:52:05.903876,301,2,5,ac:23:3f:25:0f:b5,fda50693-a4e2-4fb1-afcf-c6eb07647777,-47
2018-06-13 12:52:06.112919,302,2,5,ac:23:3f:25:0f:b5,fda50693-a4e2-4fb1-afcf-c6eb07647777,-47
2018-06-13 12:52:06.318324,303,2,5,ac:23:3f:25:0f:b5,fda50693-a4e2-4fb1-afcf-c6eb07647777,-61
2018-06-13 12:52:06.524451,304,2,5,ac:23:3f:25:0f:b5,fda50693-a4e2-4fb1-afcf-c6eb07647777,-47
2018-06-13 12:52:06.730166,305,2,5,ac:23:3f:25:0f:b5,fda50693-a4e2-4fb1-afcf-c6eb07647777,-53
2018-06-13 12:52:07.138397,306,2,5,ac:23:3f:25:0f:b5,fda50693-a4e2-4fb1-afcf-c6eb07647777,-46
2018-06-13 12:52:07.345481,307,2,5,ac:23:3f:25:0f:b5,fda50693-a4e2-4fb1-afcf-c6eb07647777,-49
2018-06-13 12:52:07.552788,308,2,5,ac:23:3f:25:0f:b5,fda50693-a4e2-4fb1-afcf-c6eb07647777,-47
2018-06-13 12:52:07.758935,309,2,5,ac:23:3f:25:0f:b5,fda50693-a4e2-4fb1-afcf-c6eb07647777,-63
2018-06-13 12:52:07.961323,310,2,5,ac:23:3f:25:0f:b5,fda50693-a4e2-4fb1-afcf-c6eb07647777,-53
2018-06-13 12:52:08.167546,311,2,5,ac:23:3f:25:0f:b5,fda50693-a4e2-4fb1-afcf-c6eb07647777,-52
2018-06-13 12:52:08.369641,312,2,5,ac:23:3f:25:0f:b5,fda50693-a4e2-4fb1-afcf-c6eb07647777,-46
2018-06-13 12:52:08.569432,313,2,5,ac:23:3f:25:0f:b5,fda50693-a4e2-4fb1-afcf-c6eb07647777,-61
2018-06-13 12:52:08.769715,314,2,5,ac:23:3f:25:0f:b5,fda50693-a4e2-4fb1-afcf-c6eb07647777,-54
2018-06-13 12:52:09.177594,315,2,5,ac:23:3f:25:0f:b5,fda50693-a4e2-4fb1-afcf-c6eb07647777,-46
2018-06-13 12:52:09.383127,316,2,5,ac:23:3f:25:0f:b5,fda50693-a4e2-4fb1-afcf-c6eb07647777,-31
2018-06-13 12:52:09.583841,317,2,5,ac:23:3f:25:0f:b5,fda50693-a4e2-4fb1-afcf-c6eb07647777,-46
2018-06-13 12:52:09.786718,318,2,5,ac:23:3f:25:0f:b5,fda50693-a4e2-4fb1-afcf-c6eb07647777,-52
2018-06-13 12:52:09.993958,319,2,5,ac:23:3f:25:0f:b5,fda50693-a4e2-4fb1-afcf-c6eb07647777,-42
2018-06-13 12:52:10.203661,320,2,5,ac:23:3f:25:0f:b5,fda50693-a4e2-4fb1-afcf-c6eb07647777,-52
2018-06-13 12:52:10.408933,321,2,5,ac:23:3f:25:0f:b5,fda50693-a4e2-4fb1-afcf-c6eb07647777,-46
2018-06-13 12:52:10.616584,322,2,5,ac:23:3f:25:0f:b5,fda50693-a4e2-4fb1-afcf-c6eb07647777,-48
2018-06-13 12:52:10.823802,323,2,5,ac:23:3f:25:0f:b5,fda50693-a4e2-4fb1-afcf-c6eb07647777,-46
2018-06-13 12:52:11.031010,324,2,5,ac:23:3f:25:0f:b5,fda50693-a4e2-4fb1-afcf-c6eb07647777,-61
2018-06-13 12:52:11.438810,325,2,5,ac:23:3f:25:0f:b5,fda50693-a4e2-4fb1-afcf-c6eb07647777,-37
2018-06-13 12:52:11.644598,326,2,5,ac:23:3f:25:0f:b5,fda50693-a4e2-4fb1-afcf-c6eb07647777,-53
2018-06-13 12:52:11.850875,327,2,5,ac:23:3f:25:0f:b5,fda50693-a4e2-4fb1-afcf-c6eb07647777,-46
2018-06-13 12:52:12.053589,328,2,5,ac:23:3f:25:0f:b5,fda50693-a4e2-4fb1-afcf-c6eb07647777,-63
2018-06-13 12:52:12.259222,329,2,5,ac:23:3f:25:0f:b5,fda50693-a4e2-4fb1-afcf-c6eb07647777,-61
2018-06-13 12:52:12.469051,330,2,5,ac:23:3f:25:0f:b5,fda50693-a4e2-4fb1-afcf-c6eb07647777,-57
2018-06-13 12:52:12.670458,331,2,5,ac:23:3f:25:0f:b5,fda50693-a4e2-4fb1-afcf-c6eb07647777,-53
2018-06-13 12:52:12.877268,332,2,5,ac:23:3f:25:0f:b5,fda50693-a4e2-4fb1-afcf-c6eb07647777,-53
2018-06-13 12:52:13.086590,333,2,5,ac:23:3f:25:0f:b5,fda50693-a4e2-4fb1-afcf-c6eb07647777,-52
2018-06-13 12:52:13.289354,334,2,5,ac:23:3f:25:0f:b5,fda50693-a4e2-4fb1-afcf-c6eb07647777,-46
2018-06-13 12:52:13.493159,335,2,5,ac:23:3f:25:0f:b5,fda50693-a4e2-4fb1-afcf-c6eb07647777,-46
2018-06-13 12:52:13.697515,336,2,5,ac:23:3f:25:0f:b5,fda50693-a4e2-4fb1-afcf-c6eb07647777,-64
2018-06-13 12:52:13.902856,337,2,5,ac:23:3f:25:0f:b5,fda50693-a4e2-4fb1-afcf-c6eb07647777,-64
2018-06-13 12:52:14.104029,338,2,5,ac:23:3f:25:0f:b5,fda50693-a4e2-4fb1-afcf-c6eb07647777,-52
2018-06-13 12:52:14.317377,339,2,5,ac:23:3f:25:0f:b5,fda50693-a4e2-4fb1-afcf-c6eb07647777,-53
2018-06-13 12:52:14.523754,340,2,5,ac:23:3f:25:0f:b5,fda50693-a4e2-4fb1-afcf-c6eb07647777,-52
2018-06-13 12:52:14.935819,341,2,5,ac:23:3f:25:0f:b5,fda50693-a4e2-4fb1-afcf-c6eb07647777,-19
2018-06-13 12:52:15.138144,342,2,5,ac:23:3f:25:0f:b5,fda50693-a4e2-4fb1-afcf-c6eb07647777,-64
2018-06-13 12:52:15.344307,343,2,5,ac:23:3f:25:0f:b5,fda50693-a4e2-4fb1-afcf-c6eb07647777,-62
2018-06-13 12:52:15.546763,344,2,5,ac:23:3f:25:0f:b5,fda50693-a4e2-4fb1-afcf-c6eb07647777,-52
2018-06-13 12:52:15.750637,345,2,5,ac:23:3f:25:0f:b5,fda50693-a4e2-4fb1-afcf-c6eb07647777,-46
2018-06-13 12:52:16.157088,346,2,5,ac:23:3f:25:0f:b5,fda50693-a4e2-4fb1-afcf-c6eb07647777,-63
2018-06-13 12:52:16.359250,347,2,5,ac:23:3f:25:0f:b5,fda50693-a4e2-4fb1-afcf-c6eb07647777,-53
2018-06-13 12:52:16.563506,348,2,5,ac:23:3f:25:0f:b5,fda50693-a4e2-4fb1-afcf-c6eb07647777,-53
2018-06-13 12:52:16.772271,349,2,5,ac:23:3f:25:0f:b5,fda50693-a4e2-4fb1-afcf-c6eb07647777,-46
2018-06-13 12:52:16.972675,350,2,5,ac:23:3f:25:0f:b5,fda50693-a4e2-4fb1-afcf-c6eb07647777,-48
2018-06-13 12:52:17.178661,351,2,5,ac:23:3f:25:0f:b5,fda50693-a4e2-4fb1-afcf-c6eb07647777,-62
2018-06-13 12:52:17.382232,352,2,5,ac:23:3f:25:0f:b5,fda50693-a4e2-4fb1-afcf-c6eb07647777,-46
2018-06-13 12:52:17.582911,353,2,5,ac:23:3f:25:0f:b5,fda50693-a4e2-4fb1-afcf-c6eb07647777,-53
2018-06-13 12:52:17.791011,354,2,5,ac:23:3f:25:0f:b5,fda50693-a4e2-4fb1-afcf-c6eb07647777,-46
2018-06-13 12:52:17.997711,355,2,5,ac:23:3f:25:0f:b5,fda50693-a4e2-4fb1-afcf-c6eb07647777,-46
2018-06-13 12:52:18.204849,356,2,5,ac:23:3f:25:0f:b5,fda50693-a4e2-4fb1-afcf-c6eb07647777,-31
2018-06-13 12:52:18.412946,357,2,5,ac:23:3f:25:0f:b5,fda50693-a4e2-4fb1-afcf-c6eb07647777,-46
2018-06-13 12:52:18.614879,358,2,5,ac:23:3f:25:0f:b5,fda50693-a4e2-4fb1-afcf-c6eb07647777,-63
2018-06-13 12:52:18.824422,359,2,5,ac:23:3f:25:0f:b5,fda50693-a4e2-4fb1-afcf-c6eb07647777,-61
2018-06-13 12:52:19.025980,360,2,5,ac:23:3f:25:0f:b5,fda50693-a4e2-4fb1-afcf-c6eb07647777,-42
2018-06-13 12:52:19.229064,361,2,5,ac:23:3f:25:0f:b5,fda50693-a4e2-4fb1-afcf-c6eb07647777,-31
2018-06-13 12:52:19.437005,362,2,5,ac:23:3f:25:0f:b5,fda50693-a4e2-4fb1-afcf-c6eb07647777,-32
2018-06-13 12:52:19.637659,363,2,5,ac:23:3f:25:0f:b5,fda50693-a4e2-4fb1-afcf-c6eb07647777,-61
2018-06-13 12:52:19.838828,364,2,5,ac:23:3f:25:0f:b5,fda50693-a4e2-4fb1-afcf-c6eb07647777,-53
2018-06-13 12:52:20.040274,365,2,5,ac:23:3f:25:0f:b5,fda50693-a4e2-4fb1-afcf-c6eb07647777,-31
2018-06-13 12:52:20.244795,366,2,5,ac:23:3f:25:0f:b5,fda50693-a4e2-4fb1-afcf-c6eb07647777,-46
2018-06-13 12:52:20.448688,367,2,5,ac:23:3f:25:0f:b5,fda50693-a4e2-4fb1-afcf-c6eb07647777,-58
2018-06-13 12:52:20.648502,368,2,5,ac:23:3f:25:0f:b5,fda50693-a4e2-4fb1-afcf-c6eb07647777,-53
2018-06-13 12:52:20.854878,369,2,5,ac:23:3f:25:0f:b5,fda50693-a4e2-4fb1-afcf-c6eb07647777,-41
2018-06-13 12:52:21.062520,370,2,5,ac:23:3f:25:0f:b5,fda50693-a4e2-4fb1-afcf-c6eb07647777,-33
2018-06-13 12:52:21.270296,371,2,5,ac:23:3f:25:0f:b5,fda50693-a4e2-4fb1-afcf-c6eb07647777,-46
2018-06-13 12:52:21.474127,372,2,5,ac:23:3f:25:0f:b5,fda50693-a4e2-4fb1-afcf-c6eb07647777,-46
2018-06-13 12:52:21.677348,373,2,5,ac:23:3f:25:0f:b5,fda50693-a4e2-4fb1-afcf-c6eb07647777,-63
2018-06-13 12:52:21.880351,374,2,5,ac:23:3f:25:0f:b5,fda50693-a4e2-4fb1-afcf-c6eb07647777,-53
2018-06-13 12:52:22.285375,375,2,5,ac:23:3f:25:0f:b5,fda50693-a4e2-4fb1-afcf-c6eb07647777,-47
2018-06-13 12:52:22.494257,376,2,5,ac:23:3f:25:0f:b5,fda50693-a4e2-4fb1-afcf-c6eb07647777,-32
2018-06-13 12:52:22.695656,377,2,5,ac:23:3f:25:0f:b5,fda50693-a4e2-4fb1-afcf-c6eb07647777,-48
2018-06-13 12:52:22.905076,378,2,5,ac:23:3f:25:0f:b5,fda50693-a4e2-4fb1-afcf-c6eb07647777,-65
2018-06-13 12:52:23.107164,379,2,5,ac:23:3f:25:0f:b5,fda50693-a4e2-4fb1-afcf-c6eb07647777,-53
2018-06-13 12:52:23.516580,380,2,5,ac:23:3f:25:0f:b5,fda50693-a4e2-4fb1-afcf-c6eb07647777,-47
2018-06-13 12:52:23.718087,381,2,5,ac:23:3f:25:0f:b5,fda50693-a4e2-4fb1-afcf-c6eb07647777,-63
2018-06-13 12:52:23.926196,382,2,5,ac:23:3f:25:0f:b5,fda50693-a4e2-4fb1-afcf-c6eb07647777,-48
2018-06-13 12:52:24.130412,383,2,5,ac:23:3f:25:0f:b5,fda50693-a4e2-4fb1-afcf-c6eb07647777,-53
2018-06-13 12:52:24.334529,384,2,5,ac:23:3f:25:0f:b5,fda50693-a4e2-4fb1-afcf-c6eb07647777,-52
2018-06-13 12:52:24.544322,385,2,5,ac:23:3f:25:0f:b5,fda50693-a4e2-4fb1-afcf-c6eb07647777,-52
2018-06-13 12:52:24.746706,386,2,5,ac:23:3f:25:0f:b5,fda50693-a4e2-4fb1-afcf-c6eb07647777,-47
2018-06-13 12:52:24.955461,387,2,5,ac:23:3f:25:0f:b5,fda50693-a4e2-4fb1-afcf-c6eb07647777,-47
2018-06-13 12:52:25.157546,388,2,5,ac:23:3f:25:0f:b5,fda50693-a4e2-4fb1-afcf-c6eb07647777,-64
2018-06-13 12:52:25.365180,389,2,5,ac:23:3f:25:0f:b5,fda50693-a4e2-4fb1-afcf-c6eb07647777,-62
2018-06-13 12:52:25.568513,390,2,5,ac:23:3f:25:0f:b5,fda50693-a4e2-4fb1-afcf-c6eb07647777,-54
2018-06-13 12:52:25.973260,391,2,5,ac:23:3f:25:0f:b5,fda50693-a4e2-4fb1-afcf-c6eb07647777,-47
2018-06-13 12:52:26.177395,392,2,5,ac:23:3f:25:0f:b5,fda50693-a4e2-4fb1-afcf-c6eb07647777,-63
2018-06-13 12:52:26.377944,393,2,5,ac:23:3f:25:0f:b5,fda50693-a4e2-4fb1-afcf-c6eb07647777,-52
2018-06-13 12:52:26.786930,394,2,5,ac:23:3f:25:0f:b5,fda50693-a4e2-4fb1-afcf-c6eb07647777,-47
2018-06-13 12:52:26.988503,395,2,5,ac:23:3f:25:0f:b5,fda50693-a4e2-4fb1-afcf-c6eb07647777,-65
2018-06-13 12:52:27.198444,396,2,5,ac:23:3f:25:0f:b5,fda50693-a4e2-4fb1-afcf-c6eb07647777,-62
2018-06-13 12:52:27.405473,397,2,5,ac:23:3f:25:0f:b5,fda50693-a4e2-4fb1-afcf-c6eb07647777,-65
2018-06-13 12:52:27.608996,398,2,5,ac:23:3f:25:0f:b5,fda50693-a4e2-4fb1-afcf-c6eb07647777,-52
2018-06-13 12:52:27.816842,399,2,5,ac:23:3f:25:0f:b5,fda50693-a4e2-4fb1-afcf-c6eb07647777,-53
2018-06-13 12:52:28.020449,400,2,5,ac:23:3f:25:0f:b5,fda50693-a4e2-4fb1-afcf-c6eb07647777,-47
2018-06-13 12:52:28.224817,401,2,5,ac:23:3f:25:0f:b5,fda50693-a4e2-4fb1-afcf-c6eb07647777,-49
2018-06-13 12:52:28.430155,402,2,5,ac:23:3f:25:0f:b5,fda50693-a4e2-4fb1-afcf-c6eb07647777,-65
2018-06-13 12:52:28.635955,403,2,5,ac:23:3f:25:0f:b5,fda50693-a4e2-4fb1-afcf-c6eb07647777,-69
2018-06-13 12:52:29.039875,404,2,5,ac:23:3f:25:0f:b5,fda50693-a4e2-4fb1-afcf-c6eb07647777,-47
2018-06-13 12:52:29.243594,405,2,5,ac:23:3f:25:0f:b5,fda50693-a4e2-4fb1-afcf-c6eb07647777,-47
2018-06-13 12:52:29.453054,406,2,5,ac:23:3f:25:0f:b5,fda50693-a4e2-4fb1-afcf-c6eb07647777,-49
2018-06-13 12:52:29.652841,407,2,5,ac:23:3f:25:0f:b5,fda50693-a4e2-4fb1-afcf-c6eb07647777,-64
2018-06-13 12:52:29.861228,408,2,5,ac:23:3f:25:0f:b5,fda50693-a4e2-4fb1-afcf-c6eb07647777,-53
2018-06-13 12:52:30.270800,409,2,5,ac:23:3f:25:0f:b5,fda50693-a4e2-4fb1-afcf-c6eb07647777,-44
2018-06-13 12:52:30.478878,410,2,5,ac:23:3f:25:0f:b5,fda50693-a4e2-4fb1-afcf-c6eb07647777,-47
2018-06-13 12:52:30.685409,411,2,5,ac:23:3f:25:0f:b5,fda50693-a4e2-4fb1-afcf-c6eb07647777,-49
2018-06-13 12:52:30.897487,412,2,5,ac:23:3f:25:0f:b5,fda50693-a4e2-4fb1-afcf-c6eb07647777,-38
2018-06-13 12:52:31.100171,413,2,5,ac:23:3f:25:0f:b5,fda50693-a4e2-4fb1-afcf-c6eb07647777,-66
2018-06-13 12:52:31.299085,414,2,5,ac:23:3f:25:0f:b5,fda50693-a4e2-4fb1-afcf-c6eb07647777,-69
2018-06-13 12:52:31.498806,415,2,5,ac:23:3f:25:0f:b5,fda50693-a4e2-4fb1-afcf-c6eb07647777,-52
2018-06-13 12:52:31.921922,416,2,5,ac:23:3f:25:0f:b5,fda50693-a4e2-4fb1-afcf-c6eb07647777,-49
2018-06-13 12:52:32.124230,417,2,5,ac:23:3f:25:0f:b5,fda50693-a4e2-4fb1-afcf-c6eb07647777,-32
2018-06-13 12:52:32.327419,418,2,5,ac:23:3f:25:0f:b5,fda50693-a4e2-4fb1-afcf-c6eb07647777,-61
2018-06-13 12:52:32.533280,419,2,5,ac:23:3f:25:0f:b5,fda50693-a4e2-4fb1-afcf-c6eb07647777,-46
2018-06-13 12:52:32.735721,420,2,5,ac:23:3f:25:0f:b5,fda50693-a4e2-4fb1-afcf-c6eb07647777,-52
2018-06-13 12:52:32.944188,421,2,5,ac:23:3f:25:0f:b5,fda50693-a4e2-4fb1-afcf-c6eb07647777,-52
2018-06-13 12:52:33.355416,422,2,5,ac:23:3f:25:0f:b5,fda50693-a4e2-4fb1-afcf-c6eb07647777,-47
2018-06-13 12:52:33.564271,423,2,5,ac:23:3f:25:0f:b5,fda50693-a4e2-4fb1-afcf-c6eb07647777,-47
2018-06-13 12:52:33.773628,424,2,5,ac:23:3f:25:0f:b5,fda50693-a4e2-4fb1-afcf-c6eb07647777,-47
2018-06-13 12:52:33.979114,425,2,5,ac:23:3f:25:0f:b5,fda50693-a4e2-4fb1-afcf-c6eb07647777,-61
2018-06-13 12:52:34.182309,426,2,5,ac:23:3f:25:0f:b5,fda50693-a4e2-4fb1-afcf-c6eb07647777,-63
2018-06-13 12:52:34.389046,427,2,5,ac:23:3f:25:0f:b5,fda50693-a4e2-4fb1-afcf-c6eb07647777,-52
2018-06-13 12:52:34.592831,428,2,5,ac:23:3f:25:0f:b5,fda50693-a4e2-4fb1-afcf-c6eb07647777,-52
2018-06-13 12:52:35.213513,429,2,5,ac:23:3f:25:0f:b5,fda50693-a4e2-4fb1-afcf-c6eb07647777,-49
2018-06-13 12:52:35.417212,430,2,5,ac:23:3f:25:0f:b5,fda50693-a4e2-4fb1-afcf-c6eb07647777,-61
2018-06-13 12:52:35.815430,431,2,5,ac:23:3f:25:0f:b5,fda50693-a4e2-4fb1-afcf-c6eb07647777,-32
2018-06-13 12:52:36.021291,432,2,5,ac:23:3f:25:0f:b5,fda50693-a4e2-4fb1-afcf-c6eb07647777,-59
2018-06-13 12:52:36.224321,433,2,5,ac:23:3f:25:0f:b5,fda50693-a4e2-4fb1-afcf-c6eb07647777,-63
2018-06-13 12:52:36.428115,434,2,5,ac:23:3f:25:0f:b5,fda50693-a4e2-4fb1-afcf-c6eb07647777,-51
2018-06-13 12:52:36.634955,435,2,5,ac:23:3f:25:0f:b5,fda50693-a4e2-4fb1-afcf-c6eb07647777,-52
2018-06-13 12:52:36.837939,436,2,5,ac:23:3f:25:0f:b5,fda50693-a4e2-4fb1-afcf-c6eb07647777,-47
2018-06-13 12:52:37.037504,437,2,5,ac:23:3f:25:0f:b5,fda50693-a4e2-4fb1-afcf-c6eb07647777,-46
2018-06-13 12:52:37.452808,438,2,5,ac:23:3f:25:0f:b5,fda50693-a4e2-4fb1-afcf-c6eb07647777,-62
2018-06-13 12:52:37.665742,439,2,5,ac:23:3f:25:0f:b5,fda50693-a4e2-4fb1-afcf-c6eb07647777,-63
2018-06-13 12:52:37.867940,440,2,5,ac:23:3f:25:0f:b5,fda50693-a4e2-4fb1-afcf-c6eb07647777,-52
2018-06-13 12:52:38.077532,441,2,5,ac:23:3f:25:0f:b5,fda50693-a4e2-4fb1-afcf-c6eb07647777,-53
2018-06-13 12:52:38.282453,442,2,5,ac:23:3f:25:0f:b5,fda50693-a4e2-4fb1-afcf-c6eb07647777,-53
2018-06-13 12:52:38.487527,443,2,5,ac:23:3f:25:0f:b5,fda50693-a4e2-4fb1-afcf-c6eb07647777,-46
2018-06-13 12:52:38.697444,444,2,5,ac:23:3f:25:0f:b5,fda50693-a4e2-4fb1-afcf-c6eb07647777,-47
2018-06-13 12:52:38.905545,445,2,5,ac:23:3f:25:0f:b5,fda50693-a4e2-4fb1-afcf-c6eb07647777,-46
2018-06-13 12:52:39.105618,446,2,5,ac:23:3f:25:0f:b5,fda50693-a4e2-4fb1-afcf-c6eb07647777,-64
2018-06-13 12:52:39.309009,447,2,5,ac:23:3f:25:0f:b5,fda50693-a4e2-4fb1-afcf-c6eb07647777,-52
2018-06-13 12:52:39.512907,448,2,5,ac:23:3f:25:0f:b5,fda50693-a4e2-4fb1-afcf-c6eb07647777,-52
2018-06-13 12:52:39.715833,449,2,5,ac:23:3f:25:0f:b5,fda50693-a4e2-4fb1-afcf-c6eb07647777,-46
2018-06-13 12:52:39.916532,450,2,5,ac:23:3f:25:0f:b5,fda50693-a4e2-4fb1-afcf-c6eb07647777,-63
2018-06-13 12:52:40.116187,451,2,5,ac:23:3f:25:0f:b5,fda50693-a4e2-4fb1-afcf-c6eb07647777,-52
2018-06-13 12:52:40.529682,452,2,5,ac:23:3f:25:0f:b5,fda50693-a4e2-4fb1-afcf-c6eb07647777,-49
2018-06-13 12:52:40.732558,453,2,5,ac:23:3f:25:0f:b5,fda50693-a4e2-4fb1-afcf-c6eb07647777,-47
2018-06-13 12:52:40.933381,454,2,5,ac:23:3f:25:0f:b5,fda50693-a4e2-4fb1-afcf-c6eb07647777,-61
2018-06-13 12:52:41.166866,455,2,5,ac:23:3f:25:0f:b5,fda50693-a4e2-4fb1-afcf-c6eb07647777,-53
2018-06-13 12:52:41.333023,456,2,5,ac:23:3f:25:0f:b5,fda50693-a4e2-4fb1-afcf-c6eb07647777,-32
2018-06-13 12:52:41.540847,457,2,5,ac:23:3f:25:0f:b5,fda50693-a4e2-4fb1-afcf-c6eb07647777,-49
2018-06-13 12:52:41.740420,458,2,5,ac:23:3f:25:0f:b5,fda50693-a4e2-4fb1-afcf-c6eb07647777,-60
2018-06-13 12:52:41.947599,459,2,5,ac:23:3f:25:0f:b5,fda50693-a4e2-4fb1-afcf-c6eb07647777,-46
2018-06-13 12:52:42.149773,460,2,5,ac:23:3f:25:0f:b5,fda50693-a4e2-4fb1-afcf-c6eb07647777,-49
2018-06-13 12:52:42.343352,461,2,5,ac:23:3f:25:0f:b5,fda50693-a4e2-4fb1-afcf-c6eb07647777,-62
2018-06-13 12:52:42.547153,462,2,5,ac:23:3f:25:0f:b5,fda50693-a4e2-4fb1-afcf-c6eb07647777,-51
2018-06-13 12:52:42.749519,463,2,5,ac:23:3f:25:0f:b5,fda50693-a4e2-4fb1-afcf-c6eb07647777,-52
2018-06-13 12:52:42.964368,464,2,5,ac:23:3f:25:0f:b5,fda50693-a4e2-4fb1-afcf-c6eb07647777,-53
2018-06-13 12:52:43.372434,465,2,5,ac:23:3f:25:0f:b5,fda50693-a4e2-4fb1-afcf-c6eb07647777,-47
2018-06-13 12:52:43.774448,466,2,5,ac:23:3f:25:0f:b5,fda50693-a4e2-4fb1-afcf-c6eb07647777,-53
2018-06-13 12:52:43.979898,467,2,5,ac:23:3f:25:0f:b5,fda50693-a4e2-4fb1-afcf-c6eb07647777,-49
2018-06-13 12:52:44.188662,468,2,5,ac:23:3f:25:0f:b5,fda50693-a4e2-4fb1-afcf-c6eb07647777,-32
2018-06-13 12:52:44.394344,469,2,5,ac:23:3f:25:0f:b5,fda50693-a4e2-4fb1-afcf-c6eb07647777,-61
2018-06-13 12:52:44.593957,470,2,5,ac:23:3f:25:0f:b5,fda50693-a4e2-4fb1-afcf-c6eb07647777,-59
2018-06-13 12:52:44.803653,471,2,5,ac:23:3f:25:0f:b5,fda50693-a4e2-4fb1-afcf-c6eb07647777,-60
2018-06-13 12:52:45.008229,472,2,5,ac:23:3f:25:0f:b5,fda50693-a4e2-4fb1-afcf-c6eb07647777,-41
2018-06-13 12:52:45.210432,473,2,5,ac:23:3f:25:0f:b5,fda50693-a4e2-4fb1-afcf-c6eb07647777,-47
2018-06-13 12:52:45.614409,474,2,5,ac:23:3f:25:0f:b5,fda50693-a4e2-4fb1-afcf-c6eb07647777,-45
2018-06-13 12:52:45.817158,475,2,5,ac:23:3f:25:0f:b5,fda50693-a4e2-4fb1-afcf-c6eb07647777,-52
2018-06-13 12:52:46.024222,476,2,5,ac:23:3f:25:0f:b5,fda50693-a4e2-4fb1-afcf-c6eb07647777,-52
2018-06-13 12:52:46.434050,477,2,5,ac:23:3f:25:0f:b5,fda50693-a4e2-4fb1-afcf-c6eb07647777,-47
2018-06-13 12:52:46.643766,478,2,5,ac:23:3f:25:0f:b5,fda50693-a4e2-4fb1-afcf-c6eb07647777,-49
2018-06-13 12:52:46.851510,479,2,5,ac:23:3f:25:0f:b5,fda50693-a4e2-4fb1-afcf-c6eb07647777,-60
2018-06-13 12:52:47.052865,480,2,5,ac:23:3f:25:0f:b5,fda50693-a4e2-4fb1-afcf-c6eb07647777,-52
2018-06-13 12:52:47.254280,481,2,5,ac:23:3f:25:0f:b5,fda50693-a4e2-4fb1-afcf-c6eb07647777,-52
2018-06-13 12:52:47.458668,482,2,5,ac:23:3f:25:0f:b5,fda50693-a4e2-4fb1-afcf-c6eb07647777,-46
2018-06-13 12:52:47.668577,483,2,5,ac:23:3f:25:0f:b5,fda50693-a4e2-4fb1-afcf-c6eb07647777,-47
2018-06-13 12:52:47.876336,484,2,5,ac:23:3f:25:0f:b5,fda50693-a4e2-4fb1-afcf-c6eb07647777,-32
2018-06-13 12:52:48.288004,485,2,5,ac:23:3f:25:0f:b5,fda50693-a4e2-4fb1-afcf-c6eb07647777,-60
2018-06-13 12:52:48.490339,486,2,5,ac:23:3f:25:0f:b5,fda50693-a4e2-4fb1-afcf-c6eb07647777,-52
2018-06-13 12:52:48.697074,487,2,5,ac:23:3f:25:0f:b5,fda50693-a4e2-4fb1-afcf-c6eb07647777,-53
2018-06-13 12:52:48.906341,488,2,5,ac:23:3f:25:0f:b5,fda50693-a4e2-4fb1-afcf-c6eb07647777,-37
2018-06-13 12:52:49.108662,489,2,5,ac:23:3f:25:0f:b5,fda50693-a4e2-4fb1-afcf-c6eb07647777,-46
2018-06-13 12:52:49.305819,490,2,5,ac:23:3f:25:0f:b5,fda50693-a4e2-4fb1-afcf-c6eb07647777,-49
2018-06-13 12:52:49.509493,491,2,5,ac:23:3f:25:0f:b5,fda50693-a4e2-4fb1-afcf-c6eb07647777,-60
2018-06-13 12:52:49.710435,492,2,5,ac:23:3f:25:0f:b5,fda50693-a4e2-4fb1-afcf-c6eb07647777,-51
2018-06-13 12:52:50.125259,493,2,5,ac:23:3f:25:0f:b5,fda50693-a4e2-4fb1-afcf-c6eb07647777,-47
2018-06-13 12:52:50.330631,494,2,5,ac:23:3f:25:0f:b5,fda50693-a4e2-4fb1-afcf-c6eb07647777,-58
2018-06-13 12:52:50.749975,495,2,5,ac:23:3f:25:0f:b5,fda50693-a4e2-4fb1-afcf-c6eb07647777,-60
2018-06-13 12:52:50.954024,496,2,5,ac:23:3f:25:0f:b5,fda50693-a4e2-4fb1-afcf-c6eb07647777,-62
2018-06-13 12:52:51.362920,497,2,5,ac:23:3f:25:0f:b5,fda50693-a4e2-4fb1-afcf-c6eb07647777,-52
2018-06-13 12:52:51.780865,498,2,5,ac:23:3f:25:0f:b5,fda50693-a4e2-4fb1-afcf-c6eb07647777,-47
2018-06-13 12:52:51.985331,499,2,5,ac:23:3f:25:0f:b5,fda50693-a4e2-4fb1-afcf-c6eb07647777,-47
2018-06-13 12:52:52.193230,500,2,5,ac:23:3f:25:0f:b5,fda50693-a4e2-4fb1-afcf-c6eb07647777,-19
2018-06-13 12:52:52.398564,501,2,5,ac:23:3f:25:0f:b5,fda50693-a4e2-4fb1-afcf-c6eb07647777,-65
2018-06-13 12:52:52.600846,502,2,5,ac:23:3f:25:0f:b5,fda50693-a4e2-4fb1-afcf-c6eb07647777,-52
2018-06-13 12:52:53.212807,503,2,5,ac:23:3f:25:0f:b5,fda50693-a4e2-4fb1-afcf-c6eb07647777,-47
2018-06-13 12:52:53.413172,504,2,5,ac:23:3f:25:0f:b5,fda50693-a4e2-4fb1-afcf-c6eb07647777,-46
2018-06-13 12:52:53.618300,505,2,5,ac:23:3f:25:0f:b5,fda50693-a4e2-4fb1-afcf-c6eb07647777,-41
2018-06-13 12:52:53.828178,506,2,5,ac:23:3f:25:0f:b5,fda50693-a4e2-4fb1-afcf-c6eb07647777,-41
2018-06-13 12:52:54.233367,507,2,5,ac:23:3f:25:0f:b5,fda50693-a4e2-4fb1-afcf-c6eb07647777,-46
2018-06-13 12:52:54.437240,508,2,5,ac:23:3f:25:0f:b5,fda50693-a4e2-4fb1-afcf-c6eb07647777,-46
2018-06-13 12:52:54.639285,509,2,5,ac:23:3f:25:0f:b5,fda50693-a4e2-4fb1-afcf-c6eb07647777,-52
2018-06-13 12:52:54.844913,510,2,5,ac:23:3f:25:0f:b5,fda50693-a4e2-4fb1-afcf-c6eb07647777,-52
2018-06-13 12:52:55.050036,511,2,5,ac:23:3f:25:0f:b5,fda50693-a4e2-4fb1-afcf-c6eb07647777,-46
2018-06-13 12:52:55.254594,512,2,5,ac:23:3f:25:0f:b5,fda50693-a4e2-4fb1-afcf-c6eb07647777,-47
2018-06-13 12:52:55.455036,513,2,5,ac:23:3f:25:0f:b5,fda50693-a4e2-4fb1-afcf-c6eb07647777,-62
2018-06-13 12:52:55.662787,514,2,5,ac:23:3f:25:0f:b5,fda50693-a4e2-4fb1-afcf-c6eb07647777,-46
2018-06-13 12:52:55.864729,515,2,5,ac:23:3f:25:0f:b5,fda50693-a4e2-4fb1-afcf-c6eb07647777,-53
2018-06-13 12:52:56.069649,516,2,5,ac:23:3f:25:0f:b5,fda50693-a4e2-4fb1-afcf-c6eb07647777,-46
2018-06-13 12:52:56.277188,517,2,5,ac:23:3f:25:0f:b5,fda50693-a4e2-4fb1-afcf-c6eb07647777,-43
2018-06-13 12:52:56.482950,518,2,5,ac:23:3f:25:0f:b5,fda50693-a4e2-4fb1-afcf-c6eb07647777,-47
2018-06-13 12:52:56.684028,519,2,5,ac:23:3f:25:0f:b5,fda50693-a4e2-4fb1-afcf-c6eb07647777,-61
2018-06-13 12:52:56.890659,520,2,5,ac:23:3f:25:0f:b5,fda50693-a4e2-4fb1-afcf-c6eb07647777,-53
2018-06-13 12:52:57.095474,521,2,5,ac:23:3f:25:0f:b5,fda50693-a4e2-4fb1-afcf-c6eb07647777,-52
2018-06-13 12:52:57.512198,522,2,5,ac:23:3f:25:0f:b5,fda50693-a4e2-4fb1-afcf-c6eb07647777,-47
2018-06-13 12:52:57.713436,523,2,5,ac:23:3f:25:0f:b5,fda50693-a4e2-4fb1-afcf-c6eb07647777,-49
2018-06-13 12:52:58.123566,524,2,5,ac:23:3f:25:0f:b5,fda50693-a4e2-4fb1-afcf-c6eb07647777,-60
2018-06-13 12:52:58.326626,525,2,5,ac:23:3f:25:0f:b5,fda50693-a4e2-4fb1-afcf-c6eb07647777,-53
2018-06-13 12:52:58.534827,526,2,5,ac:23:3f:25:0f:b5,fda50693-a4e2-4fb1-afcf-c6eb07647777,-53
2018-06-13 12:52:59.154145,527,2,5,ac:23:3f:25:0f:b5,fda50693-a4e2-4fb1-afcf-c6eb07647777,-32
2018-06-13 12:52:59.355888,528,2,5,ac:23:3f:25:0f:b5,fda50693-a4e2-4fb1-afcf-c6eb07647777,-61
2018-06-13 12:52:59.555809,529,2,5,ac:23:3f:25:0f:b5,fda50693-a4e2-4fb1-afcf-c6eb07647777,-53
2018-06-13 12:53:00.389978,530,2,5,ac:23:3f:25:0f:b5,fda50693-a4e2-4fb1-afcf-c6eb07647777,-47
2018-06-13 12:53:00.599045,531,2,5,ac:23:3f:25:0f:b5,fda50693-a4e2-4fb1-afcf-c6eb07647777,-49
2018-06-13 12:53:00.799170,532,2,5,ac:23:3f:25:0f:b5,fda50693-a4e2-4fb1-afcf-c6eb07647777,-61
2018-06-13 12:53:01.004253,533,2,5,ac:23:3f:25:0f:b5,fda50693-a4e2-4fb1-afcf-c6eb07647777,-61
2018-06-13 12:53:01.213632,534,2,5,ac:23:3f:25:0f:b5,fda50693-a4e2-4fb1-afcf-c6eb07647777,-53
2018-06-13 12:53:01.415785,535,2,5,ac:23:3f:25:0f:b5,fda50693-a4e2-4fb1-afcf-c6eb07647777,-42
2018-06-13 12:53:01.619889,536,2,5,ac:23:3f:25:0f:b5,fda50693-a4e2-4fb1-afcf-c6eb07647777,-47
2018-06-13 12:53:01.827049,537,2,5,ac:23:3f:25:0f:b5,fda50693-a4e2-4fb1-afcf-c6eb07647777,-46
2018-06-13 12:53:02.033073,538,2,5,ac:23:3f:25:0f:b5,fda50693-a4e2-4fb1-afcf-c6eb07647777,-47
2018-06-13 12:53:02.238284,539,2,5,ac:23:3f:25:0f:b5,fda50693-a4e2-4fb1-afcf-c6eb07647777,-61
2018-06-13 12:53:02.442740,540,2,5,ac:23:3f:25:0f:b5,fda50693-a4e2-4fb1-afcf-c6eb07647777,-61
2018-06-13 12:53:02.642672,541,2,5,ac:23:3f:25:0f:b5,fda50693-a4e2-4fb1-afcf-c6eb07647777,-53
2018-06-13 12:53:02.851204,542,2,5,ac:23:3f:25:0f:b5,fda50693-a4e2-4fb1-afcf-c6eb07647777,-47
2018-06-13 12:53:03.054951,543,2,5,ac:23:3f:25:0f:b5,fda50693-a4e2-4fb1-afcf-c6eb07647777,-46
2018-06-13 12:53:03.263279,544,2,5,ac:23:3f:25:0f:b5,fda50693-a4e2-4fb1-afcf-c6eb07647777,-47
2018-06-13 12:53:03.472957,545,2,5,ac:23:3f:25:0f:b5,fda50693-a4e2-4fb1-afcf-c6eb07647777,-32
2018-06-13 12:53:03.678924,546,2,5,ac:23:3f:25:0f:b5,fda50693-a4e2-4fb1-afcf-c6eb07647777,-61
2018-06-13 12:53:04.084611,547,2,5,ac:23:3f:25:0f:b5,fda50693-a4e2-4fb1-afcf-c6eb07647777,-53
2018-06-13 12:53:04.292385,548,2,5,ac:23:3f:25:0f:b5,fda50693-a4e2-4fb1-afcf-c6eb07647777,-52
2018-06-13 12:53:04.707933,549,2,5,ac:23:3f:25:0f:b5,fda50693-a4e2-4fb1-afcf-c6eb07647777,-49
