timestamp,antennaID,dataNum,beaconMac,beaconUUID,beaconRSSI
2018-06-08 16:33:00.986643,2,56,ac:23:3f:24:d3:60,e2c56db5-dffb-48d2-b060-d0f5a71096e2,-48
2018-06-08 16:33:01.414871,2,57,ac:23:3f:24:d3:60,e2c56db5-dffb-48d2-b060-d0f5a71096e2,-47
2018-06-08 16:33:01.601972,2,58,ac:23:3f:24:d3:60,e2c56db5-dffb-48d2-b060-d0f5a71096e2,-40
2018-06-08 16:33:01.797347,2,59,ac:23:3f:24:d3:60,e2c56db5-dffb-48d2-b060-d0f5a71096e2,-47
2018-06-08 16:33:02.004768,2,60,ac:23:3f:24:d3:60,e2c56db5-dffb-48d2-b060-d0f5a71096e2,-46
2018-06-08 16:33:02.228785,2,61,ac:23:3f:24:d3:60,e2c56db5-dffb-48d2-b060-d0f5a71096e2,-48
2018-06-08 16:33:02.415203,2,62,ac:23:3f:24:d3:60,e2c56db5-dffb-48d2-b060-d0f5a71096e2,-48
2018-06-08 16:33:02.623929,2,63,ac:23:3f:24:d3:60,e2c56db5-dffb-48d2-b060-d0f5a71096e2,-48
2018-06-08 16:33:02.827057,2,64,ac:23:3f:24:d3:60,e2c56db5-dffb-48d2-b060-d0f5a71096e2,-45
2018-06-08 16:33:03.039372,2,65,ac:23:3f:24:d3:60,e2c56db5-dffb-48d2-b060-d0f5a71096e2,-47
2018-06-08 16:33:03.253174,2,66,ac:23:3f:24:d3:60,e2c56db5-dffb-48d2-b060-d0f5a71096e2,-31
2018-06-08 16:33:03.649395,2,67,ac:23:3f:24:d3:60,e2c56db5-dffb-48d2-b060-d0f5a71096e2,-31
2018-06-08 16:33:04.482922,2,68,ac:23:3f:24:d3:60,e2c56db5-dffb-48d2-b060-d0f5a71096e2,-32
2018-06-08 16:33:05.092390,2,69,ac:23:3f:24:d3:60,e2c56db5-dffb-48d2-b060-d0f5a71096e2,-48
2018-06-08 16:33:05.697862,2,70,ac:23:3f:24:d3:60,e2c56db5-dffb-48d2-b060-d0f5a71096e2,-48
2018-06-08 16:33:06.921762,2,71,ac:23:3f:24:d3:60,e2c56db5-dffb-48d2-b060-d0f5a71096e2,-47
2018-06-08 16:33:07.124431,2,72,ac:23:3f:24:d3:60,e2c56db5-dffb-48d2-b060-d0f5a71096e2,-45
2018-06-08 16:33:07.327907,2,73,ac:23:3f:24:d3:60,e2c56db5-dffb-48d2-b060-d0f5a71096e2,-31
2018-06-08 16:33:07.536985,2,74,ac:23:3f:24:d3:60,e2c56db5-dffb-48d2-b060-d0f5a71096e2,-35
2018-06-08 16:33:07.738276,2,75,ac:23:3f:24:d3:60,e2c56db5-dffb-48d2-b060-d0f5a71096e2,-48
2018-06-08 16:33:08.145845,2,76,ac:23:3f:24:d3:60,e2c56db5-dffb-48d2-b060-d0f5a71096e2,-45
2018-06-08 16:33:08.351656,2,77,ac:23:3f:24:d3:60,e2c56db5-dffb-48d2-b060-d0f5a71096e2,-45
2018-06-08 16:33:08.965491,2,78,ac:23:3f:24:d3:60,e2c56db5-dffb-48d2-b060-d0f5a71096e2,-48
2018-06-08 16:33:09.167029,2,79,ac:23:3f:24:d3:60,e2c56db5-dffb-48d2-b060-d0f5a71096e2,-43
2018-06-08 16:33:09.388302,2,80,ac:23:3f:24:d3:60,e2c56db5-dffb-48d2-b060-d0f5a71096e2,-40
2018-06-08 16:33:09.579143,2,81,ac:23:3f:24:d3:60,e2c56db5-dffb-48d2-b060-d0f5a71096e2,-33
2018-06-08 16:33:09.788192,2,82,ac:23:3f:24:d3:60,e2c56db5-dffb-48d2-b060-d0f5a71096e2,-45
2018-06-08 16:33:09.990888,2,83,ac:23:3f:24:d3:60,e2c56db5-dffb-48d2-b060-d0f5a71096e2,-47
2018-06-08 16:33:10.401588,2,84,ac:23:3f:24:d3:60,e2c56db5-dffb-48d2-b060-d0f5a71096e2,-47
2018-06-08 16:33:10.620753,2,85,ac:23:3f:24:d3:60,e2c56db5-dffb-48d2-b060-d0f5a71096e2,-45
2018-06-08 16:33:10.833492,2,86,ac:23:3f:24:d3:60,e2c56db5-dffb-48d2-b060-d0f5a71096e2,-45
2018-06-08 16:33:11.010088,2,87,ac:23:3f:24:d3:60,e2c56db5-dffb-48d2-b060-d0f5a71096e2,-46
2018-06-08 16:33:11.421674,2,88,ac:23:3f:24:d3:60,e2c56db5-dffb-48d2-b060-d0f5a71096e2,-30
2018-06-08 16:33:11.843262,2,89,ac:23:3f:24:d3:60,e2c56db5-dffb-48d2-b060-d0f5a71096e2,-43
2018-06-08 16:33:12.249221,2,90,ac:23:3f:24:d3:60,e2c56db5-dffb-48d2-b060-d0f5a71096e2,-47
2018-06-08 16:33:12.453630,2,91,ac:23:3f:24:d3:60,e2c56db5-dffb-48d2-b060-d0f5a71096e2,-41
2018-06-08 16:33:12.682653,2,92,ac:23:3f:24:d3:60,e2c56db5-dffb-48d2-b060-d0f5a71096e2,-35
2018-06-08 16:33:13.082034,2,93,ac:23:3f:24:d3:60,e2c56db5-dffb-48d2-b060-d0f5a71096e2,-48
2018-06-08 16:33:13.284135,2,94,ac:23:3f:24:d3:60,e2c56db5-dffb-48d2-b060-d0f5a71096e2,-48
2018-06-08 16:33:13.491670,2,95,ac:23:3f:24:d3:60,e2c56db5-dffb-48d2-b060-d0f5a71096e2,-48
2018-06-08 16:33:13.698805,2,96,ac:23:3f:24:d3:60,e2c56db5-dffb-48d2-b060-d0f5a71096e2,-33
2018-06-08 16:33:13.897516,2,97,ac:23:3f:24:d3:60,e2c56db5-dffb-48d2-b060-d0f5a71096e2,-47
2018-06-08 16:33:14.315580,2,98,ac:23:3f:24:d3:60,e2c56db5-dffb-48d2-b060-d0f5a71096e2,-31
2018-06-08 16:33:14.508209,2,99,ac:23:3f:24:d3:60,e2c56db5-dffb-48d2-b060-d0f5a71096e2,-48
2018-06-08 16:33:14.715751,2,100,ac:23:3f:24:d3:60,e2c56db5-dffb-48d2-b060-d0f5a71096e2,-48
2018-06-08 16:33:14.925731,2,101,ac:23:3f:24:d3:60,e2c56db5-dffb-48d2-b060-d0f5a71096e2,-31
2018-06-08 16:33:15.141501,2,102,ac:23:3f:24:d3:60,e2c56db5-dffb-48d2-b060-d0f5a71096e2,-31
2018-06-08 16:33:15.347909,2,103,ac:23:3f:24:d3:60,e2c56db5-dffb-48d2-b060-d0f5a71096e2,-29
2018-06-08 16:33:15.757378,2,104,ac:23:3f:24:d3:60,e2c56db5-dffb-48d2-b060-d0f5a71096e2,-46
2018-06-08 16:33:15.965813,2,105,ac:23:3f:24:d3:60,e2c56db5-dffb-48d2-b060-d0f5a71096e2,-48
2018-06-08 16:33:16.170331,2,106,ac:23:3f:24:d3:60,e2c56db5-dffb-48d2-b060-d0f5a71096e2,-48
2018-06-08 16:33:16.367863,2,107,ac:23:3f:24:d3:60,e2c56db5-dffb-48d2-b060-d0f5a71096e2,-48
2018-06-08 16:33:16.775987,2,108,ac:23:3f:24:d3:60,e2c56db5-dffb-48d2-b060-d0f5a71096e2,-46
2018-06-08 16:33:16.998804,2,109,ac:23:3f:24:d3:60,e2c56db5-dffb-48d2-b060-d0f5a71096e2,-45
2018-06-08 16:33:17.191085,2,110,ac:23:3f:24:d3:60,e2c56db5-dffb-48d2-b060-d0f5a71096e2,-47
2018-06-08 16:33:17.394437,2,111,ac:23:3f:24:d3:60,e2c56db5-dffb-48d2-b060-d0f5a71096e2,-41
2018-06-08 16:33:17.599858,2,112,ac:23:3f:24:d3:60,e2c56db5-dffb-48d2-b060-d0f5a71096e2,-48
2018-06-08 16:33:17.806559,2,113,ac:23:3f:24:d3:60,e2c56db5-dffb-48d2-b060-d0f5a71096e2,-46
2018-06-08 16:33:18.023398,2,114,ac:23:3f:24:d3:60,e2c56db5-dffb-48d2-b060-d0f5a71096e2,-47
2018-06-08 16:33:18.225581,2,115,ac:23:3f:24:d3:60,e2c56db5-dffb-48d2-b060-d0f5a71096e2,-47
2018-06-08 16:33:18.429954,2,116,ac:23:3f:24:d3:60,e2c56db5-dffb-48d2-b060-d0f5a71096e2,-45
2018-06-08 16:33:18.831115,2,117,ac:23:3f:24:d3:60,e2c56db5-dffb-48d2-b060-d0f5a71096e2,-48
2018-06-08 16:33:19.039260,2,118,ac:23:3f:24:d3:60,e2c56db5-dffb-48d2-b060-d0f5a71096e2,-48
2018-06-08 16:33:19.248433,2,119,ac:23:3f:24:d3:60,e2c56db5-dffb-48d2-b060-d0f5a71096e2,-45
2018-06-08 16:33:19.456311,2,120,ac:23:3f:24:d3:60,e2c56db5-dffb-48d2-b060-d0f5a71096e2,-46
2018-06-08 16:33:19.661858,2,121,ac:23:3f:24:d3:60,e2c56db5-dffb-48d2-b060-d0f5a71096e2,-29
2018-06-08 16:33:19.870078,2,122,ac:23:3f:24:d3:60,e2c56db5-dffb-48d2-b060-d0f5a71096e2,-48
2018-06-08 16:33:20.078007,2,123,ac:23:3f:24:d3:60,e2c56db5-dffb-48d2-b060-d0f5a71096e2,-47
2018-06-08 16:33:20.485147,2,124,ac:23:3f:24:d3:60,e2c56db5-dffb-48d2-b060-d0f5a71096e2,-48
2018-06-08 16:33:20.693496,2,125,ac:23:3f:24:d3:60,e2c56db5-dffb-48d2-b060-d0f5a71096e2,-49
2018-06-08 16:33:20.894376,2,126,ac:23:3f:24:d3:60,e2c56db5-dffb-48d2-b060-d0f5a71096e2,-45
2018-06-08 16:33:21.096534,2,127,ac:23:3f:24:d3:60,e2c56db5-dffb-48d2-b060-d0f5a71096e2,-47
2018-06-08 16:33:21.302119,2,128,ac:23:3f:24:d3:60,e2c56db5-dffb-48d2-b060-d0f5a71096e2,-37
2018-06-08 16:33:21.713244,2,129,ac:23:3f:24:d3:60,e2c56db5-dffb-48d2-b060-d0f5a71096e2,-48
2018-06-08 16:33:21.912999,2,130,ac:23:3f:24:d3:60,e2c56db5-dffb-48d2-b060-d0f5a71096e2,-46
2018-06-08 16:33:22.121718,2,131,ac:23:3f:24:d3:60,e2c56db5-dffb-48d2-b060-d0f5a71096e2,-36
2018-06-08 16:33:22.325142,2,132,ac:23:3f:24:d3:60,e2c56db5-dffb-48d2-b060-d0f5a71096e2,-47
2018-06-08 16:33:22.538916,2,133,ac:23:3f:24:d3:60,e2c56db5-dffb-48d2-b060-d0f5a71096e2,-47
2018-06-08 16:33:22.729667,2,134,ac:23:3f:24:d3:60,e2c56db5-dffb-48d2-b060-d0f5a71096e2,-48
2018-06-08 16:33:22.929625,2,135,ac:23:3f:24:d3:60,e2c56db5-dffb-48d2-b060-d0f5a71096e2,-45
2018-06-08 16:33:23.129858,2,136,ac:23:3f:24:d3:60,e2c56db5-dffb-48d2-b060-d0f5a71096e2,-48
2018-06-08 16:33:23.777482,2,137,ac:23:3f:24:d3:60,e2c56db5-dffb-48d2-b060-d0f5a71096e2,-49
2018-06-08 16:33:23.973575,2,138,ac:23:3f:24:d3:60,e2c56db5-dffb-48d2-b060-d0f5a71096e2,-31
2018-06-08 16:33:24.181863,2,139,ac:23:3f:24:d3:60,e2c56db5-dffb-48d2-b060-d0f5a71096e2,-32
2018-06-08 16:33:24.363529,2,140,ac:23:3f:24:d3:60,e2c56db5-dffb-48d2-b060-d0f5a71096e2,-48
2018-06-08 16:33:24.565070,2,141,ac:23:3f:24:d3:60,e2c56db5-dffb-48d2-b060-d0f5a71096e2,-47
2018-06-08 16:33:24.988157,2,142,ac:23:3f:24:d3:60,e2c56db5-dffb-48d2-b060-d0f5a71096e2,-48
2018-06-08 16:33:25.197721,2,143,ac:23:3f:24:d3:60,e2c56db5-dffb-48d2-b060-d0f5a71096e2,-48
2018-06-08 16:33:25.412433,2,144,ac:23:3f:24:d3:60,e2c56db5-dffb-48d2-b060-d0f5a71096e2,-49
2018-06-08 16:33:25.600342,2,145,ac:23:3f:24:d3:60,e2c56db5-dffb-48d2-b060-d0f5a71096e2,-45
2018-06-08 16:33:25.804785,2,146,ac:23:3f:24:d3:60,e2c56db5-dffb-48d2-b060-d0f5a71096e2,-45
2018-06-08 16:33:26.011620,2,147,ac:23:3f:24:d3:60,e2c56db5-dffb-48d2-b060-d0f5a71096e2,-31
2018-06-08 16:33:26.433531,2,148,ac:23:3f:24:d3:60,e2c56db5-dffb-48d2-b060-d0f5a71096e2,-31
2018-06-08 16:33:26.637029,2,149,ac:23:3f:24:d3:60,e2c56db5-dffb-48d2-b060-d0f5a71096e2,-45
2018-06-08 16:33:26.843946,2,150,ac:23:3f:24:d3:60,e2c56db5-dffb-48d2-b060-d0f5a71096e2,-38
2018-06-08 16:33:27.047279,2,151,ac:23:3f:24:d3:60,e2c56db5-dffb-48d2-b060-d0f5a71096e2,-45
2018-06-08 16:33:27.256471,2,152,ac:23:3f:24:d3:60,e2c56db5-dffb-48d2-b060-d0f5a71096e2,-31
2018-06-08 16:33:27.458963,2,153,ac:23:3f:24:d3:60,e2c56db5-dffb-48d2-b060-d0f5a71096e2,-47
2018-06-08 16:33:27.659190,2,154,ac:23:3f:24:d3:60,e2c56db5-dffb-48d2-b060-d0f5a71096e2,-48
2018-06-08 16:33:27.864460,2,155,ac:23:3f:24:d3:60,e2c56db5-dffb-48d2-b060-d0f5a71096e2,-49
2018-06-08 16:33:28.067237,2,156,ac:23:3f:24:d3:60,e2c56db5-dffb-48d2-b060-d0f5a71096e2,-43
2018-06-08 16:33:28.280085,2,157,ac:23:3f:24:d3:60,e2c56db5-dffb-48d2-b060-d0f5a71096e2,-45
2018-06-08 16:33:28.479010,2,158,ac:23:3f:24:d3:60,e2c56db5-dffb-48d2-b060-d0f5a71096e2,-47
2018-06-08 16:33:28.681279,2,159,ac:23:3f:24:d3:60,e2c56db5-dffb-48d2-b060-d0f5a71096e2,-41
2018-06-08 16:33:28.888115,2,160,ac:23:3f:24:d3:60,e2c56db5-dffb-48d2-b060-d0f5a71096e2,-48
2018-06-08 16:33:29.093917,2,161,ac:23:3f:24:d3:60,e2c56db5-dffb-48d2-b060-d0f5a71096e2,-45
2018-06-08 16:33:29.300916,2,162,ac:23:3f:24:d3:60,e2c56db5-dffb-48d2-b060-d0f5a71096e2,-38
2018-06-08 16:33:29.495493,2,163,ac:23:3f:24:d3:60,e2c56db5-dffb-48d2-b060-d0f5a71096e2,-45
2018-06-08 16:33:29.696511,2,164,ac:23:3f:24:d3:60,e2c56db5-dffb-48d2-b060-d0f5a71096e2,-47
2018-06-08 16:33:30.114551,2,165,ac:23:3f:24:d3:60,e2c56db5-dffb-48d2-b060-d0f5a71096e2,-32
2018-06-08 16:33:30.322327,2,166,ac:23:3f:24:d3:60,e2c56db5-dffb-48d2-b060-d0f5a71096e2,-31
2018-06-08 16:33:30.532261,2,167,ac:23:3f:24:d3:60,e2c56db5-dffb-48d2-b060-d0f5a71096e2,-49
2018-06-08 16:33:30.739594,2,168,ac:23:3f:24:d3:60,e2c56db5-dffb-48d2-b060-d0f5a71096e2,-45
2018-06-08 16:33:31.563485,2,169,ac:23:3f:24:d3:60,e2c56db5-dffb-48d2-b060-d0f5a71096e2,-49
2018-06-08 16:33:31.764054,2,170,ac:23:3f:24:d3:60,e2c56db5-dffb-48d2-b060-d0f5a71096e2,-45
2018-06-08 16:33:31.955657,2,171,ac:23:3f:24:d3:60,e2c56db5-dffb-48d2-b060-d0f5a71096e2,-47
2018-06-08 16:33:32.172124,2,172,ac:23:3f:24:d3:60,e2c56db5-dffb-48d2-b060-d0f5a71096e2,-47
2018-06-08 16:33:32.793440,2,173,ac:23:3f:24:d3:60,e2c56db5-dffb-48d2-b060-d0f5a71096e2,-49
2018-06-08 16:33:33.188615,2,174,ac:23:3f:24:d3:60,e2c56db5-dffb-48d2-b060-d0f5a71096e2,-47
2018-06-08 16:33:33.594233,2,175,ac:23:3f:24:d3:60,e2c56db5-dffb-48d2-b060-d0f5a71096e2,-31
2018-06-08 16:33:33.796299,2,176,ac:23:3f:24:d3:60,e2c56db5-dffb-48d2-b060-d0f5a71096e2,-45
2018-06-08 16:33:33.999250,2,177,ac:23:3f:24:d3:60,e2c56db5-dffb-48d2-b060-d0f5a71096e2,-46
2018-06-08 16:33:34.205852,2,178,ac:23:3f:24:d3:60,e2c56db5-dffb-48d2-b060-d0f5a71096e2,-47
2018-06-08 16:33:34.631385,2,179,ac:23:3f:24:d3:60,e2c56db5-dffb-48d2-b060-d0f5a71096e2,-49
2018-06-08 16:33:34.812590,2,180,ac:23:3f:24:d3:60,e2c56db5-dffb-48d2-b060-d0f5a71096e2,-29
2018-06-08 16:33:35.227380,2,181,ac:23:3f:24:d3:60,e2c56db5-dffb-48d2-b060-d0f5a71096e2,-46
2018-06-08 16:33:35.443193,2,182,ac:23:3f:24:d3:60,e2c56db5-dffb-48d2-b060-d0f5a71096e2,-45
2018-06-08 16:33:36.274998,2,183,ac:23:3f:24:d3:60,e2c56db5-dffb-48d2-b060-d0f5a71096e2,-49
2018-06-08 16:33:36.473655,2,184,ac:23:3f:24:d3:60,e2c56db5-dffb-48d2-b060-d0f5a71096e2,-41
2018-06-08 16:33:36.665796,2,185,ac:23:3f:24:d3:60,e2c56db5-dffb-48d2-b060-d0f5a71096e2,-47
2018-06-08 16:33:37.303539,2,186,ac:23:3f:24:d3:60,e2c56db5-dffb-48d2-b060-d0f5a71096e2,-49
2018-06-08 16:33:37.505968,2,187,ac:23:3f:24:d3:60,e2c56db5-dffb-48d2-b060-d0f5a71096e2,-39
2018-06-08 16:33:37.898040,2,188,ac:23:3f:24:d3:60,e2c56db5-dffb-48d2-b060-d0f5a71096e2,-47
2018-06-08 16:33:38.108078,2,189,ac:23:3f:24:d3:60,e2c56db5-dffb-48d2-b060-d0f5a71096e2,-47
2018-06-08 16:33:38.319840,2,190,ac:23:3f:24:d3:60,e2c56db5-dffb-48d2-b060-d0f5a71096e2,-47
2018-06-08 16:33:38.514927,2,191,ac:23:3f:24:d3:60,e2c56db5-dffb-48d2-b060-d0f5a71096e2,-49
2018-06-08 16:33:38.714422,2,192,ac:23:3f:24:d3:60,e2c56db5-dffb-48d2-b060-d0f5a71096e2,-45
2018-06-08 16:33:39.152802,2,193,ac:23:3f:24:d3:60,e2c56db5-dffb-48d2-b060-d0f5a71096e2,-45
2018-06-08 16:33:39.348786,2,194,ac:23:3f:24:d3:60,e2c56db5-dffb-48d2-b060-d0f5a71096e2,-47
2018-06-08 16:33:39.552223,2,195,ac:23:3f:24:d3:60,e2c56db5-dffb-48d2-b060-d0f5a71096e2,-41
2018-06-08 16:33:39.757193,2,196,ac:23:3f:24:d3:60,e2c56db5-dffb-48d2-b060-d0f5a71096e2,-48
2018-06-08 16:33:39.952637,2,197,ac:23:3f:24:d3:60,e2c56db5-dffb-48d2-b060-d0f5a71096e2,-31
2018-06-08 16:33:40.158459,2,198,ac:23:3f:24:d3:60,e2c56db5-dffb-48d2-b060-d0f5a71096e2,-46
2018-06-08 16:33:40.351574,2,199,ac:23:3f:24:d3:60,e2c56db5-dffb-48d2-b060-d0f5a71096e2,-47
2018-06-08 16:33:40.558742,2,200,ac:23:3f:24:d3:60,e2c56db5-dffb-48d2-b060-d0f5a71096e2,-47
2018-06-08 16:33:40.976661,2,201,ac:23:3f:24:d3:60,e2c56db5-dffb-48d2-b060-d0f5a71096e2,-48
2018-06-08 16:33:41.168951,2,202,ac:23:3f:24:d3:60,e2c56db5-dffb-48d2-b060-d0f5a71096e2,-45
2018-06-08 16:33:41.372497,2,203,ac:23:3f:24:d3:60,e2c56db5-dffb-48d2-b060-d0f5a71096e2,-47
2018-06-08 16:33:42.190907,2,204,ac:23:3f:24:d3:60,e2c56db5-dffb-48d2-b060-d0f5a71096e2,-47
2018-06-08 16:33:42.390884,2,205,ac:23:3f:24:d3:60,e2c56db5-dffb-48d2-b060-d0f5a71096e2,-47
2018-06-08 16:33:42.594355,2,206,ac:23:3f:24:d3:60,e2c56db5-dffb-48d2-b060-d0f5a71096e2,-47
2018-06-08 16:33:43.017603,2,207,ac:23:3f:24:d3:60,e2c56db5-dffb-48d2-b060-d0f5a71096e2,-49
2018-06-08 16:33:43.647206,2,208,ac:23:3f:24:d3:60,e2c56db5-dffb-48d2-b060-d0f5a71096e2,-45
2018-06-08 16:33:43.842248,2,209,ac:23:3f:24:d3:60,e2c56db5-dffb-48d2-b060-d0f5a71096e2,-45
2018-06-08 16:33:44.264744,2,210,ac:23:3f:24:d3:60,e2c56db5-dffb-48d2-b060-d0f5a71096e2,-47
2018-06-08 16:33:44.658789,2,211,ac:23:3f:24:d3:60,e2c56db5-dffb-48d2-b060-d0f5a71096e2,-48
2018-06-08 16:33:44.862149,2,212,ac:23:3f:24:d3:60,e2c56db5-dffb-48d2-b060-d0f5a71096e2,-46
2018-06-08 16:33:45.068852,2,213,ac:23:3f:24:d3:60,e2c56db5-dffb-48d2-b060-d0f5a71096e2,-31
2018-06-08 16:33:45.477790,2,214,ac:23:3f:24:d3:60,e2c56db5-dffb-48d2-b060-d0f5a71096e2,-49
2018-06-08 16:33:45.678849,2,215,ac:23:3f:24:d3:60,e2c56db5-dffb-48d2-b060-d0f5a71096e2,-44
2018-06-08 16:33:45.882440,2,216,ac:23:3f:24:d3:60,e2c56db5-dffb-48d2-b060-d0f5a71096e2,-47
2018-06-08 16:33:46.295063,2,217,ac:23:3f:24:d3:60,e2c56db5-dffb-48d2-b060-d0f5a71096e2,-48
2018-06-08 16:33:46.484716,2,218,ac:23:3f:24:d3:60,e2c56db5-dffb-48d2-b060-d0f5a71096e2,-48
2018-06-08 16:33:46.893476,2,219,ac:23:3f:24:d3:60,e2c56db5-dffb-48d2-b060-d0f5a71096e2,-41
2018-06-08 16:33:47.106897,2,220,ac:23:3f:24:d3:60,e2c56db5-dffb-48d2-b060-d0f5a71096e2,-47
2018-06-08 16:33:47.316968,2,221,ac:23:3f:24:d3:60,e2c56db5-dffb-48d2-b060-d0f5a71096e2,-47
2018-06-08 16:33:47.519202,2,222,ac:23:3f:24:d3:60,e2c56db5-dffb-48d2-b060-d0f5a71096e2,-49
2018-06-08 16:33:47.732290,2,223,ac:23:3f:24:d3:60,e2c56db5-dffb-48d2-b060-d0f5a71096e2,-49
2018-06-08 16:33:47.923716,2,224,ac:23:3f:24:d3:60,e2c56db5-dffb-48d2-b060-d0f5a71096e2,-39
2018-06-08 16:33:48.124706,2,225,ac:23:3f:24:d3:60,e2c56db5-dffb-48d2-b060-d0f5a71096e2,-38
2018-06-08 16:33:48.326962,2,226,ac:23:3f:24:d3:60,e2c56db5-dffb-48d2-b060-d0f5a71096e2,-47
2018-06-08 16:33:48.743105,2,227,ac:23:3f:24:d3:60,e2c56db5-dffb-48d2-b060-d0f5a71096e2,-48
2018-06-08 16:33:48.949162,2,228,ac:23:3f:24:d3:60,e2c56db5-dffb-48d2-b060-d0f5a71096e2,-45
2018-06-08 16:33:49.151979,2,229,ac:23:3f:24:d3:60,e2c56db5-dffb-48d2-b060-d0f5a71096e2,-46
2018-06-08 16:33:50.186063,2,230,ac:23:3f:24:d3:60,e2c56db5-dffb-48d2-b060-d0f5a71096e2,-48
2018-06-08 16:33:50.603369,2,231,ac:23:3f:24:d3:60,e2c56db5-dffb-48d2-b060-d0f5a71096e2,-37
2018-06-08 16:33:50.792812,2,232,ac:23:3f:24:d3:60,e2c56db5-dffb-48d2-b060-d0f5a71096e2,-47
2018-06-08 16:33:51.413594,2,233,ac:23:3f:24:d3:60,e2c56db5-dffb-48d2-b060-d0f5a71096e2,-48
2018-06-08 16:33:51.608756,2,234,ac:23:3f:24:d3:60,e2c56db5-dffb-48d2-b060-d0f5a71096e2,-46
2018-06-08 16:33:51.816936,2,235,ac:23:3f:24:d3:60,e2c56db5-dffb-48d2-b060-d0f5a71096e2,-36
2018-06-08 16:33:52.234696,2,236,ac:23:3f:24:d3:60,e2c56db5-dffb-48d2-b060-d0f5a71096e2,-48
2018-06-08 16:33:52.646080,2,237,ac:23:3f:24:d3:60,e2c56db5-dffb-48d2-b060-d0f5a71096e2,-48
2018-06-08 16:33:52.850464,2,238,ac:23:3f:24:d3:60,e2c56db5-dffb-48d2-b060-d0f5a71096e2,-44
2018-06-08 16:33:53.057594,2,239,ac:23:3f:24:d3:60,e2c56db5-dffb-48d2-b060-d0f5a71096e2,-45
2018-06-08 16:33:53.247566,2,240,ac:23:3f:24:d3:60,e2c56db5-dffb-48d2-b060-d0f5a71096e2,-47
2018-06-08 16:33:53.878825,2,241,ac:23:3f:24:d3:60,e2c56db5-dffb-48d2-b060-d0f5a71096e2,-45
2018-06-08 16:33:54.067037,2,242,ac:23:3f:24:d3:60,e2c56db5-dffb-48d2-b060-d0f5a71096e2,-45
2018-06-08 16:33:54.272459,2,243,ac:23:3f:24:d3:60,e2c56db5-dffb-48d2-b060-d0f5a71096e2,-48
2018-06-08 16:33:54.689935,2,244,ac:23:3f:24:d3:60,e2c56db5-dffb-48d2-b060-d0f5a71096e2,-48
2018-06-08 16:33:54.898779,2,245,ac:23:3f:24:d3:60,e2c56db5-dffb-48d2-b060-d0f5a71096e2,-48
2018-06-08 16:33:55.093090,2,246,ac:23:3f:24:d3:60,e2c56db5-dffb-48d2-b060-d0f5a71096e2,-45
2018-06-08 16:33:55.298982,2,247,ac:23:3f:24:d3:60,e2c56db5-dffb-48d2-b060-d0f5a71096e2,-29
2018-06-08 16:33:55.506776,2,248,ac:23:3f:24:d3:60,e2c56db5-dffb-48d2-b060-d0f5a71096e2,-45
2018-06-08 16:33:55.722908,2,249,ac:23:3f:24:d3:60,e2c56db5-dffb-48d2-b060-d0f5a71096e2,-47
2018-06-08 16:33:55.921288,2,250,ac:23:3f:24:d3:60,e2c56db5-dffb-48d2-b060-d0f5a71096e2,-35
2018-06-08 16:33:56.128579,2,251,ac:23:3f:24:d3:60,e2c56db5-dffb-48d2-b060-d0f5a71096e2,-46
2018-06-08 16:33:56.332819,2,252,ac:23:3f:24:d3:60,e2c56db5-dffb-48d2-b060-d0f5a71096e2,-31
2018-06-08 16:33:56.564331,2,253,ac:23:3f:24:d3:60,e2c56db5-dffb-48d2-b060-d0f5a71096e2,-48
2018-06-08 16:33:56.756691,2,254,ac:23:3f:24:d3:60,e2c56db5-dffb-48d2-b060-d0f5a71096e2,-48
2018-06-08 16:33:56.969286,2,255,ac:23:3f:24:d3:60,e2c56db5-dffb-48d2-b060-d0f5a71096e2,-29
2018-06-08 16:33:57.158845,2,256,ac:23:3f:24:d3:60,e2c56db5-dffb-48d2-b060-d0f5a71096e2,-45
2018-06-08 16:33:57.362700,2,257,ac:23:3f:24:d3:60,e2c56db5-dffb-48d2-b060-d0f5a71096e2,-47
2018-06-08 16:33:57.774284,2,258,ac:23:3f:24:d3:60,e2c56db5-dffb-48d2-b060-d0f5a71096e2,-48
2018-06-08 16:33:57.990712,2,259,ac:23:3f:24:d3:60,e2c56db5-dffb-48d2-b060-d0f5a71096e2,-49
2018-06-08 16:33:58.190860,2,260,ac:23:3f:24:d3:60,e2c56db5-dffb-48d2-b060-d0f5a71096e2,-46
2018-06-08 16:33:58.396257,2,261,ac:23:3f:24:d3:60,e2c56db5-dffb-48d2-b060-d0f5a71096e2,-35
2018-06-08 16:33:58.605549,2,262,ac:23:3f:24:d3:60,e2c56db5-dffb-48d2-b060-d0f5a71096e2,-45
2018-06-08 16:33:58.813534,2,263,ac:23:3f:24:d3:60,e2c56db5-dffb-48d2-b060-d0f5a71096e2,-43
2018-06-08 16:33:59.022234,2,264,ac:23:3f:24:d3:60,e2c56db5-dffb-48d2-b060-d0f5a71096e2,-45
2018-06-08 16:33:59.223823,2,265,ac:23:3f:24:d3:60,e2c56db5-dffb-48d2-b060-d0f5a71096e2,-47
2018-06-08 16:33:59.431406,2,266,ac:23:3f:24:d3:60,e2c56db5-dffb-48d2-b060-d0f5a71096e2,-49
2018-06-08 16:33:59.633705,2,267,ac:23:3f:24:d3:60,e2c56db5-dffb-48d2-b060-d0f5a71096e2,-31
2018-06-08 16:33:59.838718,2,268,ac:23:3f:24:d3:60,e2c56db5-dffb-48d2-b060-d0f5a71096e2,-45
2018-06-08 16:34:00.044777,2,269,ac:23:3f:24:d3:60,e2c56db5-dffb-48d2-b060-d0f5a71096e2,-46
2018-06-08 16:34:00.243858,2,270,ac:23:3f:24:d3:60,e2c56db5-dffb-48d2-b060-d0f5a71096e2,-46
2018-06-08 16:34:00.447993,2,271,ac:23:3f:24:d3:60,e2c56db5-dffb-48d2-b060-d0f5a71096e2,-48
2018-06-08 16:34:00.656977,2,272,ac:23:3f:24:d3:60,e2c56db5-dffb-48d2-b060-d0f5a71096e2,-31
2018-06-08 16:34:01.060536,2,273,ac:23:3f:24:d3:60,e2c56db5-dffb-48d2-b060-d0f5a71096e2,-45
2018-06-08 16:34:01.259578,2,274,ac:23:3f:24:d3:60,e2c56db5-dffb-48d2-b060-d0f5a71096e2,-46
2018-06-08 16:34:01.471703,2,275,ac:23:3f:24:d3:60,e2c56db5-dffb-48d2-b060-d0f5a71096e2,-31
2018-06-08 16:34:01.675968,2,276,ac:23:3f:24:d3:60,e2c56db5-dffb-48d2-b060-d0f5a71096e2,-48
2018-06-08 16:34:01.874024,2,277,ac:23:3f:24:d3:60,e2c56db5-dffb-48d2-b060-d0f5a71096e2,-45
2018-06-08 16:34:02.080628,2,278,ac:23:3f:24:d3:60,e2c56db5-dffb-48d2-b060-d0f5a71096e2,-47
2018-06-08 16:34:02.484697,2,279,ac:23:3f:24:d3:60,e2c56db5-dffb-48d2-b060-d0f5a71096e2,-31
2018-06-08 16:34:02.688402,2,280,ac:23:3f:24:d3:60,e2c56db5-dffb-48d2-b060-d0f5a71096e2,-46
2018-06-08 16:34:02.887515,2,281,ac:23:3f:24:d3:60,e2c56db5-dffb-48d2-b060-d0f5a71096e2,-47
2018-06-08 16:34:03.308769,2,282,ac:23:3f:24:d3:60,e2c56db5-dffb-48d2-b060-d0f5a71096e2,-31
2018-06-08 16:34:03.496206,2,283,ac:23:3f:24:d3:60,e2c56db5-dffb-48d2-b060-d0f5a71096e2,-29
2018-06-08 16:34:03.695010,2,284,ac:23:3f:24:d3:60,e2c56db5-dffb-48d2-b060-d0f5a71096e2,-47
2018-06-08 16:34:03.902433,2,285,ac:23:3f:24:d3:60,e2c56db5-dffb-48d2-b060-d0f5a71096e2,-47
2018-06-08 16:34:04.516565,2,286,ac:23:3f:24:d3:60,e2c56db5-dffb-48d2-b060-d0f5a71096e2,-46
2018-06-08 16:34:04.723494,2,287,ac:23:3f:24:d3:60,e2c56db5-dffb-48d2-b060-d0f5a71096e2,-45
2018-06-08 16:34:04.941545,2,288,ac:23:3f:24:d3:60,e2c56db5-dffb-48d2-b060-d0f5a71096e2,-46
2018-06-08 16:34:05.135134,2,289,ac:23:3f:24:d3:60,e2c56db5-dffb-48d2-b060-d0f5a71096e2,-31
2018-06-08 16:34:05.341832,2,290,ac:23:3f:24:d3:60,e2c56db5-dffb-48d2-b060-d0f5a71096e2,-47
2018-06-08 16:34:05.545817,2,291,ac:23:3f:24:d3:60,e2c56db5-dffb-48d2-b060-d0f5a71096e2,-48
2018-06-08 16:34:05.752586,2,292,ac:23:3f:24:d3:60,e2c56db5-dffb-48d2-b060-d0f5a71096e2,-48
2018-06-08 16:34:06.159587,2,293,ac:23:3f:24:d3:60,e2c56db5-dffb-48d2-b060-d0f5a71096e2,-47
2018-06-08 16:34:06.791155,2,294,ac:23:3f:24:d3:60,e2c56db5-dffb-48d2-b060-d0f5a71096e2,-49
2018-06-08 16:34:06.980354,2,295,ac:23:3f:24:d3:60,e2c56db5-dffb-48d2-b060-d0f5a71096e2,-44
2018-06-08 16:34:07.200413,2,296,ac:23:3f:24:d3:60,e2c56db5-dffb-48d2-b060-d0f5a71096e2,-46
2018-06-08 16:34:07.388592,2,297,ac:23:3f:24:d3:60,e2c56db5-dffb-48d2-b060-d0f5a71096e2,-47
2018-06-08 16:34:07.609357,2,298,ac:23:3f:24:d3:60,e2c56db5-dffb-48d2-b060-d0f5a71096e2,-32
2018-06-08 16:34:07.816186,2,299,ac:23:3f:24:d3:60,e2c56db5-dffb-48d2-b060-d0f5a71096e2,-47
2018-06-08 16:34:08.209898,2,300,ac:23:3f:24:d3:60,e2c56db5-dffb-48d2-b060-d0f5a71096e2,-46
2018-06-08 16:34:08.419804,2,301,ac:23:3f:24:d3:60,e2c56db5-dffb-48d2-b060-d0f5a71096e2,-46
2018-06-08 16:34:08.628852,2,302,ac:23:3f:24:d3:60,e2c56db5-dffb-48d2-b060-d0f5a71096e2,-46
2018-06-08 16:34:08.830131,2,303,ac:23:3f:24:d3:60,e2c56db5-dffb-48d2-b060-d0f5a71096e2,-41
2018-06-08 16:34:09.033047,2,304,ac:23:3f:24:d3:60,e2c56db5-dffb-48d2-b060-d0f5a71096e2,-32
2018-06-08 16:34:09.237003,2,305,ac:23:3f:24:d3:60,e2c56db5-dffb-48d2-b060-d0f5a71096e2,-48
2018-06-08 16:34:09.440160,2,306,ac:23:3f:24:d3:60,e2c56db5-dffb-48d2-b060-d0f5a71096e2,-45
2018-06-08 16:34:09.646821,2,307,ac:23:3f:24:d3:60,e2c56db5-dffb-48d2-b060-d0f5a71096e2,-45
2018-06-08 16:34:09.850453,2,308,ac:23:3f:24:d3:60,e2c56db5-dffb-48d2-b060-d0f5a71096e2,-47
2018-06-08 16:34:10.456633,2,309,ac:23:3f:24:d3:60,e2c56db5-dffb-48d2-b060-d0f5a71096e2,-49
2018-06-08 16:34:10.664613,2,310,ac:23:3f:24:d3:60,e2c56db5-dffb-48d2-b060-d0f5a71096e2,-46
2018-06-08 16:34:10.869201,2,311,ac:23:3f:24:d3:60,e2c56db5-dffb-48d2-b060-d0f5a71096e2,-41
2018-06-08 16:34:11.274553,2,312,ac:23:3f:24:d3:60,e2c56db5-dffb-48d2-b060-d0f5a71096e2,-31
2018-06-08 16:34:11.488232,2,313,ac:23:3f:24:d3:60,e2c56db5-dffb-48d2-b060-d0f5a71096e2,-45
2018-06-08 16:34:11.688041,2,314,ac:23:3f:24:d3:60,e2c56db5-dffb-48d2-b060-d0f5a71096e2,-46
2018-06-08 16:34:11.885825,2,315,ac:23:3f:24:d3:60,e2c56db5-dffb-48d2-b060-d0f5a71096e2,-48
2018-06-08 16:34:12.303521,2,316,ac:23:3f:24:d3:60,e2c56db5-dffb-48d2-b060-d0f5a71096e2,-48
2018-06-08 16:34:12.499757,2,317,ac:23:3f:24:d3:60,e2c56db5-dffb-48d2-b060-d0f5a71096e2,-46
2018-06-08 16:34:12.703626,2,318,ac:23:3f:24:d3:60,e2c56db5-dffb-48d2-b060-d0f5a71096e2,-29
2018-06-08 16:34:12.910405,2,319,ac:23:3f:24:d3:60,e2c56db5-dffb-48d2-b060-d0f5a71096e2,-47
2018-06-08 16:34:13.113451,2,320,ac:23:3f:24:d3:60,e2c56db5-dffb-48d2-b060-d0f5a71096e2,-32
2018-06-08 16:34:13.530778,2,321,ac:23:3f:24:d3:60,e2c56db5-dffb-48d2-b060-d0f5a71096e2,-49
2018-06-08 16:34:13.724889,2,322,ac:23:3f:24:d3:60,e2c56db5-dffb-48d2-b060-d0f5a71096e2,-31
2018-06-08 16:34:13.932548,2,323,ac:23:3f:24:d3:60,e2c56db5-dffb-48d2-b060-d0f5a71096e2,-46
2018-06-08 16:34:14.352329,2,324,ac:23:3f:24:d3:60,e2c56db5-dffb-48d2-b060-d0f5a71096e2,-46
2018-06-08 16:34:14.561530,2,325,ac:23:3f:24:d3:60,e2c56db5-dffb-48d2-b060-d0f5a71096e2,-29
2018-06-08 16:34:14.784765,2,326,ac:23:3f:24:d3:60,e2c56db5-dffb-48d2-b060-d0f5a71096e2,-40
2018-06-08 16:34:14.978987,2,327,ac:23:3f:24:d3:60,e2c56db5-dffb-48d2-b060-d0f5a71096e2,-31
2018-06-08 16:34:15.604252,2,328,ac:23:3f:24:d3:60,e2c56db5-dffb-48d2-b060-d0f5a71096e2,-36
2018-06-08 16:34:15.808929,2,329,ac:23:3f:24:d3:60,e2c56db5-dffb-48d2-b060-d0f5a71096e2,-29
2018-06-08 16:34:16.211927,2,330,ac:23:3f:24:d3:60,e2c56db5-dffb-48d2-b060-d0f5a71096e2,-44
2018-06-08 16:34:16.623715,2,331,ac:23:3f:24:d3:60,e2c56db5-dffb-48d2-b060-d0f5a71096e2,-47
2018-06-08 16:34:16.830303,2,332,ac:23:3f:24:d3:60,e2c56db5-dffb-48d2-b060-d0f5a71096e2,-49
2018-06-08 16:34:17.038618,2,333,ac:23:3f:24:d3:60,e2c56db5-dffb-48d2-b060-d0f5a71096e2,-49
2018-06-08 16:34:17.244654,2,334,ac:23:3f:24:d3:60,e2c56db5-dffb-48d2-b060-d0f5a71096e2,-49
2018-06-08 16:34:17.452037,2,335,ac:23:3f:24:d3:60,e2c56db5-dffb-48d2-b060-d0f5a71096e2,-42
2018-06-08 16:34:17.657428,2,336,ac:23:3f:24:d3:60,e2c56db5-dffb-48d2-b060-d0f5a71096e2,-46
2018-06-08 16:34:18.065864,2,337,ac:23:3f:24:d3:60,e2c56db5-dffb-48d2-b060-d0f5a71096e2,-46
2018-06-08 16:34:18.477371,2,338,ac:23:3f:24:d3:60,e2c56db5-dffb-48d2-b060-d0f5a71096e2,-49
2018-06-08 16:34:18.682838,2,339,ac:23:3f:24:d3:60,e2c56db5-dffb-48d2-b060-d0f5a71096e2,-49
2018-06-08 16:34:18.919672,2,340,ac:23:3f:24:d3:60,e2c56db5-dffb-48d2-b060-d0f5a71096e2,-45
2018-06-08 16:34:19.285372,2,341,ac:23:3f:24:d3:60,e2c56db5-dffb-48d2-b060-d0f5a71096e2,-31
2018-06-08 16:34:19.708514,2,342,ac:23:3f:24:d3:60,e2c56db5-dffb-48d2-b060-d0f5a71096e2,-49
2018-06-08 16:34:20.109782,2,343,ac:23:3f:24:d3:60,e2c56db5-dffb-48d2-b060-d0f5a71096e2,-46
2018-06-08 16:34:20.316619,2,344,ac:23:3f:24:d3:60,e2c56db5-dffb-48d2-b060-d0f5a71096e2,-46
2018-06-08 16:34:20.519401,2,345,ac:23:3f:24:d3:60,e2c56db5-dffb-48d2-b060-d0f5a71096e2,-49
2018-06-08 16:34:20.724316,2,346,ac:23:3f:24:d3:60,e2c56db5-dffb-48d2-b060-d0f5a71096e2,-49
2018-06-08 16:34:20.928967,2,347,ac:23:3f:24:d3:60,e2c56db5-dffb-48d2-b060-d0f5a71096e2,-45
2018-06-08 16:34:21.121641,2,348,ac:23:3f:24:d3:60,e2c56db5-dffb-48d2-b060-d0f5a71096e2,-47
2018-06-08 16:34:21.530418,2,349,ac:23:3f:24:d3:60,e2c56db5-dffb-48d2-b060-d0f5a71096e2,-48
2018-06-08 16:34:21.738607,2,350,ac:23:3f:24:d3:60,e2c56db5-dffb-48d2-b060-d0f5a71096e2,-45
2018-06-08 16:34:21.947320,2,351,ac:23:3f:24:d3:60,e2c56db5-dffb-48d2-b060-d0f5a71096e2,-45
2018-06-08 16:34:22.147716,2,352,ac:23:3f:24:d3:60,e2c56db5-dffb-48d2-b060-d0f5a71096e2,-45
2018-06-08 16:34:22.347919,2,353,ac:23:3f:24:d3:60,e2c56db5-dffb-48d2-b060-d0f5a71096e2,-41
2018-06-08 16:34:22.550301,2,354,ac:23:3f:24:d3:60,e2c56db5-dffb-48d2-b060-d0f5a71096e2,-49
2018-06-08 16:34:22.760401,2,355,ac:23:3f:24:d3:60,e2c56db5-dffb-48d2-b060-d0f5a71096e2,-46
2018-06-08 16:34:22.960414,2,356,ac:23:3f:24:d3:60,e2c56db5-dffb-48d2-b060-d0f5a71096e2,-46
2018-06-08 16:34:23.575264,2,357,ac:23:3f:24:d3:60,e2c56db5-dffb-48d2-b060-d0f5a71096e2,-49
2018-06-08 16:34:23.779664,2,358,ac:23:3f:24:d3:60,e2c56db5-dffb-48d2-b060-d0f5a71096e2,-29
2018-06-08 16:34:23.979142,2,359,ac:23:3f:24:d3:60,e2c56db5-dffb-48d2-b060-d0f5a71096e2,-40
2018-06-08 16:34:24.182322,2,360,ac:23:3f:24:d3:60,e2c56db5-dffb-48d2-b060-d0f5a71096e2,-46
2018-06-08 16:34:24.384884,2,361,ac:23:3f:24:d3:60,e2c56db5-dffb-48d2-b060-d0f5a71096e2,-49
2018-06-08 16:34:25.000014,2,362,ac:23:3f:24:d3:60,e2c56db5-dffb-48d2-b060-d0f5a71096e2,-47
2018-06-08 16:34:25.206837,2,363,ac:23:3f:24:d3:60,e2c56db5-dffb-48d2-b060-d0f5a71096e2,-46
2018-06-08 16:34:25.412244,2,364,ac:23:3f:24:d3:60,e2c56db5-dffb-48d2-b060-d0f5a71096e2,-35
2018-06-08 16:34:25.621487,2,365,ac:23:3f:24:d3:60,e2c56db5-dffb-48d2-b060-d0f5a71096e2,-49
2018-06-08 16:34:25.822701,2,366,ac:23:3f:24:d3:60,e2c56db5-dffb-48d2-b060-d0f5a71096e2,-31
2018-06-08 16:34:26.022575,2,367,ac:23:3f:24:d3:60,e2c56db5-dffb-48d2-b060-d0f5a71096e2,-46
2018-06-08 16:34:26.237714,2,368,ac:23:3f:24:d3:60,e2c56db5-dffb-48d2-b060-d0f5a71096e2,-47
2018-06-08 16:34:26.426401,2,369,ac:23:3f:24:d3:60,e2c56db5-dffb-48d2-b060-d0f5a71096e2,-35
2018-06-08 16:34:26.636265,2,370,ac:23:3f:24:d3:60,e2c56db5-dffb-48d2-b060-d0f5a71096e2,-46
2018-06-08 16:34:27.056857,2,371,ac:23:3f:24:d3:60,e2c56db5-dffb-48d2-b060-d0f5a71096e2,-49
2018-06-08 16:34:27.257653,2,372,ac:23:3f:24:d3:60,e2c56db5-dffb-48d2-b060-d0f5a71096e2,-46
2018-06-08 16:34:27.457586,2,373,ac:23:3f:24:d3:60,e2c56db5-dffb-48d2-b060-d0f5a71096e2,-47
2018-06-08 16:34:27.660001,2,374,ac:23:3f:24:d3:60,e2c56db5-dffb-48d2-b060-d0f5a71096e2,-49
2018-06-08 16:34:27.865706,2,375,ac:23:3f:24:d3:60,e2c56db5-dffb-48d2-b060-d0f5a71096e2,-48
2018-06-08 16:34:28.078628,2,376,ac:23:3f:24:d3:60,e2c56db5-dffb-48d2-b060-d0f5a71096e2,-48
2018-06-08 16:34:28.298659,2,377,ac:23:3f:24:d3:60,e2c56db5-dffb-48d2-b060-d0f5a71096e2,-46
2018-06-08 16:34:28.471030,2,378,ac:23:3f:24:d3:60,e2c56db5-dffb-48d2-b060-d0f5a71096e2,-47
2018-06-08 16:34:28.682778,2,379,ac:23:3f:24:d3:60,e2c56db5-dffb-48d2-b060-d0f5a71096e2,-48
2018-06-08 16:34:29.087709,2,380,ac:23:3f:24:d3:60,e2c56db5-dffb-48d2-b060-d0f5a71096e2,-49
2018-06-08 16:34:29.304012,2,381,ac:23:3f:24:d3:60,e2c56db5-dffb-48d2-b060-d0f5a71096e2,-49
2018-06-08 16:34:29.504458,2,382,ac:23:3f:24:d3:60,e2c56db5-dffb-48d2-b060-d0f5a71096e2,-44
2018-06-08 16:34:29.712401,2,383,ac:23:3f:24:d3:60,e2c56db5-dffb-48d2-b060-d0f5a71096e2,-45
2018-06-08 16:34:29.919148,2,384,ac:23:3f:24:d3:60,e2c56db5-dffb-48d2-b060-d0f5a71096e2,-46
2018-06-08 16:34:30.125621,2,385,ac:23:3f:24:d3:60,e2c56db5-dffb-48d2-b060-d0f5a71096e2,-46
2018-06-08 16:34:30.339561,2,386,ac:23:3f:24:d3:60,e2c56db5-dffb-48d2-b060-d0f5a71096e2,-32
2018-06-08 16:34:30.541889,2,387,ac:23:3f:24:d3:60,e2c56db5-dffb-48d2-b060-d0f5a71096e2,-49
2018-06-08 16:34:30.748084,2,388,ac:23:3f:24:d3:60,e2c56db5-dffb-48d2-b060-d0f5a71096e2,-40
2018-06-08 16:34:31.354825,2,389,ac:23:3f:24:d3:60,e2c56db5-dffb-48d2-b060-d0f5a71096e2,-33
2018-06-08 16:34:31.765782,2,390,ac:23:3f:24:d3:60,e2c56db5-dffb-48d2-b060-d0f5a71096e2,-49
2018-06-08 16:34:31.975900,2,391,ac:23:3f:24:d3:60,e2c56db5-dffb-48d2-b060-d0f5a71096e2,-49
2018-06-08 16:34:32.181565,2,392,ac:23:3f:24:d3:60,e2c56db5-dffb-48d2-b060-d0f5a71096e2,-28
2018-06-08 16:34:32.392829,2,393,ac:23:3f:24:d3:60,e2c56db5-dffb-48d2-b060-d0f5a71096e2,-45
2018-06-08 16:34:32.594159,2,394,ac:23:3f:24:d3:60,e2c56db5-dffb-48d2-b060-d0f5a71096e2,-29
2018-06-08 16:34:32.794602,2,395,ac:23:3f:24:d3:60,e2c56db5-dffb-48d2-b060-d0f5a71096e2,-46
2018-06-08 16:34:33.206446,2,396,ac:23:3f:24:d3:60,e2c56db5-dffb-48d2-b060-d0f5a71096e2,-49
2018-06-08 16:34:33.413884,2,397,ac:23:3f:24:d3:60,e2c56db5-dffb-48d2-b060-d0f5a71096e2,-49
2018-06-08 16:34:33.616580,2,398,ac:23:3f:24:d3:60,e2c56db5-dffb-48d2-b060-d0f5a71096e2,-46
2018-06-08 16:34:33.823035,2,399,ac:23:3f:24:d3:60,e2c56db5-dffb-48d2-b060-d0f5a71096e2,-47
2018-06-08 16:34:34.031851,2,400,ac:23:3f:24:d3:60,e2c56db5-dffb-48d2-b060-d0f5a71096e2,-46
2018-06-08 16:34:34.242843,2,401,ac:23:3f:24:d3:60,e2c56db5-dffb-48d2-b060-d0f5a71096e2,-46
2018-06-08 16:34:34.442755,2,402,ac:23:3f:24:d3:60,e2c56db5-dffb-48d2-b060-d0f5a71096e2,-31
2018-06-08 16:34:34.638582,2,403,ac:23:3f:24:d3:60,e2c56db5-dffb-48d2-b060-d0f5a71096e2,-45
2018-06-08 16:34:34.838775,2,404,ac:23:3f:24:d3:60,e2c56db5-dffb-48d2-b060-d0f5a71096e2,-34
2018-06-08 16:34:35.045947,2,405,ac:23:3f:24:d3:60,e2c56db5-dffb-48d2-b060-d0f5a71096e2,-41
2018-06-08 16:34:35.659838,2,406,ac:23:3f:24:d3:60,e2c56db5-dffb-48d2-b060-d0f5a71096e2,-45
2018-06-08 16:34:35.869840,2,407,ac:23:3f:24:d3:60,e2c56db5-dffb-48d2-b060-d0f5a71096e2,-45
2018-06-08 16:34:36.075966,2,408,ac:23:3f:24:d3:60,e2c56db5-dffb-48d2-b060-d0f5a71096e2,-46
2018-06-08 16:34:36.270212,2,409,ac:23:3f:24:d3:60,e2c56db5-dffb-48d2-b060-d0f5a71096e2,-46
2018-06-08 16:34:36.473474,2,410,ac:23:3f:24:d3:60,e2c56db5-dffb-48d2-b060-d0f5a71096e2,-49
2018-06-08 16:34:36.674668,2,411,ac:23:3f:24:d3:60,e2c56db5-dffb-48d2-b060-d0f5a71096e2,-48
2018-06-08 16:34:36.884873,2,412,ac:23:3f:24:d3:60,e2c56db5-dffb-48d2-b060-d0f5a71096e2,-45
2018-06-08 16:34:37.084230,2,413,ac:23:3f:24:d3:60,e2c56db5-dffb-48d2-b060-d0f5a71096e2,-46
2018-06-08 16:34:37.907267,2,414,ac:23:3f:24:d3:60,e2c56db5-dffb-48d2-b060-d0f5a71096e2,-43
2018-06-08 16:34:38.109200,2,415,ac:23:3f:24:d3:60,e2c56db5-dffb-48d2-b060-d0f5a71096e2,-46
2018-06-08 16:34:38.317972,2,416,ac:23:3f:24:d3:60,e2c56db5-dffb-48d2-b060-d0f5a71096e2,-45
2018-06-08 16:34:38.527817,2,417,ac:23:3f:24:d3:60,e2c56db5-dffb-48d2-b060-d0f5a71096e2,-29
2018-06-08 16:34:38.964470,2,418,ac:23:3f:24:d3:60,e2c56db5-dffb-48d2-b060-d0f5a71096e2,-41
2018-06-08 16:34:39.347965,2,419,ac:23:3f:24:d3:60,e2c56db5-dffb-48d2-b060-d0f5a71096e2,-49
2018-06-08 16:34:39.551372,2,420,ac:23:3f:24:d3:60,e2c56db5-dffb-48d2-b060-d0f5a71096e2,-46
2018-06-08 16:34:39.759064,2,421,ac:23:3f:24:d3:60,e2c56db5-dffb-48d2-b060-d0f5a71096e2,-47
2018-06-08 16:34:40.165445,2,422,ac:23:3f:24:d3:60,e2c56db5-dffb-48d2-b060-d0f5a71096e2,-49
2018-06-08 16:34:40.373789,2,423,ac:23:3f:24:d3:60,e2c56db5-dffb-48d2-b060-d0f5a71096e2,-49
2018-06-08 16:34:40.584236,2,424,ac:23:3f:24:d3:60,e2c56db5-dffb-48d2-b060-d0f5a71096e2,-49
2018-06-08 16:34:40.784229,2,425,ac:23:3f:24:d3:60,e2c56db5-dffb-48d2-b060-d0f5a71096e2,-36
2018-06-08 16:34:40.993129,2,426,ac:23:3f:24:d3:60,e2c56db5-dffb-48d2-b060-d0f5a71096e2,-40
2018-06-08 16:34:41.185694,2,427,ac:23:3f:24:d3:60,e2c56db5-dffb-48d2-b060-d0f5a71096e2,-47
2018-06-08 16:34:41.600609,2,428,ac:23:3f:24:d3:60,e2c56db5-dffb-48d2-b060-d0f5a71096e2,-48
2018-06-08 16:34:41.824285,2,429,ac:23:3f:24:d3:60,e2c56db5-dffb-48d2-b060-d0f5a71096e2,-49
2018-06-08 16:34:42.028629,2,430,ac:23:3f:24:d3:60,e2c56db5-dffb-48d2-b060-d0f5a71096e2,-46
2018-06-08 16:34:42.230723,2,431,ac:23:3f:24:d3:60,e2c56db5-dffb-48d2-b060-d0f5a71096e2,-45
2018-06-08 16:34:42.438472,2,432,ac:23:3f:24:d3:60,e2c56db5-dffb-48d2-b060-d0f5a71096e2,-45
2018-06-08 16:34:42.640754,2,433,ac:23:3f:24:d3:60,e2c56db5-dffb-48d2-b060-d0f5a71096e2,-47
2018-06-08 16:34:42.843815,2,434,ac:23:3f:24:d3:60,e2c56db5-dffb-48d2-b060-d0f5a71096e2,-46
2018-06-08 16:34:43.047784,2,435,ac:23:3f:24:d3:60,e2c56db5-dffb-48d2-b060-d0f5a71096e2,-49
2018-06-08 16:34:43.245189,2,436,ac:23:3f:24:d3:60,e2c56db5-dffb-48d2-b060-d0f5a71096e2,-31
2018-06-08 16:34:43.453656,2,437,ac:23:3f:24:d3:60,e2c56db5-dffb-48d2-b060-d0f5a71096e2,-46
2018-06-08 16:34:43.660989,2,438,ac:23:3f:24:d3:60,e2c56db5-dffb-48d2-b060-d0f5a71096e2,-45
2018-06-08 16:34:43.879228,2,439,ac:23:3f:24:d3:60,e2c56db5-dffb-48d2-b060-d0f5a71096e2,-47
2018-06-08 16:34:44.072951,2,440,ac:23:3f:24:d3:60,e2c56db5-dffb-48d2-b060-d0f5a71096e2,-47
2018-06-08 16:34:44.293668,2,441,ac:23:3f:24:d3:60,e2c56db5-dffb-48d2-b060-d0f5a71096e2,-40
2018-06-08 16:34:44.907195,2,442,ac:23:3f:24:d3:60,e2c56db5-dffb-48d2-b060-d0f5a71096e2,-31
2018-06-08 16:34:45.110162,2,443,ac:23:3f:24:d3:60,e2c56db5-dffb-48d2-b060-d0f5a71096e2,-45
2018-06-08 16:34:45.303341,2,444,ac:23:3f:24:d3:60,e2c56db5-dffb-48d2-b060-d0f5a71096e2,-46
2018-06-08 16:34:45.927704,2,445,ac:23:3f:24:d3:60,e2c56db5-dffb-48d2-b060-d0f5a71096e2,-45
2018-06-08 16:34:46.127796,2,446,ac:23:3f:24:d3:60,e2c56db5-dffb-48d2-b060-d0f5a71096e2,-45
2018-06-08 16:34:46.332824,2,447,ac:23:3f:24:d3:60,e2c56db5-dffb-48d2-b060-d0f5a71096e2,-47
2018-06-08 16:34:47.155205,2,448,ac:23:3f:24:d3:60,e2c56db5-dffb-48d2-b060-d0f5a71096e2,-48
2018-06-08 16:34:47.352825,2,449,ac:23:3f:24:d3:60,e2c56db5-dffb-48d2-b060-d0f5a71096e2,-45
2018-06-08 16:34:47.558305,2,450,ac:23:3f:24:d3:60,e2c56db5-dffb-48d2-b060-d0f5a71096e2,-45
2018-06-08 16:34:47.761777,2,451,ac:23:3f:24:d3:60,e2c56db5-dffb-48d2-b060-d0f5a71096e2,-31
2018-06-08 16:34:47.978638,2,452,ac:23:3f:24:d3:60,e2c56db5-dffb-48d2-b060-d0f5a71096e2,-48
2018-06-08 16:34:48.387217,2,453,ac:23:3f:24:d3:60,e2c56db5-dffb-48d2-b060-d0f5a71096e2,-49
2018-06-08 16:34:48.589039,2,454,ac:23:3f:24:d3:60,e2c56db5-dffb-48d2-b060-d0f5a71096e2,-46
2018-06-08 16:34:48.788246,2,455,ac:23:3f:24:d3:60,e2c56db5-dffb-48d2-b060-d0f5a71096e2,-35
2018-06-08 16:34:48.994607,2,456,ac:23:3f:24:d3:60,e2c56db5-dffb-48d2-b060-d0f5a71096e2,-47
2018-06-08 16:34:49.619873,2,457,ac:23:3f:24:d3:60,e2c56db5-dffb-48d2-b060-d0f5a71096e2,-49
2018-06-08 16:34:49.825886,2,458,ac:23:3f:24:d3:60,e2c56db5-dffb-48d2-b060-d0f5a71096e2,-49
2018-06-08 16:34:50.033142,2,459,ac:23:3f:24:d3:60,e2c56db5-dffb-48d2-b060-d0f5a71096e2,-49
2018-06-08 16:34:50.436684,2,460,ac:23:3f:24:d3:60,e2c56db5-dffb-48d2-b060-d0f5a71096e2,-47
2018-06-08 16:34:50.844985,2,461,ac:23:3f:24:d3:60,e2c56db5-dffb-48d2-b060-d0f5a71096e2,-49
2018-06-08 16:34:51.054015,2,462,ac:23:3f:24:d3:60,e2c56db5-dffb-48d2-b060-d0f5a71096e2,-48
2018-06-08 16:34:51.257355,2,463,ac:23:3f:24:d3:60,e2c56db5-dffb-48d2-b060-d0f5a71096e2,-30
2018-06-08 16:34:51.461856,2,464,ac:23:3f:24:d3:60,e2c56db5-dffb-48d2-b060-d0f5a71096e2,-46
2018-06-08 16:34:51.663868,2,465,ac:23:3f:24:d3:60,e2c56db5-dffb-48d2-b060-d0f5a71096e2,-47
2018-06-08 16:34:52.077567,2,466,ac:23:3f:24:d3:60,e2c56db5-dffb-48d2-b060-d0f5a71096e2,-32
2018-06-08 16:34:52.282318,2,467,ac:23:3f:24:d3:60,e2c56db5-dffb-48d2-b060-d0f5a71096e2,-48
2018-06-08 16:34:52.489504,2,468,ac:23:3f:24:d3:60,e2c56db5-dffb-48d2-b060-d0f5a71096e2,-29
2018-06-08 16:34:52.696243,2,469,ac:23:3f:24:d3:60,e2c56db5-dffb-48d2-b060-d0f5a71096e2,-45
2018-06-08 16:34:52.903476,2,470,ac:23:3f:24:d3:60,e2c56db5-dffb-48d2-b060-d0f5a71096e2,-45
2018-06-08 16:34:53.312824,2,471,ac:23:3f:24:d3:60,e2c56db5-dffb-48d2-b060-d0f5a71096e2,-47
2018-06-08 16:34:53.515446,2,472,ac:23:3f:24:d3:60,e2c56db5-dffb-48d2-b060-d0f5a71096e2,-48
2018-06-08 16:34:53.714794,2,473,ac:23:3f:24:d3:60,e2c56db5-dffb-48d2-b060-d0f5a71096e2,-45
2018-06-08 16:34:53.918543,2,474,ac:23:3f:24:d3:60,e2c56db5-dffb-48d2-b060-d0f5a71096e2,-47
2018-06-08 16:34:54.124825,2,475,ac:23:3f:24:d3:60,e2c56db5-dffb-48d2-b060-d0f5a71096e2,-47
2018-06-08 16:34:54.334078,2,476,ac:23:3f:24:d3:60,e2c56db5-dffb-48d2-b060-d0f5a71096e2,-47
2018-06-08 16:34:54.530989,2,477,ac:23:3f:24:d3:60,e2c56db5-dffb-48d2-b060-d0f5a71096e2,-49
2018-06-08 16:34:54.738120,2,478,ac:23:3f:24:d3:60,e2c56db5-dffb-48d2-b060-d0f5a71096e2,-48
2018-06-08 16:34:54.943612,2,479,ac:23:3f:24:d3:60,e2c56db5-dffb-48d2-b060-d0f5a71096e2,-46
2018-06-08 16:34:55.157573,2,480,ac:23:3f:24:d3:60,e2c56db5-dffb-48d2-b060-d0f5a71096e2,-28
2018-06-08 16:34:55.358108,2,481,ac:23:3f:24:d3:60,e2c56db5-dffb-48d2-b060-d0f5a71096e2,-31
2018-06-08 16:34:55.562024,2,482,ac:23:3f:24:d3:60,e2c56db5-dffb-48d2-b060-d0f5a71096e2,-45
2018-06-08 16:34:55.765124,2,483,ac:23:3f:24:d3:60,e2c56db5-dffb-48d2-b060-d0f5a71096e2,-48
2018-06-08 16:34:55.968010,2,484,ac:23:3f:24:d3:60,e2c56db5-dffb-48d2-b060-d0f5a71096e2,-45
2018-06-08 16:34:56.166410,2,485,ac:23:3f:24:d3:60,e2c56db5-dffb-48d2-b060-d0f5a71096e2,-45
2018-06-08 16:34:56.372406,2,486,ac:23:3f:24:d3:60,e2c56db5-dffb-48d2-b060-d0f5a71096e2,-42
2018-06-08 16:34:56.995422,2,487,ac:23:3f:24:d3:60,e2c56db5-dffb-48d2-b060-d0f5a71096e2,-48
2018-06-08 16:34:57.407950,2,488,ac:23:3f:24:d3:60,e2c56db5-dffb-48d2-b060-d0f5a71096e2,-45
2018-06-08 16:34:57.613930,2,489,ac:23:3f:24:d3:60,e2c56db5-dffb-48d2-b060-d0f5a71096e2,-45
2018-06-08 16:34:57.822788,2,490,ac:23:3f:24:d3:60,e2c56db5-dffb-48d2-b060-d0f5a71096e2,-45
2018-06-08 16:34:58.024055,2,491,ac:23:3f:24:d3:60,e2c56db5-dffb-48d2-b060-d0f5a71096e2,-48
2018-06-08 16:34:58.235966,2,492,ac:23:3f:24:d3:60,e2c56db5-dffb-48d2-b060-d0f5a71096e2,-37
2018-06-08 16:34:58.645799,2,493,ac:23:3f:24:d3:60,e2c56db5-dffb-48d2-b060-d0f5a71096e2,-48
2018-06-08 16:34:59.049379,2,494,ac:23:3f:24:d3:60,e2c56db5-dffb-48d2-b060-d0f5a71096e2,-48
2018-06-08 16:34:59.257800,2,495,ac:23:3f:24:d3:60,e2c56db5-dffb-48d2-b060-d0f5a71096e2,-47
2018-06-08 16:34:59.471415,2,496,ac:23:3f:24:d3:60,e2c56db5-dffb-48d2-b060-d0f5a71096e2,-48
2018-06-08 16:34:59.663197,2,497,ac:23:3f:24:d3:60,e2c56db5-dffb-48d2-b060-d0f5a71096e2,-48
2018-06-08 16:35:00.082735,2,498,ac:23:3f:24:d3:60,e2c56db5-dffb-48d2-b060-d0f5a71096e2,-45
2018-06-08 16:35:00.287293,2,499,ac:23:3f:24:d3:60,e2c56db5-dffb-48d2-b060-d0f5a71096e2,-48
2018-06-08 16:35:00.477516,2,500,ac:23:3f:24:d3:60,e2c56db5-dffb-48d2-b060-d0f5a71096e2,-31
2018-06-08 16:35:00.687796,2,501,ac:23:3f:24:d3:60,e2c56db5-dffb-48d2-b060-d0f5a71096e2,-48
2018-06-08 16:35:00.889735,2,502,ac:23:3f:24:d3:60,e2c56db5-dffb-48d2-b060-d0f5a71096e2,-48
2018-06-08 16:35:01.118216,2,503,ac:23:3f:24:d3:60,e2c56db5-dffb-48d2-b060-d0f5a71096e2,-31
2018-06-08 16:35:01.303895,2,504,ac:23:3f:24:d3:60,e2c56db5-dffb-48d2-b060-d0f5a71096e2,-45
2018-06-08 16:35:01.709596,2,505,ac:23:3f:24:d3:60,e2c56db5-dffb-48d2-b060-d0f5a71096e2,-47
2018-06-08 16:35:01.919424,2,506,ac:23:3f:24:d3:60,e2c56db5-dffb-48d2-b060-d0f5a71096e2,-48
2018-06-08 16:35:02.124168,2,507,ac:23:3f:24:d3:60,e2c56db5-dffb-48d2-b060-d0f5a71096e2,-29
2018-06-08 16:35:02.315134,2,508,ac:23:3f:24:d3:60,e2c56db5-dffb-48d2-b060-d0f5a71096e2,-41
2018-06-08 16:35:02.521559,2,509,ac:23:3f:24:d3:60,e2c56db5-dffb-48d2-b060-d0f5a71096e2,-41
2018-06-08 16:35:02.729148,2,510,ac:23:3f:24:d3:60,e2c56db5-dffb-48d2-b060-d0f5a71096e2,-32
2018-06-08 16:35:02.947909,2,511,ac:23:3f:24:d3:60,e2c56db5-dffb-48d2-b060-d0f5a71096e2,-48
2018-06-08 16:35:03.153229,2,512,ac:23:3f:24:d3:60,e2c56db5-dffb-48d2-b060-d0f5a71096e2,-47
2018-06-08 16:35:03.362448,2,513,ac:23:3f:24:d3:60,e2c56db5-dffb-48d2-b060-d0f5a71096e2,-48
2018-06-08 16:35:03.769892,2,514,ac:23:3f:24:d3:60,e2c56db5-dffb-48d2-b060-d0f5a71096e2,-48
2018-06-08 16:35:03.978760,2,515,ac:23:3f:24:d3:60,e2c56db5-dffb-48d2-b060-d0f5a71096e2,-48
2018-06-08 16:35:04.197859,2,516,ac:23:3f:24:d3:60,e2c56db5-dffb-48d2-b060-d0f5a71096e2,-47
2018-06-08 16:35:04.401097,2,517,ac:23:3f:24:d3:60,e2c56db5-dffb-48d2-b060-d0f5a71096e2,-45
2018-06-08 16:35:04.421635,2,518,ac:23:3f:24:d3:60,e2c56db5-dffb-48d2-b060-d0f5a71096e2,-48
2018-06-08 16:35:04.805262,2,519,ac:23:3f:24:d3:60,e2c56db5-dffb-48d2-b060-d0f5a71096e2,-47
2018-06-08 16:35:05.220370,2,520,ac:23:3f:24:d3:60,e2c56db5-dffb-48d2-b060-d0f5a71096e2,-48
2018-06-08 16:35:05.425586,2,521,ac:23:3f:24:d3:60,e2c56db5-dffb-48d2-b060-d0f5a71096e2,-48
2018-06-08 16:35:05.832491,2,522,ac:23:3f:24:d3:60,e2c56db5-dffb-48d2-b060-d0f5a71096e2,-29
2018-06-08 16:35:06.243228,2,523,ac:23:3f:24:d3:60,e2c56db5-dffb-48d2-b060-d0f5a71096e2,-47
2018-06-08 16:35:06.447892,2,524,ac:23:3f:24:d3:60,e2c56db5-dffb-48d2-b060-d0f5a71096e2,-48
2018-06-08 16:35:06.650568,2,525,ac:23:3f:24:d3:60,e2c56db5-dffb-48d2-b060-d0f5a71096e2,-29
2018-06-08 16:35:06.666158,2,526,ac:23:3f:24:d3:60,e2c56db5-dffb-48d2-b060-d0f5a71096e2,-19
2018-06-08 16:35:07.056057,2,527,ac:23:3f:24:d3:60,e2c56db5-dffb-48d2-b060-d0f5a71096e2,-48
2018-06-08 16:35:07.263821,2,528,ac:23:3f:24:d3:60,e2c56db5-dffb-48d2-b060-d0f5a71096e2,-46
2018-06-08 16:35:07.460267,2,529,ac:23:3f:24:d3:60,e2c56db5-dffb-48d2-b060-d0f5a71096e2,-48
2018-06-08 16:35:07.668231,2,530,ac:23:3f:24:d3:60,e2c56db5-dffb-48d2-b060-d0f5a71096e2,-48
2018-06-08 16:35:07.875778,2,531,ac:23:3f:24:d3:60,e2c56db5-dffb-48d2-b060-d0f5a71096e2,-48
2018-06-08 16:35:08.085160,2,532,ac:23:3f:24:d3:60,e2c56db5-dffb-48d2-b060-d0f5a71096e2,-45
2018-06-08 16:35:08.288804,2,533,ac:23:3f:24:d3:60,e2c56db5-dffb-48d2-b060-d0f5a71096e2,-47
2018-06-08 16:35:08.693729,2,534,ac:23:3f:24:d3:60,e2c56db5-dffb-48d2-b060-d0f5a71096e2,-31
2018-06-08 16:35:08.902135,2,535,ac:23:3f:24:d3:60,e2c56db5-dffb-48d2-b060-d0f5a71096e2,-18
2018-06-08 16:35:09.105170,2,536,ac:23:3f:24:d3:60,e2c56db5-dffb-48d2-b060-d0f5a71096e2,-40
2018-06-08 16:35:09.297074,2,537,ac:23:3f:24:d3:60,e2c56db5-dffb-48d2-b060-d0f5a71096e2,-47
2018-06-08 16:35:09.499900,2,538,ac:23:3f:24:d3:60,e2c56db5-dffb-48d2-b060-d0f5a71096e2,-48
2018-06-08 16:35:09.711670,2,539,ac:23:3f:24:d3:60,e2c56db5-dffb-48d2-b060-d0f5a71096e2,-48
2018-06-08 16:35:09.924604,2,540,ac:23:3f:24:d3:60,e2c56db5-dffb-48d2-b060-d0f5a71096e2,-49
2018-06-08 16:35:10.127995,2,541,ac:23:3f:24:d3:60,e2c56db5-dffb-48d2-b060-d0f5a71096e2,-45
2018-06-08 16:35:10.337960,2,542,ac:23:3f:24:d3:60,e2c56db5-dffb-48d2-b060-d0f5a71096e2,-45
2018-06-08 16:35:10.739556,2,543,ac:23:3f:24:d3:60,e2c56db5-dffb-48d2-b060-d0f5a71096e2,-31
2018-06-08 16:35:10.932968,2,544,ac:23:3f:24:d3:60,e2c56db5-dffb-48d2-b060-d0f5a71096e2,-45
2018-06-08 16:35:11.135823,2,545,ac:23:3f:24:d3:60,e2c56db5-dffb-48d2-b060-d0f5a71096e2,-45
2018-06-08 16:35:11.341994,2,546,ac:23:3f:24:d3:60,e2c56db5-dffb-48d2-b060-d0f5a71096e2,-47
2018-06-08 16:35:11.555512,2,547,ac:23:3f:24:d3:60,e2c56db5-dffb-48d2-b060-d0f5a71096e2,-48
2018-06-08 16:35:11.759107,2,548,ac:23:3f:24:d3:60,e2c56db5-dffb-48d2-b060-d0f5a71096e2,-48
2018-06-08 16:35:12.167325,2,549,ac:23:3f:24:d3:60,e2c56db5-dffb-48d2-b060-d0f5a71096e2,-45
2018-06-08 16:35:12.366478,2,550,ac:23:3f:24:d3:60,e2c56db5-dffb-48d2-b060-d0f5a71096e2,-47
2018-06-08 16:35:12.768425,2,551,ac:23:3f:24:d3:60,e2c56db5-dffb-48d2-b060-d0f5a71096e2,-47
2018-06-08 16:35:12.968438,2,552,ac:23:3f:24:d3:60,e2c56db5-dffb-48d2-b060-d0f5a71096e2,-45
2018-06-08 16:35:13.184538,2,553,ac:23:3f:24:d3:60,e2c56db5-dffb-48d2-b060-d0f5a71096e2,-45
2018-06-08 16:35:13.390814,2,554,ac:23:3f:24:d3:60,e2c56db5-dffb-48d2-b060-d0f5a71096e2,-47
2018-06-08 16:35:13.599468,2,555,ac:23:3f:24:d3:60,e2c56db5-dffb-48d2-b060-d0f5a71096e2,-47