timestamp,dataNum,antennaID,beaconID,beaconMac,beaconUUID,beaconRSSI,(office room2.11 no_path_loss)
2018-06-13 12:35:43.325388,50,2,5,ac:23:3f:25:0f:b5,fda50693-a4e2-4fb1-afcf-c6eb07647777,-45
2018-06-13 12:35:43.532229,51,2,5,ac:23:3f:25:0f:b5,fda50693-a4e2-4fb1-afcf-c6eb07647777,-41
2018-06-13 12:35:43.729379,52,2,5,ac:23:3f:25:0f:b5,fda50693-a4e2-4fb1-afcf-c6eb07647777,-45
2018-06-13 12:35:43.936190,53,2,5,ac:23:3f:25:0f:b5,fda50693-a4e2-4fb1-afcf-c6eb07647777,-45
2018-06-13 12:35:44.143935,54,2,5,ac:23:3f:25:0f:b5,fda50693-a4e2-4fb1-afcf-c6eb07647777,-45
2018-06-13 12:35:44.351688,55,2,5,ac:23:3f:25:0f:b5,fda50693-a4e2-4fb1-afcf-c6eb07647777,-46
2018-06-13 12:35:44.552904,56,2,5,ac:23:3f:25:0f:b5,fda50693-a4e2-4fb1-afcf-c6eb07647777,-45
2018-06-13 12:35:44.959787,57,2,5,ac:23:3f:25:0f:b5,fda50693-a4e2-4fb1-afcf-c6eb07647777,-43
2018-06-13 12:35:45.155887,58,2,5,ac:23:3f:25:0f:b5,fda50693-a4e2-4fb1-afcf-c6eb07647777,-46
2018-06-13 12:35:45.364018,59,2,5,ac:23:3f:25:0f:b5,fda50693-a4e2-4fb1-afcf-c6eb07647777,-46
2018-06-13 12:35:45.564178,60,2,5,ac:23:3f:25:0f:b5,fda50693-a4e2-4fb1-afcf-c6eb07647777,-47
2018-06-13 12:35:45.782650,61,2,5,ac:23:3f:25:0f:b5,fda50693-a4e2-4fb1-afcf-c6eb07647777,-45
2018-06-13 12:35:45.991380,62,2,5,ac:23:3f:25:0f:b5,fda50693-a4e2-4fb1-afcf-c6eb07647777,-28
2018-06-13 12:35:46.589497,63,2,5,ac:23:3f:25:0f:b5,fda50693-a4e2-4fb1-afcf-c6eb07647777,-45
2018-06-13 12:35:46.792779,64,2,5,ac:23:3f:25:0f:b5,fda50693-a4e2-4fb1-afcf-c6eb07647777,-43
2018-06-13 12:35:46.999034,65,2,5,ac:23:3f:25:0f:b5,fda50693-a4e2-4fb1-afcf-c6eb07647777,-45
2018-06-13 12:35:47.199455,66,2,5,ac:23:3f:25:0f:b5,fda50693-a4e2-4fb1-afcf-c6eb07647777,-46
2018-06-13 12:35:47.394073,67,2,5,ac:23:3f:25:0f:b5,fda50693-a4e2-4fb1-afcf-c6eb07647777,-45
2018-06-13 12:35:47.597614,68,2,5,ac:23:3f:25:0f:b5,fda50693-a4e2-4fb1-afcf-c6eb07647777,-45
2018-06-13 12:35:47.802311,69,2,5,ac:23:3f:25:0f:b5,fda50693-a4e2-4fb1-afcf-c6eb07647777,-45
2018-06-13 12:35:48.221471,70,2,5,ac:23:3f:25:0f:b5,fda50693-a4e2-4fb1-afcf-c6eb07647777,-30
2018-06-13 12:35:48.428429,71,2,5,ac:23:3f:25:0f:b5,fda50693-a4e2-4fb1-afcf-c6eb07647777,-32
2018-06-13 12:35:48.628682,72,2,5,ac:23:3f:25:0f:b5,fda50693-a4e2-4fb1-afcf-c6eb07647777,-45
2018-06-13 12:35:48.831655,73,2,5,ac:23:3f:25:0f:b5,fda50693-a4e2-4fb1-afcf-c6eb07647777,-43
2018-06-13 12:35:49.032278,74,2,5,ac:23:3f:25:0f:b5,fda50693-a4e2-4fb1-afcf-c6eb07647777,-44
2018-06-13 12:35:49.242226,75,2,5,ac:23:3f:25:0f:b5,fda50693-a4e2-4fb1-afcf-c6eb07647777,-44
2018-06-13 12:35:49.440551,76,2,5,ac:23:3f:25:0f:b5,fda50693-a4e2-4fb1-afcf-c6eb07647777,-46
2018-06-13 12:35:49.644079,77,2,5,ac:23:3f:25:0f:b5,fda50693-a4e2-4fb1-afcf-c6eb07647777,-28
2018-06-13 12:35:49.845346,78,2,5,ac:23:3f:25:0f:b5,fda50693-a4e2-4fb1-afcf-c6eb07647777,-46
2018-06-13 12:35:50.055477,79,2,5,ac:23:3f:25:0f:b5,fda50693-a4e2-4fb1-afcf-c6eb07647777,-30
2018-06-13 12:35:50.259751,80,2,5,ac:23:3f:25:0f:b5,fda50693-a4e2-4fb1-afcf-c6eb07647777,-44
2018-06-13 12:35:50.460726,81,2,5,ac:23:3f:25:0f:b5,fda50693-a4e2-4fb1-afcf-c6eb07647777,-45
2018-06-13 12:35:50.871986,82,2,5,ac:23:3f:25:0f:b5,fda50693-a4e2-4fb1-afcf-c6eb07647777,-45
2018-06-13 12:35:51.078684,83,2,5,ac:23:3f:25:0f:b5,fda50693-a4e2-4fb1-afcf-c6eb07647777,-44
2018-06-13 12:35:51.284806,84,2,5,ac:23:3f:25:0f:b5,fda50693-a4e2-4fb1-afcf-c6eb07647777,-43
2018-06-13 12:35:51.491060,85,2,5,ac:23:3f:25:0f:b5,fda50693-a4e2-4fb1-afcf-c6eb07647777,-47
2018-06-13 12:35:51.692930,86,2,5,ac:23:3f:25:0f:b5,fda50693-a4e2-4fb1-afcf-c6eb07647777,-45
2018-06-13 12:35:51.899821,87,2,5,ac:23:3f:25:0f:b5,fda50693-a4e2-4fb1-afcf-c6eb07647777,-45
2018-06-13 12:35:52.108841,88,2,5,ac:23:3f:25:0f:b5,fda50693-a4e2-4fb1-afcf-c6eb07647777,-46
2018-06-13 12:35:52.307295,89,2,5,ac:23:3f:25:0f:b5,fda50693-a4e2-4fb1-afcf-c6eb07647777,-45
2018-06-13 12:35:52.515315,90,2,5,ac:23:3f:25:0f:b5,fda50693-a4e2-4fb1-afcf-c6eb07647777,-42
2018-06-13 12:35:52.718147,91,2,5,ac:23:3f:25:0f:b5,fda50693-a4e2-4fb1-afcf-c6eb07647777,-46
2018-06-13 12:35:52.932463,92,2,5,ac:23:3f:25:0f:b5,fda50693-a4e2-4fb1-afcf-c6eb07647777,-46
2018-06-13 12:35:53.139085,93,2,5,ac:23:3f:25:0f:b5,fda50693-a4e2-4fb1-afcf-c6eb07647777,-46
2018-06-13 12:35:53.340319,94,2,5,ac:23:3f:25:0f:b5,fda50693-a4e2-4fb1-afcf-c6eb07647777,-45
2018-06-13 12:35:53.548328,95,2,5,ac:23:3f:25:0f:b5,fda50693-a4e2-4fb1-afcf-c6eb07647777,-42
2018-06-13 12:35:53.752441,96,2,5,ac:23:3f:25:0f:b5,fda50693-a4e2-4fb1-afcf-c6eb07647777,-42
2018-06-13 12:35:53.958867,97,2,5,ac:23:3f:25:0f:b5,fda50693-a4e2-4fb1-afcf-c6eb07647777,-42
2018-06-13 12:35:54.161151,98,2,5,ac:23:3f:25:0f:b5,fda50693-a4e2-4fb1-afcf-c6eb07647777,-30
2018-06-13 12:35:54.370857,99,2,5,ac:23:3f:25:0f:b5,fda50693-a4e2-4fb1-afcf-c6eb07647777,-46
2018-06-13 12:35:54.569588,100,2,5,ac:23:3f:25:0f:b5,fda50693-a4e2-4fb1-afcf-c6eb07647777,-45
2018-06-13 12:35:54.772944,101,2,5,ac:23:3f:25:0f:b5,fda50693-a4e2-4fb1-afcf-c6eb07647777,-48
2018-06-13 12:35:54.980636,102,2,5,ac:23:3f:25:0f:b5,fda50693-a4e2-4fb1-afcf-c6eb07647777,-45
2018-06-13 12:35:55.187673,103,2,5,ac:23:3f:25:0f:b5,fda50693-a4e2-4fb1-afcf-c6eb07647777,-42
2018-06-13 12:35:55.597282,104,2,5,ac:23:3f:25:0f:b5,fda50693-a4e2-4fb1-afcf-c6eb07647777,-45
2018-06-13 12:35:56.011505,105,2,5,ac:23:3f:25:0f:b5,fda50693-a4e2-4fb1-afcf-c6eb07647777,-45
2018-06-13 12:35:56.214524,106,2,5,ac:23:3f:25:0f:b5,fda50693-a4e2-4fb1-afcf-c6eb07647777,-42
2018-06-13 12:35:56.423650,107,2,5,ac:23:3f:25:0f:b5,fda50693-a4e2-4fb1-afcf-c6eb07647777,-29
2018-06-13 12:35:56.838167,108,2,5,ac:23:3f:25:0f:b5,fda50693-a4e2-4fb1-afcf-c6eb07647777,-42
2018-06-13 12:35:57.038050,109,2,5,ac:23:3f:25:0f:b5,fda50693-a4e2-4fb1-afcf-c6eb07647777,-45
2018-06-13 12:35:57.242714,110,2,5,ac:23:3f:25:0f:b5,fda50693-a4e2-4fb1-afcf-c6eb07647777,-45
2018-06-13 12:35:57.451873,111,2,5,ac:23:3f:25:0f:b5,fda50693-a4e2-4fb1-afcf-c6eb07647777,-45
2018-06-13 12:35:57.655825,112,2,5,ac:23:3f:25:0f:b5,fda50693-a4e2-4fb1-afcf-c6eb07647777,-28
2018-06-13 12:35:57.863562,113,2,5,ac:23:3f:25:0f:b5,fda50693-a4e2-4fb1-afcf-c6eb07647777,-42
2018-06-13 12:35:58.056482,114,2,5,ac:23:3f:25:0f:b5,fda50693-a4e2-4fb1-afcf-c6eb07647777,-46
2018-06-13 12:35:58.257741,115,2,5,ac:23:3f:25:0f:b5,fda50693-a4e2-4fb1-afcf-c6eb07647777,-32
2018-06-13 12:35:58.462205,116,2,5,ac:23:3f:25:0f:b5,fda50693-a4e2-4fb1-afcf-c6eb07647777,-46
2018-06-13 12:35:58.674857,117,2,5,ac:23:3f:25:0f:b5,fda50693-a4e2-4fb1-afcf-c6eb07647777,-28
2018-06-13 12:35:58.874996,118,2,5,ac:23:3f:25:0f:b5,fda50693-a4e2-4fb1-afcf-c6eb07647777,-46
2018-06-13 12:35:59.081762,119,2,5,ac:23:3f:25:0f:b5,fda50693-a4e2-4fb1-afcf-c6eb07647777,-44
2018-06-13 12:35:59.288556,120,2,5,ac:23:3f:25:0f:b5,fda50693-a4e2-4fb1-afcf-c6eb07647777,-44
2018-06-13 12:35:59.488344,121,2,5,ac:23:3f:25:0f:b5,fda50693-a4e2-4fb1-afcf-c6eb07647777,-45
2018-06-13 12:35:59.692290,122,2,5,ac:23:3f:25:0f:b5,fda50693-a4e2-4fb1-afcf-c6eb07647777,-43
2018-06-13 12:35:59.892233,123,2,5,ac:23:3f:25:0f:b5,fda50693-a4e2-4fb1-afcf-c6eb07647777,-44
2018-06-13 12:36:00.098409,124,2,5,ac:23:3f:25:0f:b5,fda50693-a4e2-4fb1-afcf-c6eb07647777,-46
2018-06-13 12:36:00.307940,125,2,5,ac:23:3f:25:0f:b5,fda50693-a4e2-4fb1-afcf-c6eb07647777,-44
2018-06-13 12:36:00.509390,126,2,5,ac:23:3f:25:0f:b5,fda50693-a4e2-4fb1-afcf-c6eb07647777,-45
2018-06-13 12:36:00.719689,127,2,5,ac:23:3f:25:0f:b5,fda50693-a4e2-4fb1-afcf-c6eb07647777,-45
2018-06-13 12:36:00.928498,128,2,5,ac:23:3f:25:0f:b5,fda50693-a4e2-4fb1-afcf-c6eb07647777,-46
2018-06-13 12:36:01.340012,129,2,5,ac:23:3f:25:0f:b5,fda50693-a4e2-4fb1-afcf-c6eb07647777,-28
2018-06-13 12:36:01.539454,130,2,5,ac:23:3f:25:0f:b5,fda50693-a4e2-4fb1-afcf-c6eb07647777,-46
2018-06-13 12:36:01.739588,131,2,5,ac:23:3f:25:0f:b5,fda50693-a4e2-4fb1-afcf-c6eb07647777,-47
2018-06-13 12:36:01.948979,132,2,5,ac:23:3f:25:0f:b5,fda50693-a4e2-4fb1-afcf-c6eb07647777,-46
2018-06-13 12:36:02.154942,133,2,5,ac:23:3f:25:0f:b5,fda50693-a4e2-4fb1-afcf-c6eb07647777,-43
2018-06-13 12:36:02.359700,134,2,5,ac:23:3f:25:0f:b5,fda50693-a4e2-4fb1-afcf-c6eb07647777,-45
2018-06-13 12:36:02.561439,135,2,5,ac:23:3f:25:0f:b5,fda50693-a4e2-4fb1-afcf-c6eb07647777,-44
2018-06-13 12:36:02.761153,136,2,5,ac:23:3f:25:0f:b5,fda50693-a4e2-4fb1-afcf-c6eb07647777,-45
2018-06-13 12:36:02.970012,137,2,5,ac:23:3f:25:0f:b5,fda50693-a4e2-4fb1-afcf-c6eb07647777,-46
2018-06-13 12:36:03.175354,138,2,5,ac:23:3f:25:0f:b5,fda50693-a4e2-4fb1-afcf-c6eb07647777,-42
2018-06-13 12:36:03.386259,139,2,5,ac:23:3f:25:0f:b5,fda50693-a4e2-4fb1-afcf-c6eb07647777,-28
2018-06-13 12:36:03.588255,140,2,5,ac:23:3f:25:0f:b5,fda50693-a4e2-4fb1-afcf-c6eb07647777,-43
2018-06-13 12:36:03.793548,141,2,5,ac:23:3f:25:0f:b5,fda50693-a4e2-4fb1-afcf-c6eb07647777,-46
2018-06-13 12:36:04.199245,142,2,5,ac:23:3f:25:0f:b5,fda50693-a4e2-4fb1-afcf-c6eb07647777,-48
2018-06-13 12:36:04.402140,143,2,5,ac:23:3f:25:0f:b5,fda50693-a4e2-4fb1-afcf-c6eb07647777,-43
2018-06-13 12:36:04.611134,144,2,5,ac:23:3f:25:0f:b5,fda50693-a4e2-4fb1-afcf-c6eb07647777,-45
2018-06-13 12:36:04.821091,145,2,5,ac:23:3f:25:0f:b5,fda50693-a4e2-4fb1-afcf-c6eb07647777,-28
2018-06-13 12:36:05.029801,146,2,5,ac:23:3f:25:0f:b5,fda50693-a4e2-4fb1-afcf-c6eb07647777,-43
2018-06-13 12:36:05.226567,147,2,5,ac:23:3f:25:0f:b5,fda50693-a4e2-4fb1-afcf-c6eb07647777,-46
2018-06-13 12:36:05.434526,148,2,5,ac:23:3f:25:0f:b5,fda50693-a4e2-4fb1-afcf-c6eb07647777,-46
2018-06-13 12:36:05.636359,149,2,5,ac:23:3f:25:0f:b5,fda50693-a4e2-4fb1-afcf-c6eb07647777,-38
2018-06-13 12:36:05.849696,150,2,5,ac:23:3f:25:0f:b5,fda50693-a4e2-4fb1-afcf-c6eb07647777,-46
2018-06-13 12:36:06.265391,151,2,5,ac:23:3f:25:0f:b5,fda50693-a4e2-4fb1-afcf-c6eb07647777,-42
2018-06-13 12:36:06.472474,152,2,5,ac:23:3f:25:0f:b5,fda50693-a4e2-4fb1-afcf-c6eb07647777,-42
2018-06-13 12:36:06.676772,153,2,5,ac:23:3f:25:0f:b5,fda50693-a4e2-4fb1-afcf-c6eb07647777,-46
2018-06-13 12:36:06.882188,154,2,5,ac:23:3f:25:0f:b5,fda50693-a4e2-4fb1-afcf-c6eb07647777,-46
2018-06-13 12:36:07.098419,155,2,5,ac:23:3f:25:0f:b5,fda50693-a4e2-4fb1-afcf-c6eb07647777,-30
2018-06-13 12:36:07.297467,156,2,5,ac:23:3f:25:0f:b5,fda50693-a4e2-4fb1-afcf-c6eb07647777,-47
2018-06-13 12:36:07.499134,157,2,5,ac:23:3f:25:0f:b5,fda50693-a4e2-4fb1-afcf-c6eb07647777,-46
2018-06-13 12:36:07.714584,158,2,5,ac:23:3f:25:0f:b5,fda50693-a4e2-4fb1-afcf-c6eb07647777,-28
2018-06-13 12:36:08.110734,159,2,5,ac:23:3f:25:0f:b5,fda50693-a4e2-4fb1-afcf-c6eb07647777,-44
2018-06-13 12:36:08.326813,160,2,5,ac:23:3f:25:0f:b5,fda50693-a4e2-4fb1-afcf-c6eb07647777,-45
2018-06-13 12:36:08.535207,161,2,5,ac:23:3f:25:0f:b5,fda50693-a4e2-4fb1-afcf-c6eb07647777,-47
2018-06-13 12:36:09.144758,162,2,5,ac:23:3f:25:0f:b5,fda50693-a4e2-4fb1-afcf-c6eb07647777,-42
2018-06-13 12:36:09.538418,163,2,5,ac:23:3f:25:0f:b5,fda50693-a4e2-4fb1-afcf-c6eb07647777,-46
2018-06-13 12:36:09.955334,164,2,5,ac:23:3f:25:0f:b5,fda50693-a4e2-4fb1-afcf-c6eb07647777,-42
2018-06-13 12:36:10.158536,165,2,5,ac:23:3f:25:0f:b5,fda50693-a4e2-4fb1-afcf-c6eb07647777,-45
2018-06-13 12:36:10.366068,166,2,5,ac:23:3f:25:0f:b5,fda50693-a4e2-4fb1-afcf-c6eb07647777,-46
2018-06-13 12:36:10.570099,167,2,5,ac:23:3f:25:0f:b5,fda50693-a4e2-4fb1-afcf-c6eb07647777,-46
2018-06-13 12:36:10.769733,168,2,5,ac:23:3f:25:0f:b5,fda50693-a4e2-4fb1-afcf-c6eb07647777,-45
2018-06-13 12:36:11.185138,169,2,5,ac:23:3f:25:0f:b5,fda50693-a4e2-4fb1-afcf-c6eb07647777,-42
2018-06-13 12:36:11.388970,170,2,5,ac:23:3f:25:0f:b5,fda50693-a4e2-4fb1-afcf-c6eb07647777,-45
2018-06-13 12:36:11.593002,171,2,5,ac:23:3f:25:0f:b5,fda50693-a4e2-4fb1-afcf-c6eb07647777,-46
2018-06-13 12:36:11.792976,172,2,5,ac:23:3f:25:0f:b5,fda50693-a4e2-4fb1-afcf-c6eb07647777,-45
2018-06-13 12:36:12.209531,173,2,5,ac:23:3f:25:0f:b5,fda50693-a4e2-4fb1-afcf-c6eb07647777,-46
2018-06-13 12:36:12.416550,174,2,5,ac:23:3f:25:0f:b5,fda50693-a4e2-4fb1-afcf-c6eb07647777,-28
2018-06-13 12:36:12.614761,175,2,5,ac:23:3f:25:0f:b5,fda50693-a4e2-4fb1-afcf-c6eb07647777,-45
2018-06-13 12:36:12.815870,176,2,5,ac:23:3f:25:0f:b5,fda50693-a4e2-4fb1-afcf-c6eb07647777,-31
2018-06-13 12:36:13.227785,177,2,5,ac:23:3f:25:0f:b5,fda50693-a4e2-4fb1-afcf-c6eb07647777,-45
2018-06-13 12:36:13.426399,178,2,5,ac:23:3f:25:0f:b5,fda50693-a4e2-4fb1-afcf-c6eb07647777,-45
2018-06-13 12:36:13.632516,179,2,5,ac:23:3f:25:0f:b5,fda50693-a4e2-4fb1-afcf-c6eb07647777,-43
2018-06-13 12:36:13.833798,180,2,5,ac:23:3f:25:0f:b5,fda50693-a4e2-4fb1-afcf-c6eb07647777,-46
2018-06-13 12:36:14.049149,181,2,5,ac:23:3f:25:0f:b5,fda50693-a4e2-4fb1-afcf-c6eb07647777,-46
2018-06-13 12:36:14.249889,182,2,5,ac:23:3f:25:0f:b5,fda50693-a4e2-4fb1-afcf-c6eb07647777,-45
2018-06-13 12:36:14.446196,183,2,5,ac:23:3f:25:0f:b5,fda50693-a4e2-4fb1-afcf-c6eb07647777,-45
2018-06-13 12:36:14.852666,184,2,5,ac:23:3f:25:0f:b5,fda50693-a4e2-4fb1-afcf-c6eb07647777,-47
2018-06-13 12:36:15.068905,185,2,5,ac:23:3f:25:0f:b5,fda50693-a4e2-4fb1-afcf-c6eb07647777,-46
2018-06-13 12:36:15.278784,186,2,5,ac:23:3f:25:0f:b5,fda50693-a4e2-4fb1-afcf-c6eb07647777,-45
2018-06-13 12:36:15.486117,187,2,5,ac:23:3f:25:0f:b5,fda50693-a4e2-4fb1-afcf-c6eb07647777,-45
2018-06-13 12:36:15.892759,188,2,5,ac:23:3f:25:0f:b5,fda50693-a4e2-4fb1-afcf-c6eb07647777,-42
2018-06-13 12:36:16.099119,189,2,5,ac:23:3f:25:0f:b5,fda50693-a4e2-4fb1-afcf-c6eb07647777,-28
2018-06-13 12:36:16.302221,190,2,5,ac:23:3f:25:0f:b5,fda50693-a4e2-4fb1-afcf-c6eb07647777,-45
2018-06-13 12:36:16.509594,191,2,5,ac:23:3f:25:0f:b5,fda50693-a4e2-4fb1-afcf-c6eb07647777,-47
2018-06-13 12:36:16.713330,192,2,5,ac:23:3f:25:0f:b5,fda50693-a4e2-4fb1-afcf-c6eb07647777,-46
2018-06-13 12:36:16.912536,193,2,5,ac:23:3f:25:0f:b5,fda50693-a4e2-4fb1-afcf-c6eb07647777,-42
2018-06-13 12:36:17.115654,194,2,5,ac:23:3f:25:0f:b5,fda50693-a4e2-4fb1-afcf-c6eb07647777,-46
2018-06-13 12:36:17.318594,195,2,5,ac:23:3f:25:0f:b5,fda50693-a4e2-4fb1-afcf-c6eb07647777,-46
2018-06-13 12:36:17.529124,196,2,5,ac:23:3f:25:0f:b5,fda50693-a4e2-4fb1-afcf-c6eb07647777,-46
2018-06-13 12:36:17.733107,197,2,5,ac:23:3f:25:0f:b5,fda50693-a4e2-4fb1-afcf-c6eb07647777,-47
2018-06-13 12:36:18.143826,198,2,5,ac:23:3f:25:0f:b5,fda50693-a4e2-4fb1-afcf-c6eb07647777,-42
2018-06-13 12:36:18.547862,199,2,5,ac:23:3f:25:0f:b5,fda50693-a4e2-4fb1-afcf-c6eb07647777,-30
2018-06-13 12:36:18.754070,200,2,5,ac:23:3f:25:0f:b5,fda50693-a4e2-4fb1-afcf-c6eb07647777,-32
2018-06-13 12:36:19.375269,201,2,5,ac:23:3f:25:0f:b5,fda50693-a4e2-4fb1-afcf-c6eb07647777,-44
2018-06-13 12:36:19.584283,202,2,5,ac:23:3f:25:0f:b5,fda50693-a4e2-4fb1-afcf-c6eb07647777,-42
2018-06-13 12:36:19.789412,203,2,5,ac:23:3f:25:0f:b5,fda50693-a4e2-4fb1-afcf-c6eb07647777,-42
2018-06-13 12:36:19.990555,204,2,5,ac:23:3f:25:0f:b5,fda50693-a4e2-4fb1-afcf-c6eb07647777,-46
2018-06-13 12:36:20.607466,205,2,5,ac:23:3f:25:0f:b5,fda50693-a4e2-4fb1-afcf-c6eb07647777,-46
2018-06-13 12:36:21.022059,206,2,5,ac:23:3f:25:0f:b5,fda50693-a4e2-4fb1-afcf-c6eb07647777,-42
2018-06-13 12:36:21.231048,207,2,5,ac:23:3f:25:0f:b5,fda50693-a4e2-4fb1-afcf-c6eb07647777,-42
2018-06-13 12:36:21.440771,208,2,5,ac:23:3f:25:0f:b5,fda50693-a4e2-4fb1-afcf-c6eb07647777,-42
2018-06-13 12:36:21.643572,209,2,5,ac:23:3f:25:0f:b5,fda50693-a4e2-4fb1-afcf-c6eb07647777,-45
2018-06-13 12:36:21.842719,210,2,5,ac:23:3f:25:0f:b5,fda50693-a4e2-4fb1-afcf-c6eb07647777,-47
2018-06-13 12:36:22.249732,211,2,5,ac:23:3f:25:0f:b5,fda50693-a4e2-4fb1-afcf-c6eb07647777,-42
2018-06-13 12:36:22.455006,212,2,5,ac:23:3f:25:0f:b5,fda50693-a4e2-4fb1-afcf-c6eb07647777,-46
2018-06-13 12:36:22.661175,213,2,5,ac:23:3f:25:0f:b5,fda50693-a4e2-4fb1-afcf-c6eb07647777,-46
2018-06-13 12:36:22.861036,214,2,5,ac:23:3f:25:0f:b5,fda50693-a4e2-4fb1-afcf-c6eb07647777,-41
2018-06-13 12:36:23.064932,215,2,5,ac:23:3f:25:0f:b5,fda50693-a4e2-4fb1-afcf-c6eb07647777,-45
2018-06-13 12:36:23.264665,216,2,5,ac:23:3f:25:0f:b5,fda50693-a4e2-4fb1-afcf-c6eb07647777,-46
2018-06-13 12:36:23.465096,217,2,5,ac:23:3f:25:0f:b5,fda50693-a4e2-4fb1-afcf-c6eb07647777,-45
2018-06-13 12:36:23.678209,218,2,5,ac:23:3f:25:0f:b5,fda50693-a4e2-4fb1-afcf-c6eb07647777,-45
2018-06-13 12:36:23.881343,219,2,5,ac:23:3f:25:0f:b5,fda50693-a4e2-4fb1-afcf-c6eb07647777,-32
2018-06-13 12:36:24.088602,220,2,5,ac:23:3f:25:0f:b5,fda50693-a4e2-4fb1-afcf-c6eb07647777,-45
2018-06-13 12:36:24.294482,221,2,5,ac:23:3f:25:0f:b5,fda50693-a4e2-4fb1-afcf-c6eb07647777,-45
2018-06-13 12:36:24.503702,222,2,5,ac:23:3f:25:0f:b5,fda50693-a4e2-4fb1-afcf-c6eb07647777,-44
2018-06-13 12:36:24.708875,223,2,5,ac:23:3f:25:0f:b5,fda50693-a4e2-4fb1-afcf-c6eb07647777,-46
2018-06-13 12:36:24.915078,224,2,5,ac:23:3f:25:0f:b5,fda50693-a4e2-4fb1-afcf-c6eb07647777,-46
2018-06-13 12:36:25.122086,225,2,5,ac:23:3f:25:0f:b5,fda50693-a4e2-4fb1-afcf-c6eb07647777,-46
2018-06-13 12:36:25.328970,226,2,5,ac:23:3f:25:0f:b5,fda50693-a4e2-4fb1-afcf-c6eb07647777,-46
2018-06-13 12:36:25.531683,227,2,5,ac:23:3f:25:0f:b5,fda50693-a4e2-4fb1-afcf-c6eb07647777,-45
2018-06-13 12:36:25.740907,228,2,5,ac:23:3f:25:0f:b5,fda50693-a4e2-4fb1-afcf-c6eb07647777,-45
2018-06-13 12:36:25.950490,229,2,5,ac:23:3f:25:0f:b5,fda50693-a4e2-4fb1-afcf-c6eb07647777,-45
2018-06-13 12:36:26.153767,230,2,5,ac:23:3f:25:0f:b5,fda50693-a4e2-4fb1-afcf-c6eb07647777,-43
2018-06-13 12:36:26.357809,231,2,5,ac:23:3f:25:0f:b5,fda50693-a4e2-4fb1-afcf-c6eb07647777,-28
2018-06-13 12:36:26.559790,232,2,5,ac:23:3f:25:0f:b5,fda50693-a4e2-4fb1-afcf-c6eb07647777,-46
2018-06-13 12:36:26.764552,233,2,5,ac:23:3f:25:0f:b5,fda50693-a4e2-4fb1-afcf-c6eb07647777,-45
2018-06-13 12:36:27.178308,234,2,5,ac:23:3f:25:0f:b5,fda50693-a4e2-4fb1-afcf-c6eb07647777,-45
2018-06-13 12:36:27.588614,235,2,5,ac:23:3f:25:0f:b5,fda50693-a4e2-4fb1-afcf-c6eb07647777,-43
2018-06-13 12:36:27.787605,236,2,5,ac:23:3f:25:0f:b5,fda50693-a4e2-4fb1-afcf-c6eb07647777,-46
2018-06-13 12:36:27.987994,237,2,5,ac:23:3f:25:0f:b5,fda50693-a4e2-4fb1-afcf-c6eb07647777,-46
2018-06-13 12:36:28.193472,238,2,5,ac:23:3f:25:0f:b5,fda50693-a4e2-4fb1-afcf-c6eb07647777,-46
2018-06-13 12:36:28.412611,239,2,5,ac:23:3f:25:0f:b5,fda50693-a4e2-4fb1-afcf-c6eb07647777,-45
2018-06-13 12:36:28.618406,240,2,5,ac:23:3f:25:0f:b5,fda50693-a4e2-4fb1-afcf-c6eb07647777,-46
2018-06-13 12:36:29.248111,241,2,5,ac:23:3f:25:0f:b5,fda50693-a4e2-4fb1-afcf-c6eb07647777,-46
2018-06-13 12:36:29.451907,242,2,5,ac:23:3f:25:0f:b5,fda50693-a4e2-4fb1-afcf-c6eb07647777,-28
2018-06-13 12:36:29.654742,243,2,5,ac:23:3f:25:0f:b5,fda50693-a4e2-4fb1-afcf-c6eb07647777,-46
2018-06-13 12:36:30.061125,244,2,5,ac:23:3f:25:0f:b5,fda50693-a4e2-4fb1-afcf-c6eb07647777,-45
2018-06-13 12:36:30.473198,245,2,5,ac:23:3f:25:0f:b5,fda50693-a4e2-4fb1-afcf-c6eb07647777,-43
2018-06-13 12:36:30.678404,246,2,5,ac:23:3f:25:0f:b5,fda50693-a4e2-4fb1-afcf-c6eb07647777,-28
2018-06-13 12:36:30.883532,247,2,5,ac:23:3f:25:0f:b5,fda50693-a4e2-4fb1-afcf-c6eb07647777,-43
2018-06-13 12:36:31.088258,248,2,5,ac:23:3f:25:0f:b5,fda50693-a4e2-4fb1-afcf-c6eb07647777,-41
2018-06-13 12:36:31.281483,249,2,5,ac:23:3f:25:0f:b5,fda50693-a4e2-4fb1-afcf-c6eb07647777,-45
2018-06-13 12:36:31.484908,250,2,5,ac:23:3f:25:0f:b5,fda50693-a4e2-4fb1-afcf-c6eb07647777,-29
2018-06-13 12:36:31.900407,251,2,5,ac:23:3f:25:0f:b5,fda50693-a4e2-4fb1-afcf-c6eb07647777,-46
2018-06-13 12:36:32.105053,252,2,5,ac:23:3f:25:0f:b5,fda50693-a4e2-4fb1-afcf-c6eb07647777,-45
2018-06-13 12:36:32.314509,253,2,5,ac:23:3f:25:0f:b5,fda50693-a4e2-4fb1-afcf-c6eb07647777,-40
2018-06-13 12:36:32.524536,254,2,5,ac:23:3f:25:0f:b5,fda50693-a4e2-4fb1-afcf-c6eb07647777,-45
2018-06-13 12:36:32.732615,255,2,5,ac:23:3f:25:0f:b5,fda50693-a4e2-4fb1-afcf-c6eb07647777,-45
2018-06-13 12:36:33.141841,256,2,5,ac:23:3f:25:0f:b5,fda50693-a4e2-4fb1-afcf-c6eb07647777,-43
2018-06-13 12:36:33.355609,257,2,5,ac:23:3f:25:0f:b5,fda50693-a4e2-4fb1-afcf-c6eb07647777,-43
2018-06-13 12:36:33.768957,258,2,5,ac:23:3f:25:0f:b5,fda50693-a4e2-4fb1-afcf-c6eb07647777,-30
2018-06-13 12:36:34.385936,259,2,5,ac:23:3f:25:0f:b5,fda50693-a4e2-4fb1-afcf-c6eb07647777,-45
2018-06-13 12:36:34.792378,260,2,5,ac:23:3f:25:0f:b5,fda50693-a4e2-4fb1-afcf-c6eb07647777,-46
2018-06-13 12:36:34.992722,261,2,5,ac:23:3f:25:0f:b5,fda50693-a4e2-4fb1-afcf-c6eb07647777,-46
2018-06-13 12:36:35.398742,262,2,5,ac:23:3f:25:0f:b5,fda50693-a4e2-4fb1-afcf-c6eb07647777,-45
2018-06-13 12:36:35.603362,263,2,5,ac:23:3f:25:0f:b5,fda50693-a4e2-4fb1-afcf-c6eb07647777,-29
2018-06-13 12:36:35.808505,264,2,5,ac:23:3f:25:0f:b5,fda50693-a4e2-4fb1-afcf-c6eb07647777,-46
2018-06-13 12:36:36.006354,265,2,5,ac:23:3f:25:0f:b5,fda50693-a4e2-4fb1-afcf-c6eb07647777,-46
2018-06-13 12:36:36.208388,266,2,5,ac:23:3f:25:0f:b5,fda50693-a4e2-4fb1-afcf-c6eb07647777,-45
2018-06-13 12:36:36.413784,267,2,5,ac:23:3f:25:0f:b5,fda50693-a4e2-4fb1-afcf-c6eb07647777,-32
2018-06-13 12:36:36.843150,268,2,5,ac:23:3f:25:0f:b5,fda50693-a4e2-4fb1-afcf-c6eb07647777,-43
2018-06-13 12:36:37.027151,269,2,5,ac:23:3f:25:0f:b5,fda50693-a4e2-4fb1-afcf-c6eb07647777,-46
2018-06-13 12:36:37.227217,270,2,5,ac:23:3f:25:0f:b5,fda50693-a4e2-4fb1-afcf-c6eb07647777,-46
2018-06-13 12:36:37.643285,271,2,5,ac:23:3f:25:0f:b5,fda50693-a4e2-4fb1-afcf-c6eb07647777,-45
2018-06-13 12:36:37.845947,272,2,5,ac:23:3f:25:0f:b5,fda50693-a4e2-4fb1-afcf-c6eb07647777,-46
2018-06-13 12:36:38.045941,273,2,5,ac:23:3f:25:0f:b5,fda50693-a4e2-4fb1-afcf-c6eb07647777,-46
2018-06-13 12:36:38.257900,274,2,5,ac:23:3f:25:0f:b5,fda50693-a4e2-4fb1-afcf-c6eb07647777,-47
2018-06-13 12:36:38.455930,275,2,5,ac:23:3f:25:0f:b5,fda50693-a4e2-4fb1-afcf-c6eb07647777,-45
2018-06-13 12:36:38.656640,276,2,5,ac:23:3f:25:0f:b5,fda50693-a4e2-4fb1-afcf-c6eb07647777,-45
2018-06-13 12:36:39.072724,277,2,5,ac:23:3f:25:0f:b5,fda50693-a4e2-4fb1-afcf-c6eb07647777,-30
2018-06-13 12:36:39.268651,278,2,5,ac:23:3f:25:0f:b5,fda50693-a4e2-4fb1-afcf-c6eb07647777,-45
2018-06-13 12:36:39.476214,279,2,5,ac:23:3f:25:0f:b5,fda50693-a4e2-4fb1-afcf-c6eb07647777,-29
2018-06-13 12:36:39.675676,280,2,5,ac:23:3f:25:0f:b5,fda50693-a4e2-4fb1-afcf-c6eb07647777,-46
2018-06-13 12:36:39.881445,281,2,5,ac:23:3f:25:0f:b5,fda50693-a4e2-4fb1-afcf-c6eb07647777,-46
2018-06-13 12:36:40.084353,282,2,5,ac:23:3f:25:0f:b5,fda50693-a4e2-4fb1-afcf-c6eb07647777,-48
2018-06-13 12:36:40.292008,283,2,5,ac:23:3f:25:0f:b5,fda50693-a4e2-4fb1-afcf-c6eb07647777,-34
2018-06-13 12:36:40.706256,284,2,5,ac:23:3f:25:0f:b5,fda50693-a4e2-4fb1-afcf-c6eb07647777,-43
2018-06-13 12:36:40.929351,285,2,5,ac:23:3f:25:0f:b5,fda50693-a4e2-4fb1-afcf-c6eb07647777,-16
2018-06-13 12:36:41.115690,286,2,5,ac:23:3f:25:0f:b5,fda50693-a4e2-4fb1-afcf-c6eb07647777,-30
2018-06-13 12:36:41.317806,287,2,5,ac:23:3f:25:0f:b5,fda50693-a4e2-4fb1-afcf-c6eb07647777,-46
2018-06-13 12:36:41.523872,288,2,5,ac:23:3f:25:0f:b5,fda50693-a4e2-4fb1-afcf-c6eb07647777,-48
2018-06-13 12:36:41.727949,289,2,5,ac:23:3f:25:0f:b5,fda50693-a4e2-4fb1-afcf-c6eb07647777,-47
2018-06-13 12:36:41.929709,290,2,5,ac:23:3f:25:0f:b5,fda50693-a4e2-4fb1-afcf-c6eb07647777,-43
2018-06-13 12:36:42.149395,291,2,5,ac:23:3f:25:0f:b5,fda50693-a4e2-4fb1-afcf-c6eb07647777,-45
2018-06-13 12:36:42.339571,292,2,5,ac:23:3f:25:0f:b5,fda50693-a4e2-4fb1-afcf-c6eb07647777,-43
2018-06-13 12:36:42.943915,293,2,5,ac:23:3f:25:0f:b5,fda50693-a4e2-4fb1-afcf-c6eb07647777,-43
2018-06-13 12:36:43.159207,294,2,5,ac:23:3f:25:0f:b5,fda50693-a4e2-4fb1-afcf-c6eb07647777,-28
2018-06-13 12:36:43.364251,295,2,5,ac:23:3f:25:0f:b5,fda50693-a4e2-4fb1-afcf-c6eb07647777,-46
2018-06-13 12:36:43.573532,296,2,5,ac:23:3f:25:0f:b5,fda50693-a4e2-4fb1-afcf-c6eb07647777,-46
2018-06-13 12:36:43.781997,297,2,5,ac:23:3f:25:0f:b5,fda50693-a4e2-4fb1-afcf-c6eb07647777,-46
2018-06-13 12:36:43.975030,298,2,5,ac:23:3f:25:0f:b5,fda50693-a4e2-4fb1-afcf-c6eb07647777,-32
2018-06-13 12:36:44.182734,299,2,5,ac:23:3f:25:0f:b5,fda50693-a4e2-4fb1-afcf-c6eb07647777,-45
2018-06-13 12:36:44.390797,300,2,5,ac:23:3f:25:0f:b5,fda50693-a4e2-4fb1-afcf-c6eb07647777,-45
2018-06-13 12:36:44.605238,301,2,5,ac:23:3f:25:0f:b5,fda50693-a4e2-4fb1-afcf-c6eb07647777,-44
2018-06-13 12:36:45.014801,302,2,5,ac:23:3f:25:0f:b5,fda50693-a4e2-4fb1-afcf-c6eb07647777,-43
2018-06-13 12:36:45.428040,303,2,5,ac:23:3f:25:0f:b5,fda50693-a4e2-4fb1-afcf-c6eb07647777,-43
2018-06-13 12:36:45.632162,304,2,5,ac:23:3f:25:0f:b5,fda50693-a4e2-4fb1-afcf-c6eb07647777,-45
2018-06-13 12:36:46.039488,305,2,5,ac:23:3f:25:0f:b5,fda50693-a4e2-4fb1-afcf-c6eb07647777,-45
2018-06-13 12:36:46.244404,306,2,5,ac:23:3f:25:0f:b5,fda50693-a4e2-4fb1-afcf-c6eb07647777,-45
2018-06-13 12:36:46.451756,307,2,5,ac:23:3f:25:0f:b5,fda50693-a4e2-4fb1-afcf-c6eb07647777,-46
2018-06-13 12:36:46.649825,308,2,5,ac:23:3f:25:0f:b5,fda50693-a4e2-4fb1-afcf-c6eb07647777,-46
2018-06-13 12:36:46.852025,309,2,5,ac:23:3f:25:0f:b5,fda50693-a4e2-4fb1-afcf-c6eb07647777,-43
2018-06-13 12:36:47.051386,310,2,5,ac:23:3f:25:0f:b5,fda50693-a4e2-4fb1-afcf-c6eb07647777,-43
2018-06-13 12:36:47.251670,311,2,5,ac:23:3f:25:0f:b5,fda50693-a4e2-4fb1-afcf-c6eb07647777,-45
2018-06-13 12:36:47.456099,312,2,5,ac:23:3f:25:0f:b5,fda50693-a4e2-4fb1-afcf-c6eb07647777,-28
2018-06-13 12:36:47.659036,313,2,5,ac:23:3f:25:0f:b5,fda50693-a4e2-4fb1-afcf-c6eb07647777,-42
2018-06-13 12:36:47.852868,314,2,5,ac:23:3f:25:0f:b5,fda50693-a4e2-4fb1-afcf-c6eb07647777,-45
2018-06-13 12:36:48.061961,315,2,5,ac:23:3f:25:0f:b5,fda50693-a4e2-4fb1-afcf-c6eb07647777,-45
2018-06-13 12:36:48.271495,316,2,5,ac:23:3f:25:0f:b5,fda50693-a4e2-4fb1-afcf-c6eb07647777,-46
2018-06-13 12:36:48.483848,317,2,5,ac:23:3f:25:0f:b5,fda50693-a4e2-4fb1-afcf-c6eb07647777,-45
2018-06-13 12:36:48.690904,318,2,5,ac:23:3f:25:0f:b5,fda50693-a4e2-4fb1-afcf-c6eb07647777,-45
2018-06-13 12:36:49.314473,319,2,5,ac:23:3f:25:0f:b5,fda50693-a4e2-4fb1-afcf-c6eb07647777,-43
2018-06-13 12:36:49.515605,320,2,5,ac:23:3f:25:0f:b5,fda50693-a4e2-4fb1-afcf-c6eb07647777,-43
2018-06-13 12:36:50.113596,321,2,5,ac:23:3f:25:0f:b5,fda50693-a4e2-4fb1-afcf-c6eb07647777,-45
2018-06-13 12:36:50.324621,322,2,5,ac:23:3f:25:0f:b5,fda50693-a4e2-4fb1-afcf-c6eb07647777,-45
2018-06-13 12:36:50.526029,323,2,5,ac:23:3f:25:0f:b5,fda50693-a4e2-4fb1-afcf-c6eb07647777,-32
2018-06-13 12:36:50.727949,324,2,5,ac:23:3f:25:0f:b5,fda50693-a4e2-4fb1-afcf-c6eb07647777,-46
2018-06-13 12:36:50.930738,325,2,5,ac:23:3f:25:0f:b5,fda50693-a4e2-4fb1-afcf-c6eb07647777,-43
2018-06-13 12:36:51.345100,326,2,5,ac:23:3f:25:0f:b5,fda50693-a4e2-4fb1-afcf-c6eb07647777,-30
2018-06-13 12:36:51.545328,327,2,5,ac:23:3f:25:0f:b5,fda50693-a4e2-4fb1-afcf-c6eb07647777,-47
2018-06-13 12:36:51.757654,328,2,5,ac:23:3f:25:0f:b5,fda50693-a4e2-4fb1-afcf-c6eb07647777,-47
2018-06-13 12:36:51.964702,329,2,5,ac:23:3f:25:0f:b5,fda50693-a4e2-4fb1-afcf-c6eb07647777,-47
2018-06-13 12:36:52.173657,330,2,5,ac:23:3f:25:0f:b5,fda50693-a4e2-4fb1-afcf-c6eb07647777,-45
2018-06-13 12:36:52.581528,331,2,5,ac:23:3f:25:0f:b5,fda50693-a4e2-4fb1-afcf-c6eb07647777,-43
2018-06-13 12:36:52.780989,332,2,5,ac:23:3f:25:0f:b5,fda50693-a4e2-4fb1-afcf-c6eb07647777,-46
2018-06-13 12:36:52.980865,333,2,5,ac:23:3f:25:0f:b5,fda50693-a4e2-4fb1-afcf-c6eb07647777,-48
2018-06-13 12:36:53.182985,334,2,5,ac:23:3f:25:0f:b5,fda50693-a4e2-4fb1-afcf-c6eb07647777,-42
2018-06-13 12:36:53.379053,335,2,5,ac:23:3f:25:0f:b5,fda50693-a4e2-4fb1-afcf-c6eb07647777,-46
2018-06-13 12:36:53.583023,336,2,5,ac:23:3f:25:0f:b5,fda50693-a4e2-4fb1-afcf-c6eb07647777,-30
2018-06-13 12:36:53.790747,337,2,5,ac:23:3f:25:0f:b5,fda50693-a4e2-4fb1-afcf-c6eb07647777,-47
2018-06-13 12:36:54.000789,338,2,5,ac:23:3f:25:0f:b5,fda50693-a4e2-4fb1-afcf-c6eb07647777,-47
2018-06-13 12:36:54.413429,339,2,5,ac:23:3f:25:0f:b5,fda50693-a4e2-4fb1-afcf-c6eb07647777,-43
2018-06-13 12:36:54.620779,340,2,5,ac:23:3f:25:0f:b5,fda50693-a4e2-4fb1-afcf-c6eb07647777,-28
2018-06-13 12:36:55.024925,341,2,5,ac:23:3f:25:0f:b5,fda50693-a4e2-4fb1-afcf-c6eb07647777,-48
2018-06-13 12:36:55.641270,342,2,5,ac:23:3f:25:0f:b5,fda50693-a4e2-4fb1-afcf-c6eb07647777,-43
2018-06-13 12:36:55.838737,343,2,5,ac:23:3f:25:0f:b5,fda50693-a4e2-4fb1-afcf-c6eb07647777,-46
2018-06-13 12:36:56.043454,344,2,5,ac:23:3f:25:0f:b5,fda50693-a4e2-4fb1-afcf-c6eb07647777,-46
2018-06-13 12:36:56.246158,345,2,5,ac:23:3f:25:0f:b5,fda50693-a4e2-4fb1-afcf-c6eb07647777,-46
2018-06-13 12:36:56.455742,346,2,5,ac:23:3f:25:0f:b5,fda50693-a4e2-4fb1-afcf-c6eb07647777,-45
2018-06-13 12:36:56.660760,347,2,5,ac:23:3f:25:0f:b5,fda50693-a4e2-4fb1-afcf-c6eb07647777,-43
2018-06-13 12:36:56.864817,348,2,5,ac:23:3f:25:0f:b5,fda50693-a4e2-4fb1-afcf-c6eb07647777,-31
2018-06-13 12:36:57.068557,349,2,5,ac:23:3f:25:0f:b5,fda50693-a4e2-4fb1-afcf-c6eb07647777,-46
2018-06-13 12:36:57.268974,350,2,5,ac:23:3f:25:0f:b5,fda50693-a4e2-4fb1-afcf-c6eb07647777,-32
2018-06-13 12:36:57.474075,351,2,5,ac:23:3f:25:0f:b5,fda50693-a4e2-4fb1-afcf-c6eb07647777,-15
2018-06-13 12:36:57.682691,352,2,5,ac:23:3f:25:0f:b5,fda50693-a4e2-4fb1-afcf-c6eb07647777,-43
2018-06-13 12:36:57.895076,353,2,5,ac:23:3f:25:0f:b5,fda50693-a4e2-4fb1-afcf-c6eb07647777,-45
2018-06-13 12:36:58.301560,354,2,5,ac:23:3f:25:0f:b5,fda50693-a4e2-4fb1-afcf-c6eb07647777,-44
2018-06-13 12:36:58.505571,355,2,5,ac:23:3f:25:0f:b5,fda50693-a4e2-4fb1-afcf-c6eb07647777,-48
2018-06-13 12:36:59.111544,356,2,5,ac:23:3f:25:0f:b5,fda50693-a4e2-4fb1-afcf-c6eb07647777,-45
2018-06-13 12:36:59.311045,357,2,5,ac:23:3f:25:0f:b5,fda50693-a4e2-4fb1-afcf-c6eb07647777,-45
2018-06-13 12:36:59.512607,358,2,5,ac:23:3f:25:0f:b5,fda50693-a4e2-4fb1-afcf-c6eb07647777,-43
2018-06-13 12:36:59.722564,359,2,5,ac:23:3f:25:0f:b5,fda50693-a4e2-4fb1-afcf-c6eb07647777,-28
2018-06-13 12:36:59.915284,360,2,5,ac:23:3f:25:0f:b5,fda50693-a4e2-4fb1-afcf-c6eb07647777,-45
2018-06-13 12:37:00.117326,361,2,5,ac:23:3f:25:0f:b5,fda50693-a4e2-4fb1-afcf-c6eb07647777,-45
2018-06-13 12:37:00.322159,362,2,5,ac:23:3f:25:0f:b5,fda50693-a4e2-4fb1-afcf-c6eb07647777,-48
2018-06-13 12:37:00.940047,363,2,5,ac:23:3f:25:0f:b5,fda50693-a4e2-4fb1-afcf-c6eb07647777,-43
2018-06-13 12:37:01.351300,364,2,5,ac:23:3f:25:0f:b5,fda50693-a4e2-4fb1-afcf-c6eb07647777,-45
2018-06-13 12:37:01.554833,365,2,5,ac:23:3f:25:0f:b5,fda50693-a4e2-4fb1-afcf-c6eb07647777,-28
2018-06-13 12:37:01.764183,366,2,5,ac:23:3f:25:0f:b5,fda50693-a4e2-4fb1-afcf-c6eb07647777,-43
2018-06-13 12:37:01.973138,367,2,5,ac:23:3f:25:0f:b5,fda50693-a4e2-4fb1-afcf-c6eb07647777,-43
2018-06-13 12:37:02.179477,368,2,5,ac:23:3f:25:0f:b5,fda50693-a4e2-4fb1-afcf-c6eb07647777,-46
2018-06-13 12:37:02.379878,369,2,5,ac:23:3f:25:0f:b5,fda50693-a4e2-4fb1-afcf-c6eb07647777,-45
2018-06-13 12:37:02.584376,370,2,5,ac:23:3f:25:0f:b5,fda50693-a4e2-4fb1-afcf-c6eb07647777,-31
2018-06-13 12:37:02.792095,371,2,5,ac:23:3f:25:0f:b5,fda50693-a4e2-4fb1-afcf-c6eb07647777,-37
2018-06-13 12:37:03.199500,372,2,5,ac:23:3f:25:0f:b5,fda50693-a4e2-4fb1-afcf-c6eb07647777,-45
2018-06-13 12:37:03.401107,373,2,5,ac:23:3f:25:0f:b5,fda50693-a4e2-4fb1-afcf-c6eb07647777,-43
2018-06-13 12:37:03.602107,374,2,5,ac:23:3f:25:0f:b5,fda50693-a4e2-4fb1-afcf-c6eb07647777,-45
2018-06-13 12:37:03.809096,375,2,5,ac:23:3f:25:0f:b5,fda50693-a4e2-4fb1-afcf-c6eb07647777,-41
2018-06-13 12:37:04.017589,376,2,5,ac:23:3f:25:0f:b5,fda50693-a4e2-4fb1-afcf-c6eb07647777,-45
2018-06-13 12:37:04.212412,377,2,5,ac:23:3f:25:0f:b5,fda50693-a4e2-4fb1-afcf-c6eb07647777,-45
2018-06-13 12:37:04.416971,378,2,5,ac:23:3f:25:0f:b5,fda50693-a4e2-4fb1-afcf-c6eb07647777,-44
2018-06-13 12:37:04.624884,379,2,5,ac:23:3f:25:0f:b5,fda50693-a4e2-4fb1-afcf-c6eb07647777,-43
2018-06-13 12:37:04.832540,380,2,5,ac:23:3f:25:0f:b5,fda50693-a4e2-4fb1-afcf-c6eb07647777,-45
2018-06-13 12:37:05.042156,381,2,5,ac:23:3f:25:0f:b5,fda50693-a4e2-4fb1-afcf-c6eb07647777,-47
2018-06-13 12:37:05.251029,382,2,5,ac:23:3f:25:0f:b5,fda50693-a4e2-4fb1-afcf-c6eb07647777,-47
2018-06-13 12:37:05.662087,383,2,5,ac:23:3f:25:0f:b5,fda50693-a4e2-4fb1-afcf-c6eb07647777,-46
2018-06-13 12:37:05.863027,384,2,5,ac:23:3f:25:0f:b5,fda50693-a4e2-4fb1-afcf-c6eb07647777,-45
2018-06-13 12:37:06.065350,385,2,5,ac:23:3f:25:0f:b5,fda50693-a4e2-4fb1-afcf-c6eb07647777,-45
2018-06-13 12:37:06.273823,386,2,5,ac:23:3f:25:0f:b5,fda50693-a4e2-4fb1-afcf-c6eb07647777,-46
2018-06-13 12:37:06.681141,387,2,5,ac:23:3f:25:0f:b5,fda50693-a4e2-4fb1-afcf-c6eb07647777,-43
2018-06-13 12:37:06.888696,388,2,5,ac:23:3f:25:0f:b5,fda50693-a4e2-4fb1-afcf-c6eb07647777,-45
2018-06-13 12:37:07.088802,389,2,5,ac:23:3f:25:0f:b5,fda50693-a4e2-4fb1-afcf-c6eb07647777,-44
2018-06-13 12:37:07.294588,390,2,5,ac:23:3f:25:0f:b5,fda50693-a4e2-4fb1-afcf-c6eb07647777,-46
2018-06-13 12:37:07.500526,391,2,5,ac:23:3f:25:0f:b5,fda50693-a4e2-4fb1-afcf-c6eb07647777,-46
2018-06-13 12:37:07.705474,392,2,5,ac:23:3f:25:0f:b5,fda50693-a4e2-4fb1-afcf-c6eb07647777,-43
2018-06-13 12:37:07.911731,393,2,5,ac:23:3f:25:0f:b5,fda50693-a4e2-4fb1-afcf-c6eb07647777,-29
2018-06-13 12:37:08.118361,394,2,5,ac:23:3f:25:0f:b5,fda50693-a4e2-4fb1-afcf-c6eb07647777,-45
2018-06-13 12:37:08.320224,395,2,5,ac:23:3f:25:0f:b5,fda50693-a4e2-4fb1-afcf-c6eb07647777,-43
2018-06-13 12:37:08.522417,396,2,5,ac:23:3f:25:0f:b5,fda50693-a4e2-4fb1-afcf-c6eb07647777,-45
2018-06-13 12:37:08.724486,397,2,5,ac:23:3f:25:0f:b5,fda50693-a4e2-4fb1-afcf-c6eb07647777,-28
2018-06-13 12:37:08.924363,398,2,5,ac:23:3f:25:0f:b5,fda50693-a4e2-4fb1-afcf-c6eb07647777,-46
2018-06-13 12:37:09.130081,399,2,5,ac:23:3f:25:0f:b5,fda50693-a4e2-4fb1-afcf-c6eb07647777,-43
2018-06-13 12:37:09.538212,400,2,5,ac:23:3f:25:0f:b5,fda50693-a4e2-4fb1-afcf-c6eb07647777,-45
2018-06-13 12:37:09.748729,401,2,5,ac:23:3f:25:0f:b5,fda50693-a4e2-4fb1-afcf-c6eb07647777,-45
2018-06-13 12:37:10.156186,402,2,5,ac:23:3f:25:0f:b5,fda50693-a4e2-4fb1-afcf-c6eb07647777,-45
2018-06-13 12:37:10.361454,403,2,5,ac:23:3f:25:0f:b5,fda50693-a4e2-4fb1-afcf-c6eb07647777,-30
2018-06-13 12:37:10.565096,404,2,5,ac:23:3f:25:0f:b5,fda50693-a4e2-4fb1-afcf-c6eb07647777,-47
2018-06-13 12:37:11.181764,405,2,5,ac:23:3f:25:0f:b5,fda50693-a4e2-4fb1-afcf-c6eb07647777,-43
2018-06-13 12:37:11.385586,406,2,5,ac:23:3f:25:0f:b5,fda50693-a4e2-4fb1-afcf-c6eb07647777,-43
2018-06-13 12:37:11.585266,407,2,5,ac:23:3f:25:0f:b5,fda50693-a4e2-4fb1-afcf-c6eb07647777,-46
2018-06-13 12:37:11.788332,408,2,5,ac:23:3f:25:0f:b5,fda50693-a4e2-4fb1-afcf-c6eb07647777,-45
2018-06-13 12:37:11.993845,409,2,5,ac:23:3f:25:0f:b5,fda50693-a4e2-4fb1-afcf-c6eb07647777,-45
2018-06-13 12:37:12.200066,410,2,5,ac:23:3f:25:0f:b5,fda50693-a4e2-4fb1-afcf-c6eb07647777,-43
2018-06-13 12:37:12.403336,411,2,5,ac:23:3f:25:0f:b5,fda50693-a4e2-4fb1-afcf-c6eb07647777,-43
2018-06-13 12:37:12.605863,412,2,5,ac:23:3f:25:0f:b5,fda50693-a4e2-4fb1-afcf-c6eb07647777,-45
2018-06-13 12:37:12.812967,413,2,5,ac:23:3f:25:0f:b5,fda50693-a4e2-4fb1-afcf-c6eb07647777,-45
2018-06-13 12:37:13.015565,414,2,5,ac:23:3f:25:0f:b5,fda50693-a4e2-4fb1-afcf-c6eb07647777,-43
2018-06-13 12:37:13.216597,415,2,5,ac:23:3f:25:0f:b5,fda50693-a4e2-4fb1-afcf-c6eb07647777,-45
2018-06-13 12:37:13.415934,416,2,5,ac:23:3f:25:0f:b5,fda50693-a4e2-4fb1-afcf-c6eb07647777,-46
2018-06-13 12:37:13.620072,417,2,5,ac:23:3f:25:0f:b5,fda50693-a4e2-4fb1-afcf-c6eb07647777,-45
2018-06-13 12:37:13.824749,418,2,5,ac:23:3f:25:0f:b5,fda50693-a4e2-4fb1-afcf-c6eb07647777,-29
2018-06-13 12:37:14.028027,419,2,5,ac:23:3f:25:0f:b5,fda50693-a4e2-4fb1-afcf-c6eb07647777,-45
2018-06-13 12:37:14.238416,420,2,5,ac:23:3f:25:0f:b5,fda50693-a4e2-4fb1-afcf-c6eb07647777,-30
2018-06-13 12:37:14.438002,421,2,5,ac:23:3f:25:0f:b5,fda50693-a4e2-4fb1-afcf-c6eb07647777,-46
2018-06-13 12:37:14.647964,422,2,5,ac:23:3f:25:0f:b5,fda50693-a4e2-4fb1-afcf-c6eb07647777,-45
2018-06-13 12:37:14.851050,423,2,5,ac:23:3f:25:0f:b5,fda50693-a4e2-4fb1-afcf-c6eb07647777,-45
2018-06-13 12:37:15.058367,424,2,5,ac:23:3f:25:0f:b5,fda50693-a4e2-4fb1-afcf-c6eb07647777,-45
2018-06-13 12:37:15.264090,425,2,5,ac:23:3f:25:0f:b5,fda50693-a4e2-4fb1-afcf-c6eb07647777,-43
2018-06-13 12:37:15.465045,426,2,5,ac:23:3f:25:0f:b5,fda50693-a4e2-4fb1-afcf-c6eb07647777,-46
2018-06-13 12:37:15.673949,427,2,5,ac:23:3f:25:0f:b5,fda50693-a4e2-4fb1-afcf-c6eb07647777,-30
2018-06-13 12:37:15.877678,428,2,5,ac:23:3f:25:0f:b5,fda50693-a4e2-4fb1-afcf-c6eb07647777,-47
2018-06-13 12:37:16.088857,429,2,5,ac:23:3f:25:0f:b5,fda50693-a4e2-4fb1-afcf-c6eb07647777,-44
2018-06-13 12:37:16.287451,430,2,5,ac:23:3f:25:0f:b5,fda50693-a4e2-4fb1-afcf-c6eb07647777,-29
2018-06-13 12:37:16.495400,431,2,5,ac:23:3f:25:0f:b5,fda50693-a4e2-4fb1-afcf-c6eb07647777,-30
2018-06-13 12:37:16.899338,432,2,5,ac:23:3f:25:0f:b5,fda50693-a4e2-4fb1-afcf-c6eb07647777,-44
2018-06-13 12:37:17.112876,433,2,5,ac:23:3f:25:0f:b5,fda50693-a4e2-4fb1-afcf-c6eb07647777,-44
2018-06-13 12:37:17.525217,434,2,5,ac:23:3f:25:0f:b5,fda50693-a4e2-4fb1-afcf-c6eb07647777,-47
2018-06-13 12:37:18.151131,435,2,5,ac:23:3f:25:0f:b5,fda50693-a4e2-4fb1-afcf-c6eb07647777,-34
2018-06-13 12:37:18.563649,436,2,5,ac:23:3f:25:0f:b5,fda50693-a4e2-4fb1-afcf-c6eb07647777,-44
2018-06-13 12:37:18.768706,437,2,5,ac:23:3f:25:0f:b5,fda50693-a4e2-4fb1-afcf-c6eb07647777,-43
2018-06-13 12:37:18.971275,438,2,5,ac:23:3f:25:0f:b5,fda50693-a4e2-4fb1-afcf-c6eb07647777,-44
2018-06-13 12:37:19.173702,439,2,5,ac:23:3f:25:0f:b5,fda50693-a4e2-4fb1-afcf-c6eb07647777,-45
2018-06-13 12:37:19.379766,440,2,5,ac:23:3f:25:0f:b5,fda50693-a4e2-4fb1-afcf-c6eb07647777,-44
2018-06-13 12:37:19.792924,441,2,5,ac:23:3f:25:0f:b5,fda50693-a4e2-4fb1-afcf-c6eb07647777,-42
2018-06-13 12:37:20.200340,442,2,5,ac:23:3f:25:0f:b5,fda50693-a4e2-4fb1-afcf-c6eb07647777,-46
2018-06-13 12:37:20.403248,443,2,5,ac:23:3f:25:0f:b5,fda50693-a4e2-4fb1-afcf-c6eb07647777,-32
2018-06-13 12:37:20.606173,444,2,5,ac:23:3f:25:0f:b5,fda50693-a4e2-4fb1-afcf-c6eb07647777,-28
2018-06-13 12:37:20.808012,445,2,5,ac:23:3f:25:0f:b5,fda50693-a4e2-4fb1-afcf-c6eb07647777,-15
2018-06-13 12:37:21.008267,446,2,5,ac:23:3f:25:0f:b5,fda50693-a4e2-4fb1-afcf-c6eb07647777,-31
2018-06-13 12:37:21.211768,447,2,5,ac:23:3f:25:0f:b5,fda50693-a4e2-4fb1-afcf-c6eb07647777,-46
2018-06-13 12:37:21.623589,448,2,5,ac:23:3f:25:0f:b5,fda50693-a4e2-4fb1-afcf-c6eb07647777,-45
2018-06-13 12:37:21.828496,449,2,5,ac:23:3f:25:0f:b5,fda50693-a4e2-4fb1-afcf-c6eb07647777,-28
2018-06-13 12:37:22.021320,450,2,5,ac:23:3f:25:0f:b5,fda50693-a4e2-4fb1-afcf-c6eb07647777,-44
2018-06-13 12:37:22.229021,451,2,5,ac:23:3f:25:0f:b5,fda50693-a4e2-4fb1-afcf-c6eb07647777,-45
2018-06-13 12:37:22.436056,452,2,5,ac:23:3f:25:0f:b5,fda50693-a4e2-4fb1-afcf-c6eb07647777,-45
2018-06-13 12:37:22.855895,453,2,5,ac:23:3f:25:0f:b5,fda50693-a4e2-4fb1-afcf-c6eb07647777,-43
2018-06-13 12:37:23.065240,454,2,5,ac:23:3f:25:0f:b5,fda50693-a4e2-4fb1-afcf-c6eb07647777,-43
2018-06-13 12:37:23.266155,455,2,5,ac:23:3f:25:0f:b5,fda50693-a4e2-4fb1-afcf-c6eb07647777,-46
2018-06-13 12:37:23.476337,456,2,5,ac:23:3f:25:0f:b5,fda50693-a4e2-4fb1-afcf-c6eb07647777,-46
2018-06-13 12:37:23.678613,457,2,5,ac:23:3f:25:0f:b5,fda50693-a4e2-4fb1-afcf-c6eb07647777,-44
2018-06-13 12:37:23.881019,458,2,5,ac:23:3f:25:0f:b5,fda50693-a4e2-4fb1-afcf-c6eb07647777,-47
2018-06-13 12:37:24.086841,459,2,5,ac:23:3f:25:0f:b5,fda50693-a4e2-4fb1-afcf-c6eb07647777,-28
2018-06-13 12:37:24.288502,460,2,5,ac:23:3f:25:0f:b5,fda50693-a4e2-4fb1-afcf-c6eb07647777,-45
2018-06-13 12:37:24.495544,461,2,5,ac:23:3f:25:0f:b5,fda50693-a4e2-4fb1-afcf-c6eb07647777,-46
2018-06-13 12:37:24.694803,462,2,5,ac:23:3f:25:0f:b5,fda50693-a4e2-4fb1-afcf-c6eb07647777,-44
2018-06-13 12:37:24.900884,463,2,5,ac:23:3f:25:0f:b5,fda50693-a4e2-4fb1-afcf-c6eb07647777,-45
2018-06-13 12:37:25.104938,464,2,5,ac:23:3f:25:0f:b5,fda50693-a4e2-4fb1-afcf-c6eb07647777,-45
2018-06-13 12:37:25.304529,465,2,5,ac:23:3f:25:0f:b5,fda50693-a4e2-4fb1-afcf-c6eb07647777,-46
2018-06-13 12:37:25.510017,466,2,5,ac:23:3f:25:0f:b5,fda50693-a4e2-4fb1-afcf-c6eb07647777,-46
2018-06-13 12:37:25.713430,467,2,5,ac:23:3f:25:0f:b5,fda50693-a4e2-4fb1-afcf-c6eb07647777,-37
2018-06-13 12:37:25.916325,468,2,5,ac:23:3f:25:0f:b5,fda50693-a4e2-4fb1-afcf-c6eb07647777,-28
2018-06-13 12:37:26.111400,469,2,5,ac:23:3f:25:0f:b5,fda50693-a4e2-4fb1-afcf-c6eb07647777,-46
2018-06-13 12:37:26.313048,470,2,5,ac:23:3f:25:0f:b5,fda50693-a4e2-4fb1-afcf-c6eb07647777,-44
2018-06-13 12:37:26.511627,471,2,5,ac:23:3f:25:0f:b5,fda50693-a4e2-4fb1-afcf-c6eb07647777,-40
2018-06-13 12:37:26.725387,472,2,5,ac:23:3f:25:0f:b5,fda50693-a4e2-4fb1-afcf-c6eb07647777,-42
2018-06-13 12:37:26.926507,473,2,5,ac:23:3f:25:0f:b5,fda50693-a4e2-4fb1-afcf-c6eb07647777,-30
2018-06-13 12:37:27.139211,474,2,5,ac:23:3f:25:0f:b5,fda50693-a4e2-4fb1-afcf-c6eb07647777,-46
2018-06-13 12:37:27.533718,475,2,5,ac:23:3f:25:0f:b5,fda50693-a4e2-4fb1-afcf-c6eb07647777,-45
2018-06-13 12:37:27.741960,476,2,5,ac:23:3f:25:0f:b5,fda50693-a4e2-4fb1-afcf-c6eb07647777,-45
2018-06-13 12:37:27.954977,477,2,5,ac:23:3f:25:0f:b5,fda50693-a4e2-4fb1-afcf-c6eb07647777,-43
2018-06-13 12:37:28.163920,478,2,5,ac:23:3f:25:0f:b5,fda50693-a4e2-4fb1-afcf-c6eb07647777,-45
2018-06-13 12:37:28.378633,479,2,5,ac:23:3f:25:0f:b5,fda50693-a4e2-4fb1-afcf-c6eb07647777,-45
2018-06-13 12:37:28.585213,480,2,5,ac:23:3f:25:0f:b5,fda50693-a4e2-4fb1-afcf-c6eb07647777,-42
2018-06-13 12:37:28.785021,481,2,5,ac:23:3f:25:0f:b5,fda50693-a4e2-4fb1-afcf-c6eb07647777,-46
2018-06-13 12:37:28.992379,482,2,5,ac:23:3f:25:0f:b5,fda50693-a4e2-4fb1-afcf-c6eb07647777,-46
2018-06-13 12:37:29.204001,483,2,5,ac:23:3f:25:0f:b5,fda50693-a4e2-4fb1-afcf-c6eb07647777,-32
2018-06-13 12:37:29.401131,484,2,5,ac:23:3f:25:0f:b5,fda50693-a4e2-4fb1-afcf-c6eb07647777,-47
2018-06-13 12:37:29.606427,485,2,5,ac:23:3f:25:0f:b5,fda50693-a4e2-4fb1-afcf-c6eb07647777,-42
2018-06-13 12:37:29.810568,486,2,5,ac:23:3f:25:0f:b5,fda50693-a4e2-4fb1-afcf-c6eb07647777,-46
2018-06-13 12:37:30.023217,487,2,5,ac:23:3f:25:0f:b5,fda50693-a4e2-4fb1-afcf-c6eb07647777,-46
2018-06-13 12:37:30.227672,488,2,5,ac:23:3f:25:0f:b5,fda50693-a4e2-4fb1-afcf-c6eb07647777,-45
2018-06-13 12:37:30.423726,489,2,5,ac:23:3f:25:0f:b5,fda50693-a4e2-4fb1-afcf-c6eb07647777,-37
2018-06-13 12:37:31.044260,490,2,5,ac:23:3f:25:0f:b5,fda50693-a4e2-4fb1-afcf-c6eb07647777,-45
2018-06-13 12:37:31.250344,491,2,5,ac:23:3f:25:0f:b5,fda50693-a4e2-4fb1-afcf-c6eb07647777,-43
2018-06-13 12:37:31.452344,492,2,5,ac:23:3f:25:0f:b5,fda50693-a4e2-4fb1-afcf-c6eb07647777,-46
2018-06-13 12:37:31.654102,493,2,5,ac:23:3f:25:0f:b5,fda50693-a4e2-4fb1-afcf-c6eb07647777,-46
2018-06-13 12:37:31.857871,494,2,5,ac:23:3f:25:0f:b5,fda50693-a4e2-4fb1-afcf-c6eb07647777,-45
2018-06-13 12:37:32.066392,495,2,5,ac:23:3f:25:0f:b5,fda50693-a4e2-4fb1-afcf-c6eb07647777,-45
2018-06-13 12:37:32.281582,496,2,5,ac:23:3f:25:0f:b5,fda50693-a4e2-4fb1-afcf-c6eb07647777,-32
2018-06-13 12:37:32.490764,497,2,5,ac:23:3f:25:0f:b5,fda50693-a4e2-4fb1-afcf-c6eb07647777,-47
2018-06-13 12:37:32.904687,498,2,5,ac:23:3f:25:0f:b5,fda50693-a4e2-4fb1-afcf-c6eb07647777,-28
2018-06-13 12:37:33.115688,499,2,5,ac:23:3f:25:0f:b5,fda50693-a4e2-4fb1-afcf-c6eb07647777,-42
2018-06-13 12:37:33.315808,500,2,5,ac:23:3f:25:0f:b5,fda50693-a4e2-4fb1-afcf-c6eb07647777,-46
2018-06-13 12:37:33.516760,501,2,5,ac:23:3f:25:0f:b5,fda50693-a4e2-4fb1-afcf-c6eb07647777,-46
2018-06-13 12:37:33.720906,502,2,5,ac:23:3f:25:0f:b5,fda50693-a4e2-4fb1-afcf-c6eb07647777,-43
2018-06-13 12:37:33.928332,503,2,5,ac:23:3f:25:0f:b5,fda50693-a4e2-4fb1-afcf-c6eb07647777,-45
2018-06-13 12:37:34.136693,504,2,5,ac:23:3f:25:0f:b5,fda50693-a4e2-4fb1-afcf-c6eb07647777,-42
2018-06-13 12:37:34.344257,505,2,5,ac:23:3f:25:0f:b5,fda50693-a4e2-4fb1-afcf-c6eb07647777,-43
2018-06-13 12:37:34.552223,506,2,5,ac:23:3f:25:0f:b5,fda50693-a4e2-4fb1-afcf-c6eb07647777,-43
2018-06-13 12:37:34.755978,507,2,5,ac:23:3f:25:0f:b5,fda50693-a4e2-4fb1-afcf-c6eb07647777,-46
2018-06-13 12:37:34.958546,508,2,5,ac:23:3f:25:0f:b5,fda50693-a4e2-4fb1-afcf-c6eb07647777,-46
2018-06-13 12:37:35.162268,509,2,5,ac:23:3f:25:0f:b5,fda50693-a4e2-4fb1-afcf-c6eb07647777,-47
2018-06-13 12:37:35.988864,510,2,5,ac:23:3f:25:0f:b5,fda50693-a4e2-4fb1-afcf-c6eb07647777,-43
2018-06-13 12:37:36.202213,511,2,5,ac:23:3f:25:0f:b5,fda50693-a4e2-4fb1-afcf-c6eb07647777,-42
2018-06-13 12:37:36.405326,512,2,5,ac:23:3f:25:0f:b5,fda50693-a4e2-4fb1-afcf-c6eb07647777,-31
2018-06-13 12:37:36.610888,513,2,5,ac:23:3f:25:0f:b5,fda50693-a4e2-4fb1-afcf-c6eb07647777,-46
2018-06-13 12:37:36.811302,514,2,5,ac:23:3f:25:0f:b5,fda50693-a4e2-4fb1-afcf-c6eb07647777,-39
2018-06-13 12:37:37.640355,515,2,5,ac:23:3f:25:0f:b5,fda50693-a4e2-4fb1-afcf-c6eb07647777,-43
2018-06-13 12:37:37.846479,516,2,5,ac:23:3f:25:0f:b5,fda50693-a4e2-4fb1-afcf-c6eb07647777,-31
2018-06-13 12:37:38.260621,517,2,5,ac:23:3f:25:0f:b5,fda50693-a4e2-4fb1-afcf-c6eb07647777,-44
2018-06-13 12:37:38.466203,518,2,5,ac:23:3f:25:0f:b5,fda50693-a4e2-4fb1-afcf-c6eb07647777,-39
2018-06-13 12:37:38.669601,519,2,5,ac:23:3f:25:0f:b5,fda50693-a4e2-4fb1-afcf-c6eb07647777,-47
2018-06-13 12:37:38.877658,520,2,5,ac:23:3f:25:0f:b5,fda50693-a4e2-4fb1-afcf-c6eb07647777,-45
2018-06-13 12:37:39.085526,521,2,5,ac:23:3f:25:0f:b5,fda50693-a4e2-4fb1-afcf-c6eb07647777,-43
2018-06-13 12:37:39.284403,522,2,5,ac:23:3f:25:0f:b5,fda50693-a4e2-4fb1-afcf-c6eb07647777,-46
2018-06-13 12:37:39.488091,523,2,5,ac:23:3f:25:0f:b5,fda50693-a4e2-4fb1-afcf-c6eb07647777,-46
2018-06-13 12:37:39.695817,524,2,5,ac:23:3f:25:0f:b5,fda50693-a4e2-4fb1-afcf-c6eb07647777,-47
2018-06-13 12:37:39.900302,525,2,5,ac:23:3f:25:0f:b5,fda50693-a4e2-4fb1-afcf-c6eb07647777,-46
2018-06-13 12:37:40.102503,526,2,5,ac:23:3f:25:0f:b5,fda50693-a4e2-4fb1-afcf-c6eb07647777,-43
2018-06-13 12:37:40.311145,527,2,5,ac:23:3f:25:0f:b5,fda50693-a4e2-4fb1-afcf-c6eb07647777,-29
2018-06-13 12:37:40.512318,528,2,5,ac:23:3f:25:0f:b5,fda50693-a4e2-4fb1-afcf-c6eb07647777,-44
2018-06-13 12:37:40.712066,529,2,5,ac:23:3f:25:0f:b5,fda50693-a4e2-4fb1-afcf-c6eb07647777,-45
2018-06-13 12:37:40.914427,530,2,5,ac:23:3f:25:0f:b5,fda50693-a4e2-4fb1-afcf-c6eb07647777,-43
2018-06-13 12:37:41.121080,531,2,5,ac:23:3f:25:0f:b5,fda50693-a4e2-4fb1-afcf-c6eb07647777,-43
2018-06-13 12:37:41.528442,532,2,5,ac:23:3f:25:0f:b5,fda50693-a4e2-4fb1-afcf-c6eb07647777,-29
2018-06-13 12:37:41.735124,533,2,5,ac:23:3f:25:0f:b5,fda50693-a4e2-4fb1-afcf-c6eb07647777,-47
2018-06-13 12:37:42.144735,534,2,5,ac:23:3f:25:0f:b5,fda50693-a4e2-4fb1-afcf-c6eb07647777,-43
2018-06-13 12:37:42.349860,535,2,5,ac:23:3f:25:0f:b5,fda50693-a4e2-4fb1-afcf-c6eb07647777,-43
2018-06-13 12:37:42.554874,536,2,5,ac:23:3f:25:0f:b5,fda50693-a4e2-4fb1-afcf-c6eb07647777,-46
2018-06-13 12:37:42.758349,537,2,5,ac:23:3f:25:0f:b5,fda50693-a4e2-4fb1-afcf-c6eb07647777,-44
2018-06-13 12:37:42.968062,538,2,5,ac:23:3f:25:0f:b5,fda50693-a4e2-4fb1-afcf-c6eb07647777,-46
2018-06-13 12:37:43.172795,539,2,5,ac:23:3f:25:0f:b5,fda50693-a4e2-4fb1-afcf-c6eb07647777,-32
2018-06-13 12:37:43.374719,540,2,5,ac:23:3f:25:0f:b5,fda50693-a4e2-4fb1-afcf-c6eb07647777,-43
2018-06-13 12:37:43.784940,541,2,5,ac:23:3f:25:0f:b5,fda50693-a4e2-4fb1-afcf-c6eb07647777,-30
2018-06-13 12:37:43.994127,542,2,5,ac:23:3f:25:0f:b5,fda50693-a4e2-4fb1-afcf-c6eb07647777,-46
2018-06-13 12:37:44.206523,543,2,5,ac:23:3f:25:0f:b5,fda50693-a4e2-4fb1-afcf-c6eb07647777,-44
2018-06-13 12:37:44.405325,544,2,5,ac:23:3f:25:0f:b5,fda50693-a4e2-4fb1-afcf-c6eb07647777,-45
2018-06-13 12:37:44.623047,545,2,5,ac:23:3f:25:0f:b5,fda50693-a4e2-4fb1-afcf-c6eb07647777,-45
2018-06-13 12:37:45.021911,546,2,5,ac:23:3f:25:0f:b5,fda50693-a4e2-4fb1-afcf-c6eb07647777,-42
2018-06-13 12:37:45.228593,547,2,5,ac:23:3f:25:0f:b5,fda50693-a4e2-4fb1-afcf-c6eb07647777,-41
2018-06-13 12:37:45.434568,548,2,5,ac:23:3f:25:0f:b5,fda50693-a4e2-4fb1-afcf-c6eb07647777,-46
2018-06-13 12:37:45.641415,549,2,5,ac:23:3f:25:0f:b5,fda50693-a4e2-4fb1-afcf-c6eb07647777,-46