timestamp,dataNum,antennaID,beaconID,beaconMac,beaconUUID,beaconRSSI,(office corridor path_loss_0.6m)
2018-06-14 19:09:32.663420,50,2,5,ac:23:3f:25:0f:b5,fda50693-a4e2-4fb1-afcf-c6eb07647777,-55
2018-06-14 19:09:32.866818,51,2,5,ac:23:3f:25:0f:b5,fda50693-a4e2-4fb1-afcf-c6eb07647777,-54
2018-06-14 19:09:33.070312,52,2,5,ac:23:3f:25:0f:b5,fda50693-a4e2-4fb1-afcf-c6eb07647777,-38
2018-06-14 19:09:33.271287,53,2,5,ac:23:3f:25:0f:b5,fda50693-a4e2-4fb1-afcf-c6eb07647777,-55
2018-06-14 19:09:33.686430,54,2,5,ac:23:3f:25:0f:b5,fda50693-a4e2-4fb1-afcf-c6eb07647777,-55
2018-06-14 19:09:33.878249,55,2,5,ac:23:3f:25:0f:b5,fda50693-a4e2-4fb1-afcf-c6eb07647777,-56
2018-06-14 19:09:34.085794,56,2,5,ac:23:3f:25:0f:b5,fda50693-a4e2-4fb1-afcf-c6eb07647777,-56
2018-06-14 19:09:34.286389,57,2,5,ac:23:3f:25:0f:b5,fda50693-a4e2-4fb1-afcf-c6eb07647777,-57
2018-06-14 19:09:34.498872,58,2,5,ac:23:3f:25:0f:b5,fda50693-a4e2-4fb1-afcf-c6eb07647777,-52
2018-06-14 19:09:34.719760,59,2,5,ac:23:3f:25:0f:b5,fda50693-a4e2-4fb1-afcf-c6eb07647777,-34
2018-06-14 19:09:35.125710,60,2,5,ac:23:3f:25:0f:b5,fda50693-a4e2-4fb1-afcf-c6eb07647777,-40
2018-06-14 19:09:35.325296,61,2,5,ac:23:3f:25:0f:b5,fda50693-a4e2-4fb1-afcf-c6eb07647777,-54
2018-06-14 19:09:35.731738,62,2,5,ac:23:3f:25:0f:b5,fda50693-a4e2-4fb1-afcf-c6eb07647777,-53
2018-06-14 19:09:35.938588,63,2,5,ac:23:3f:25:0f:b5,fda50693-a4e2-4fb1-afcf-c6eb07647777,-52
2018-06-14 19:09:36.140936,64,2,5,ac:23:3f:25:0f:b5,fda50693-a4e2-4fb1-afcf-c6eb07647777,-52
2018-06-14 19:09:36.347263,65,2,5,ac:23:3f:25:0f:b5,fda50693-a4e2-4fb1-afcf-c6eb07647777,-55
2018-06-14 19:09:36.555858,66,2,5,ac:23:3f:25:0f:b5,fda50693-a4e2-4fb1-afcf-c6eb07647777,-54
2018-06-14 19:09:36.750743,67,2,5,ac:23:3f:25:0f:b5,fda50693-a4e2-4fb1-afcf-c6eb07647777,-56
2018-06-14 19:09:36.955249,68,2,5,ac:23:3f:25:0f:b5,fda50693-a4e2-4fb1-afcf-c6eb07647777,-56
2018-06-14 19:09:37.163075,69,2,5,ac:23:3f:25:0f:b5,fda50693-a4e2-4fb1-afcf-c6eb07647777,-34
2018-06-14 19:09:37.378335,70,2,5,ac:23:3f:25:0f:b5,fda50693-a4e2-4fb1-afcf-c6eb07647777,-34
2018-06-14 19:09:37.578885,71,2,5,ac:23:3f:25:0f:b5,fda50693-a4e2-4fb1-afcf-c6eb07647777,-56
2018-06-14 19:09:38.180137,72,2,5,ac:23:3f:25:0f:b5,fda50693-a4e2-4fb1-afcf-c6eb07647777,-51
2018-06-14 19:09:38.398015,73,2,5,ac:23:3f:25:0f:b5,fda50693-a4e2-4fb1-afcf-c6eb07647777,-52
2018-06-14 19:09:38.593399,74,2,5,ac:23:3f:25:0f:b5,fda50693-a4e2-4fb1-afcf-c6eb07647777,-51
2018-06-14 19:09:38.796039,75,2,5,ac:23:3f:25:0f:b5,fda50693-a4e2-4fb1-afcf-c6eb07647777,-54
2018-06-14 19:09:38.994140,76,2,5,ac:23:3f:25:0f:b5,fda50693-a4e2-4fb1-afcf-c6eb07647777,-54
2018-06-14 19:09:39.206367,77,2,5,ac:23:3f:25:0f:b5,fda50693-a4e2-4fb1-afcf-c6eb07647777,-51
2018-06-14 19:09:39.404396,78,2,5,ac:23:3f:25:0f:b5,fda50693-a4e2-4fb1-afcf-c6eb07647777,-22
2018-06-14 19:09:39.809503,79,2,5,ac:23:3f:25:0f:b5,fda50693-a4e2-4fb1-afcf-c6eb07647777,-55
2018-06-14 19:09:40.021170,80,2,5,ac:23:3f:25:0f:b5,fda50693-a4e2-4fb1-afcf-c6eb07647777,-55
2018-06-14 19:09:40.232849,81,2,5,ac:23:3f:25:0f:b5,fda50693-a4e2-4fb1-afcf-c6eb07647777,-52
2018-06-14 19:09:40.431331,82,2,5,ac:23:3f:25:0f:b5,fda50693-a4e2-4fb1-afcf-c6eb07647777,-52
2018-06-14 19:09:40.634165,83,2,5,ac:23:3f:25:0f:b5,fda50693-a4e2-4fb1-afcf-c6eb07647777,-55
2018-06-14 19:09:40.841030,84,2,5,ac:23:3f:25:0f:b5,fda50693-a4e2-4fb1-afcf-c6eb07647777,-44
2018-06-14 19:09:41.052129,85,2,5,ac:23:3f:25:0f:b5,fda50693-a4e2-4fb1-afcf-c6eb07647777,-55
2018-06-14 19:09:41.448676,86,2,5,ac:23:3f:25:0f:b5,fda50693-a4e2-4fb1-afcf-c6eb07647777,-52
2018-06-14 19:09:41.871381,87,2,5,ac:23:3f:25:0f:b5,fda50693-a4e2-4fb1-afcf-c6eb07647777,-40
2018-06-14 19:09:42.064728,88,2,5,ac:23:3f:25:0f:b5,fda50693-a4e2-4fb1-afcf-c6eb07647777,-38
2018-06-14 19:09:42.470447,89,2,5,ac:23:3f:25:0f:b5,fda50693-a4e2-4fb1-afcf-c6eb07647777,-34
2018-06-14 19:09:42.692359,90,2,5,ac:23:3f:25:0f:b5,fda50693-a4e2-4fb1-afcf-c6eb07647777,-35
2018-06-14 19:09:42.899799,91,2,5,ac:23:3f:25:0f:b5,fda50693-a4e2-4fb1-afcf-c6eb07647777,-51
2018-06-14 19:09:43.091953,92,2,5,ac:23:3f:25:0f:b5,fda50693-a4e2-4fb1-afcf-c6eb07647777,-40
2018-06-14 19:09:43.297487,93,2,5,ac:23:3f:25:0f:b5,fda50693-a4e2-4fb1-afcf-c6eb07647777,-55
2018-06-14 19:09:43.496266,94,2,5,ac:23:3f:25:0f:b5,fda50693-a4e2-4fb1-afcf-c6eb07647777,-55
2018-06-14 19:09:43.915594,95,2,5,ac:23:3f:25:0f:b5,fda50693-a4e2-4fb1-afcf-c6eb07647777,-35
2018-06-14 19:09:44.125032,96,2,5,ac:23:3f:25:0f:b5,fda50693-a4e2-4fb1-afcf-c6eb07647777,-51
2018-06-14 19:09:44.330642,97,2,5,ac:23:3f:25:0f:b5,fda50693-a4e2-4fb1-afcf-c6eb07647777,-56
2018-06-14 19:09:44.522107,98,2,5,ac:23:3f:25:0f:b5,fda50693-a4e2-4fb1-afcf-c6eb07647777,-54
2018-06-14 19:09:44.920356,99,2,5,ac:23:3f:25:0f:b5,fda50693-a4e2-4fb1-afcf-c6eb07647777,-55
2018-06-14 19:09:45.125242,100,2,5,ac:23:3f:25:0f:b5,fda50693-a4e2-4fb1-afcf-c6eb07647777,-55
2018-06-14 19:09:45.328723,101,2,5,ac:23:3f:25:0f:b5,fda50693-a4e2-4fb1-afcf-c6eb07647777,-55
2018-06-14 19:09:45.749963,102,2,5,ac:23:3f:25:0f:b5,fda50693-a4e2-4fb1-afcf-c6eb07647777,-52
2018-06-14 19:09:45.969183,103,2,5,ac:23:3f:25:0f:b5,fda50693-a4e2-4fb1-afcf-c6eb07647777,-51
2018-06-14 19:09:46.150645,104,2,5,ac:23:3f:25:0f:b5,fda50693-a4e2-4fb1-afcf-c6eb07647777,-55
2018-06-14 19:09:46.350902,105,2,5,ac:23:3f:25:0f:b5,fda50693-a4e2-4fb1-afcf-c6eb07647777,-40
2018-06-14 19:09:46.553782,106,2,5,ac:23:3f:25:0f:b5,fda50693-a4e2-4fb1-afcf-c6eb07647777,-44
2018-06-14 19:09:46.778126,107,2,5,ac:23:3f:25:0f:b5,fda50693-a4e2-4fb1-afcf-c6eb07647777,-63
2018-06-14 19:09:47.394371,108,2,5,ac:23:3f:25:0f:b5,fda50693-a4e2-4fb1-afcf-c6eb07647777,-22
2018-06-14 19:09:47.604987,109,2,5,ac:23:3f:25:0f:b5,fda50693-a4e2-4fb1-afcf-c6eb07647777,-56
2018-06-14 19:09:47.807382,110,2,5,ac:23:3f:25:0f:b5,fda50693-a4e2-4fb1-afcf-c6eb07647777,-40
2018-06-14 19:09:48.009229,111,2,5,ac:23:3f:25:0f:b5,fda50693-a4e2-4fb1-afcf-c6eb07647777,-51
2018-06-14 19:09:48.205162,112,2,5,ac:23:3f:25:0f:b5,fda50693-a4e2-4fb1-afcf-c6eb07647777,-51
2018-06-14 19:09:48.619260,113,2,5,ac:23:3f:25:0f:b5,fda50693-a4e2-4fb1-afcf-c6eb07647777,-40
2018-06-14 19:09:48.824862,114,2,5,ac:23:3f:25:0f:b5,fda50693-a4e2-4fb1-afcf-c6eb07647777,-44
2018-06-14 19:09:49.025519,115,2,5,ac:23:3f:25:0f:b5,fda50693-a4e2-4fb1-afcf-c6eb07647777,-35
2018-06-14 19:09:49.442235,116,2,5,ac:23:3f:25:0f:b5,fda50693-a4e2-4fb1-afcf-c6eb07647777,-55
2018-06-14 19:09:49.627779,117,2,5,ac:23:3f:25:0f:b5,fda50693-a4e2-4fb1-afcf-c6eb07647777,-43
2018-06-14 19:09:50.044579,118,2,5,ac:23:3f:25:0f:b5,fda50693-a4e2-4fb1-afcf-c6eb07647777,-51
2018-06-14 19:09:50.249408,119,2,5,ac:23:3f:25:0f:b5,fda50693-a4e2-4fb1-afcf-c6eb07647777,-55
2018-06-14 19:09:50.454560,120,2,5,ac:23:3f:25:0f:b5,fda50693-a4e2-4fb1-afcf-c6eb07647777,-55
2018-06-14 19:09:50.661956,121,2,5,ac:23:3f:25:0f:b5,fda50693-a4e2-4fb1-afcf-c6eb07647777,-56
2018-06-14 19:09:51.058251,122,2,5,ac:23:3f:25:0f:b5,fda50693-a4e2-4fb1-afcf-c6eb07647777,-51
2018-06-14 19:09:51.271368,123,2,5,ac:23:3f:25:0f:b5,fda50693-a4e2-4fb1-afcf-c6eb07647777,-52
2018-06-14 19:09:51.477847,124,2,5,ac:23:3f:25:0f:b5,fda50693-a4e2-4fb1-afcf-c6eb07647777,-53
2018-06-14 19:09:51.681292,125,2,5,ac:23:3f:25:0f:b5,fda50693-a4e2-4fb1-afcf-c6eb07647777,-52
2018-06-14 19:09:51.875157,126,2,5,ac:23:3f:25:0f:b5,fda50693-a4e2-4fb1-afcf-c6eb07647777,-57
2018-06-14 19:09:52.076937,127,2,5,ac:23:3f:25:0f:b5,fda50693-a4e2-4fb1-afcf-c6eb07647777,-54
2018-06-14 19:09:52.283674,128,2,5,ac:23:3f:25:0f:b5,fda50693-a4e2-4fb1-afcf-c6eb07647777,-55
2018-06-14 19:09:52.501529,129,2,5,ac:23:3f:25:0f:b5,fda50693-a4e2-4fb1-afcf-c6eb07647777,-52
2018-06-14 19:09:52.696399,130,2,5,ac:23:3f:25:0f:b5,fda50693-a4e2-4fb1-afcf-c6eb07647777,-51
2018-06-14 19:09:52.899666,131,2,5,ac:23:3f:25:0f:b5,fda50693-a4e2-4fb1-afcf-c6eb07647777,-54
2018-06-14 19:09:53.109406,132,2,5,ac:23:3f:25:0f:b5,fda50693-a4e2-4fb1-afcf-c6eb07647777,-55
2018-06-14 19:09:53.551546,133,2,5,ac:23:3f:25:0f:b5,fda50693-a4e2-4fb1-afcf-c6eb07647777,-54
2018-06-14 19:09:53.726439,134,2,5,ac:23:3f:25:0f:b5,fda50693-a4e2-4fb1-afcf-c6eb07647777,-54
2018-06-14 19:09:54.134992,135,2,5,ac:23:3f:25:0f:b5,fda50693-a4e2-4fb1-afcf-c6eb07647777,-51
2018-06-14 19:09:54.355815,136,2,5,ac:23:3f:25:0f:b5,fda50693-a4e2-4fb1-afcf-c6eb07647777,-40
2018-06-14 19:09:54.545526,137,2,5,ac:23:3f:25:0f:b5,fda50693-a4e2-4fb1-afcf-c6eb07647777,-39
2018-06-14 19:09:54.749402,138,2,5,ac:23:3f:25:0f:b5,fda50693-a4e2-4fb1-afcf-c6eb07647777,-54
2018-06-14 19:09:54.956342,139,2,5,ac:23:3f:25:0f:b5,fda50693-a4e2-4fb1-afcf-c6eb07647777,-44
2018-06-14 19:09:55.189737,140,2,5,ac:23:3f:25:0f:b5,fda50693-a4e2-4fb1-afcf-c6eb07647777,-52
2018-06-14 19:09:55.567309,141,2,5,ac:23:3f:25:0f:b5,fda50693-a4e2-4fb1-afcf-c6eb07647777,-40
2018-06-14 19:09:55.767353,142,2,5,ac:23:3f:25:0f:b5,fda50693-a4e2-4fb1-afcf-c6eb07647777,-54
2018-06-14 19:09:55.987858,143,2,5,ac:23:3f:25:0f:b5,fda50693-a4e2-4fb1-afcf-c6eb07647777,-55
2018-06-14 19:09:56.206552,144,2,5,ac:23:3f:25:0f:b5,fda50693-a4e2-4fb1-afcf-c6eb07647777,-55
2018-06-14 19:09:56.393443,145,2,5,ac:23:3f:25:0f:b5,fda50693-a4e2-4fb1-afcf-c6eb07647777,-54
2018-06-14 19:09:56.598492,146,2,5,ac:23:3f:25:0f:b5,fda50693-a4e2-4fb1-afcf-c6eb07647777,-51
2018-06-14 19:09:56.803902,147,2,5,ac:23:3f:25:0f:b5,fda50693-a4e2-4fb1-afcf-c6eb07647777,-54
2018-06-14 19:09:57.255078,148,2,5,ac:23:3f:25:0f:b5,fda50693-a4e2-4fb1-afcf-c6eb07647777,-57
2018-06-14 19:09:57.413934,149,2,5,ac:23:3f:25:0f:b5,fda50693-a4e2-4fb1-afcf-c6eb07647777,-54
2018-06-14 19:09:57.617313,150,2,5,ac:23:3f:25:0f:b5,fda50693-a4e2-4fb1-afcf-c6eb07647777,-52
2018-06-14 19:09:57.815177,151,2,5,ac:23:3f:25:0f:b5,fda50693-a4e2-4fb1-afcf-c6eb07647777,-41
2018-06-14 19:09:58.026321,152,2,5,ac:23:3f:25:0f:b5,fda50693-a4e2-4fb1-afcf-c6eb07647777,-55
2018-06-14 19:09:58.231273,153,2,5,ac:23:3f:25:0f:b5,fda50693-a4e2-4fb1-afcf-c6eb07647777,-35
2018-06-14 19:09:58.421555,154,2,5,ac:23:3f:25:0f:b5,fda50693-a4e2-4fb1-afcf-c6eb07647777,-54
2018-06-14 19:09:58.621430,155,2,5,ac:23:3f:25:0f:b5,fda50693-a4e2-4fb1-afcf-c6eb07647777,-44
2018-06-14 19:09:58.830031,156,2,5,ac:23:3f:25:0f:b5,fda50693-a4e2-4fb1-afcf-c6eb07647777,-54
2018-06-14 19:09:59.042879,157,2,5,ac:23:3f:25:0f:b5,fda50693-a4e2-4fb1-afcf-c6eb07647777,-55
2018-06-14 19:09:59.449621,158,2,5,ac:23:3f:25:0f:b5,fda50693-a4e2-4fb1-afcf-c6eb07647777,-51
2018-06-14 19:09:59.860232,159,2,5,ac:23:3f:25:0f:b5,fda50693-a4e2-4fb1-afcf-c6eb07647777,-55
2018-06-14 19:10:00.066001,160,2,5,ac:23:3f:25:0f:b5,fda50693-a4e2-4fb1-afcf-c6eb07647777,-54
2018-06-14 19:10:00.270971,161,2,5,ac:23:3f:25:0f:b5,fda50693-a4e2-4fb1-afcf-c6eb07647777,-52
2018-06-14 19:10:00.466500,162,2,5,ac:23:3f:25:0f:b5,fda50693-a4e2-4fb1-afcf-c6eb07647777,-52
2018-06-14 19:10:00.674887,163,2,5,ac:23:3f:25:0f:b5,fda50693-a4e2-4fb1-afcf-c6eb07647777,-51
2018-06-14 19:10:00.880762,164,2,5,ac:23:3f:25:0f:b5,fda50693-a4e2-4fb1-afcf-c6eb07647777,-54
2018-06-14 19:10:01.090184,165,2,5,ac:23:3f:25:0f:b5,fda50693-a4e2-4fb1-afcf-c6eb07647777,-38
2018-06-14 19:10:01.491113,166,2,5,ac:23:3f:25:0f:b5,fda50693-a4e2-4fb1-afcf-c6eb07647777,-52
2018-06-14 19:10:01.691671,167,2,5,ac:23:3f:25:0f:b5,fda50693-a4e2-4fb1-afcf-c6eb07647777,-54
2018-06-14 19:10:01.899563,168,2,5,ac:23:3f:25:0f:b5,fda50693-a4e2-4fb1-afcf-c6eb07647777,-54
2018-06-14 19:10:02.107297,169,2,5,ac:23:3f:25:0f:b5,fda50693-a4e2-4fb1-afcf-c6eb07647777,-56
2018-06-14 19:10:02.312403,170,2,5,ac:23:3f:25:0f:b5,fda50693-a4e2-4fb1-afcf-c6eb07647777,-55
2018-06-14 19:10:02.517644,171,2,5,ac:23:3f:25:0f:b5,fda50693-a4e2-4fb1-afcf-c6eb07647777,-52
2018-06-14 19:10:02.720780,172,2,5,ac:23:3f:25:0f:b5,fda50693-a4e2-4fb1-afcf-c6eb07647777,-52
2018-06-14 19:10:02.926217,173,2,5,ac:23:3f:25:0f:b5,fda50693-a4e2-4fb1-afcf-c6eb07647777,-54
2018-06-14 19:10:03.330891,174,2,5,ac:23:3f:25:0f:b5,fda50693-a4e2-4fb1-afcf-c6eb07647777,-54
2018-06-14 19:10:03.958226,175,2,5,ac:23:3f:25:0f:b5,fda50693-a4e2-4fb1-afcf-c6eb07647777,-51
2018-06-14 19:10:04.161500,176,2,5,ac:23:3f:25:0f:b5,fda50693-a4e2-4fb1-afcf-c6eb07647777,-21
2018-06-14 19:10:04.364118,177,2,5,ac:23:3f:25:0f:b5,fda50693-a4e2-4fb1-afcf-c6eb07647777,-54
2018-06-14 19:10:04.564241,178,2,5,ac:23:3f:25:0f:b5,fda50693-a4e2-4fb1-afcf-c6eb07647777,-55
2018-06-14 19:10:04.965720,179,2,5,ac:23:3f:25:0f:b5,fda50693-a4e2-4fb1-afcf-c6eb07647777,-51
2018-06-14 19:10:05.172059,180,2,5,ac:23:3f:25:0f:b5,fda50693-a4e2-4fb1-afcf-c6eb07647777,-55
2018-06-14 19:10:05.378709,181,2,5,ac:23:3f:25:0f:b5,fda50693-a4e2-4fb1-afcf-c6eb07647777,-54
2018-06-14 19:10:05.588055,182,2,5,ac:23:3f:25:0f:b5,fda50693-a4e2-4fb1-afcf-c6eb07647777,-55
2018-06-14 19:10:06.205795,183,2,5,ac:23:3f:25:0f:b5,fda50693-a4e2-4fb1-afcf-c6eb07647777,-51
2018-06-14 19:10:06.407983,184,2,5,ac:23:3f:25:0f:b5,fda50693-a4e2-4fb1-afcf-c6eb07647777,-56
2018-06-14 19:10:06.615439,185,2,5,ac:23:3f:25:0f:b5,fda50693-a4e2-4fb1-afcf-c6eb07647777,-54
2018-06-14 19:10:06.822075,186,2,5,ac:23:3f:25:0f:b5,fda50693-a4e2-4fb1-afcf-c6eb07647777,-56
2018-06-14 19:10:07.028715,187,2,5,ac:23:3f:25:0f:b5,fda50693-a4e2-4fb1-afcf-c6eb07647777,-55
2018-06-14 19:10:07.237256,188,2,5,ac:23:3f:25:0f:b5,fda50693-a4e2-4fb1-afcf-c6eb07647777,-55
2018-06-14 19:10:07.439073,189,2,5,ac:23:3f:25:0f:b5,fda50693-a4e2-4fb1-afcf-c6eb07647777,-34
2018-06-14 19:10:07.852350,190,2,5,ac:23:3f:25:0f:b5,fda50693-a4e2-4fb1-afcf-c6eb07647777,-51
2018-06-14 19:10:08.044627,191,2,5,ac:23:3f:25:0f:b5,fda50693-a4e2-4fb1-afcf-c6eb07647777,-54
2018-06-14 19:10:08.245072,192,2,5,ac:23:3f:25:0f:b5,fda50693-a4e2-4fb1-afcf-c6eb07647777,-38
2018-06-14 19:10:08.448378,193,2,5,ac:23:3f:25:0f:b5,fda50693-a4e2-4fb1-afcf-c6eb07647777,-50
2018-06-14 19:10:08.649302,194,2,5,ac:23:3f:25:0f:b5,fda50693-a4e2-4fb1-afcf-c6eb07647777,-55
2018-06-14 19:10:08.860440,195,2,5,ac:23:3f:25:0f:b5,fda50693-a4e2-4fb1-afcf-c6eb07647777,-56
2018-06-14 19:10:09.066002,196,2,5,ac:23:3f:25:0f:b5,fda50693-a4e2-4fb1-afcf-c6eb07647777,-54
2018-06-14 19:10:09.266663,197,2,5,ac:23:3f:25:0f:b5,fda50693-a4e2-4fb1-afcf-c6eb07647777,-34
2018-06-14 19:10:09.470604,198,2,5,ac:23:3f:25:0f:b5,fda50693-a4e2-4fb1-afcf-c6eb07647777,-50
2018-06-14 19:10:09.678700,199,2,5,ac:23:3f:25:0f:b5,fda50693-a4e2-4fb1-afcf-c6eb07647777,-55
2018-06-14 19:10:09.874488,200,2,5,ac:23:3f:25:0f:b5,fda50693-a4e2-4fb1-afcf-c6eb07647777,-56
2018-06-14 19:10:10.077456,201,2,5,ac:23:3f:25:0f:b5,fda50693-a4e2-4fb1-afcf-c6eb07647777,-54
2018-06-14 19:10:10.285413,202,2,5,ac:23:3f:25:0f:b5,fda50693-a4e2-4fb1-afcf-c6eb07647777,-55
2018-06-14 19:10:10.495579,203,2,5,ac:23:3f:25:0f:b5,fda50693-a4e2-4fb1-afcf-c6eb07647777,-54
2018-06-14 19:10:10.705121,204,2,5,ac:23:3f:25:0f:b5,fda50693-a4e2-4fb1-afcf-c6eb07647777,-43
2018-06-14 19:10:10.913463,205,2,5,ac:23:3f:25:0f:b5,fda50693-a4e2-4fb1-afcf-c6eb07647777,-54
2018-06-14 19:10:11.334843,206,2,5,ac:23:3f:25:0f:b5,fda50693-a4e2-4fb1-afcf-c6eb07647777,-34
2018-06-14 19:10:11.532120,207,2,5,ac:23:3f:25:0f:b5,fda50693-a4e2-4fb1-afcf-c6eb07647777,-55
2018-06-14 19:10:11.737803,208,2,5,ac:23:3f:25:0f:b5,fda50693-a4e2-4fb1-afcf-c6eb07647777,-55
2018-06-14 19:10:11.944027,209,2,5,ac:23:3f:25:0f:b5,fda50693-a4e2-4fb1-afcf-c6eb07647777,-39
2018-06-14 19:10:12.151302,210,2,5,ac:23:3f:25:0f:b5,fda50693-a4e2-4fb1-afcf-c6eb07647777,-54
2018-06-14 19:10:12.351204,211,2,5,ac:23:3f:25:0f:b5,fda50693-a4e2-4fb1-afcf-c6eb07647777,-51
2018-06-14 19:10:12.550538,212,2,5,ac:23:3f:25:0f:b5,fda50693-a4e2-4fb1-afcf-c6eb07647777,-56
2018-06-14 19:10:12.751116,213,2,5,ac:23:3f:25:0f:b5,fda50693-a4e2-4fb1-afcf-c6eb07647777,-54
2018-06-14 19:10:12.957892,214,2,5,ac:23:3f:25:0f:b5,fda50693-a4e2-4fb1-afcf-c6eb07647777,-54
2018-06-14 19:10:13.378446,215,2,5,ac:23:3f:25:0f:b5,fda50693-a4e2-4fb1-afcf-c6eb07647777,-51
2018-06-14 19:10:13.572099,216,2,5,ac:23:3f:25:0f:b5,fda50693-a4e2-4fb1-afcf-c6eb07647777,-54
2018-06-14 19:10:13.774691,217,2,5,ac:23:3f:25:0f:b5,fda50693-a4e2-4fb1-afcf-c6eb07647777,-54
2018-06-14 19:10:13.975229,218,2,5,ac:23:3f:25:0f:b5,fda50693-a4e2-4fb1-afcf-c6eb07647777,-54
2018-06-14 19:10:14.396431,219,2,5,ac:23:3f:25:0f:b5,fda50693-a4e2-4fb1-afcf-c6eb07647777,-51
2018-06-14 19:10:14.599545,220,2,5,ac:23:3f:25:0f:b5,fda50693-a4e2-4fb1-afcf-c6eb07647777,-54
2018-06-14 19:10:14.804938,221,2,5,ac:23:3f:25:0f:b5,fda50693-a4e2-4fb1-afcf-c6eb07647777,-55
2018-06-14 19:10:15.007674,222,2,5,ac:23:3f:25:0f:b5,fda50693-a4e2-4fb1-afcf-c6eb07647777,-54
2018-06-14 19:10:15.212652,223,2,5,ac:23:3f:25:0f:b5,fda50693-a4e2-4fb1-afcf-c6eb07647777,-54
2018-06-14 19:10:15.417044,224,2,5,ac:23:3f:25:0f:b5,fda50693-a4e2-4fb1-afcf-c6eb07647777,-51
2018-06-14 19:10:15.622583,225,2,5,ac:23:3f:25:0f:b5,fda50693-a4e2-4fb1-afcf-c6eb07647777,-51
2018-06-14 19:10:16.031110,226,2,5,ac:23:3f:25:0f:b5,fda50693-a4e2-4fb1-afcf-c6eb07647777,-56
2018-06-14 19:10:16.237237,227,2,5,ac:23:3f:25:0f:b5,fda50693-a4e2-4fb1-afcf-c6eb07647777,-39
2018-06-14 19:10:16.441686,228,2,5,ac:23:3f:25:0f:b5,fda50693-a4e2-4fb1-afcf-c6eb07647777,-53
2018-06-14 19:10:16.856187,229,2,5,ac:23:3f:25:0f:b5,fda50693-a4e2-4fb1-afcf-c6eb07647777,-34
2018-06-14 19:10:17.065919,230,2,5,ac:23:3f:25:0f:b5,fda50693-a4e2-4fb1-afcf-c6eb07647777,-51
2018-06-14 19:10:17.271109,231,2,5,ac:23:3f:25:0f:b5,fda50693-a4e2-4fb1-afcf-c6eb07647777,-34
2018-06-14 19:10:17.474297,232,2,5,ac:23:3f:25:0f:b5,fda50693-a4e2-4fb1-afcf-c6eb07647777,-39
2018-06-14 19:10:18.087990,233,2,5,ac:23:3f:25:0f:b5,fda50693-a4e2-4fb1-afcf-c6eb07647777,-51
2018-06-14 19:10:18.291837,234,2,5,ac:23:3f:25:0f:b5,fda50693-a4e2-4fb1-afcf-c6eb07647777,-51
2018-06-14 19:10:18.497920,235,2,5,ac:23:3f:25:0f:b5,fda50693-a4e2-4fb1-afcf-c6eb07647777,-54
2018-06-14 19:10:18.704472,236,2,5,ac:23:3f:25:0f:b5,fda50693-a4e2-4fb1-afcf-c6eb07647777,-55
2018-06-14 19:10:18.897623,237,2,5,ac:23:3f:25:0f:b5,fda50693-a4e2-4fb1-afcf-c6eb07647777,-43
2018-06-14 19:10:19.305076,238,2,5,ac:23:3f:25:0f:b5,fda50693-a4e2-4fb1-afcf-c6eb07647777,-51
2018-06-14 19:10:19.521529,239,2,5,ac:23:3f:25:0f:b5,fda50693-a4e2-4fb1-afcf-c6eb07647777,-35
2018-06-14 19:10:19.719570,240,2,5,ac:23:3f:25:0f:b5,fda50693-a4e2-4fb1-afcf-c6eb07647777,-55
2018-06-14 19:10:19.920952,241,2,5,ac:23:3f:25:0f:b5,fda50693-a4e2-4fb1-afcf-c6eb07647777,-55
2018-06-14 19:10:20.128634,242,2,5,ac:23:3f:25:0f:b5,fda50693-a4e2-4fb1-afcf-c6eb07647777,-54
2018-06-14 19:10:20.543017,243,2,5,ac:23:3f:25:0f:b5,fda50693-a4e2-4fb1-afcf-c6eb07647777,-51
2018-06-14 19:10:20.744694,244,2,5,ac:23:3f:25:0f:b5,fda50693-a4e2-4fb1-afcf-c6eb07647777,-55
2018-06-14 19:10:20.945478,245,2,5,ac:23:3f:25:0f:b5,fda50693-a4e2-4fb1-afcf-c6eb07647777,-53
2018-06-14 19:10:21.353600,246,2,5,ac:23:3f:25:0f:b5,fda50693-a4e2-4fb1-afcf-c6eb07647777,-51
2018-06-14 19:10:21.557079,247,2,5,ac:23:3f:25:0f:b5,fda50693-a4e2-4fb1-afcf-c6eb07647777,-54
2018-06-14 19:10:21.761060,248,2,5,ac:23:3f:25:0f:b5,fda50693-a4e2-4fb1-afcf-c6eb07647777,-39
2018-06-14 19:10:21.968187,249,2,5,ac:23:3f:25:0f:b5,fda50693-a4e2-4fb1-afcf-c6eb07647777,-55
2018-06-14 19:10:22.176270,250,2,5,ac:23:3f:25:0f:b5,fda50693-a4e2-4fb1-afcf-c6eb07647777,-54
2018-06-14 19:10:22.386533,251,2,5,ac:23:3f:25:0f:b5,fda50693-a4e2-4fb1-afcf-c6eb07647777,-55
2018-06-14 19:10:22.598701,252,2,5,ac:23:3f:25:0f:b5,fda50693-a4e2-4fb1-afcf-c6eb07647777,-56
2018-06-14 19:10:22.797860,253,2,5,ac:23:3f:25:0f:b5,fda50693-a4e2-4fb1-afcf-c6eb07647777,-51
2018-06-14 19:10:23.006080,254,2,5,ac:23:3f:25:0f:b5,fda50693-a4e2-4fb1-afcf-c6eb07647777,-51
2018-06-14 19:10:23.417458,255,2,5,ac:23:3f:25:0f:b5,fda50693-a4e2-4fb1-afcf-c6eb07647777,-54
2018-06-14 19:10:23.618799,256,2,5,ac:23:3f:25:0f:b5,fda50693-a4e2-4fb1-afcf-c6eb07647777,-40
2018-06-14 19:10:23.822117,257,2,5,ac:23:3f:25:0f:b5,fda50693-a4e2-4fb1-afcf-c6eb07647777,-55
2018-06-14 19:10:24.025267,258,2,5,ac:23:3f:25:0f:b5,fda50693-a4e2-4fb1-afcf-c6eb07647777,-55
2018-06-14 19:10:24.445092,259,2,5,ac:23:3f:25:0f:b5,fda50693-a4e2-4fb1-afcf-c6eb07647777,-52
2018-06-14 19:10:24.637493,260,2,5,ac:23:3f:25:0f:b5,fda50693-a4e2-4fb1-afcf-c6eb07647777,-55
2018-06-14 19:10:25.261992,261,2,5,ac:23:3f:25:0f:b5,fda50693-a4e2-4fb1-afcf-c6eb07647777,-45
2018-06-14 19:10:25.464015,262,2,5,ac:23:3f:25:0f:b5,fda50693-a4e2-4fb1-afcf-c6eb07647777,-35
2018-06-14 19:10:25.667310,263,2,5,ac:23:3f:25:0f:b5,fda50693-a4e2-4fb1-afcf-c6eb07647777,-55
2018-06-14 19:10:25.865258,264,2,5,ac:23:3f:25:0f:b5,fda50693-a4e2-4fb1-afcf-c6eb07647777,-55
2018-06-14 19:10:26.072528,265,2,5,ac:23:3f:25:0f:b5,fda50693-a4e2-4fb1-afcf-c6eb07647777,-54
2018-06-14 19:10:26.485419,266,2,5,ac:23:3f:25:0f:b5,fda50693-a4e2-4fb1-afcf-c6eb07647777,-35
2018-06-14 19:10:26.693272,267,2,5,ac:23:3f:25:0f:b5,fda50693-a4e2-4fb1-afcf-c6eb07647777,-59
2018-06-14 19:10:26.886303,268,2,5,ac:23:3f:25:0f:b5,fda50693-a4e2-4fb1-afcf-c6eb07647777,-56
2018-06-14 19:10:27.092331,269,2,5,ac:23:3f:25:0f:b5,fda50693-a4e2-4fb1-afcf-c6eb07647777,-54
2018-06-14 19:10:27.298209,270,2,5,ac:23:3f:25:0f:b5,fda50693-a4e2-4fb1-afcf-c6eb07647777,-55
2018-06-14 19:10:27.515057,271,2,5,ac:23:3f:25:0f:b5,fda50693-a4e2-4fb1-afcf-c6eb07647777,-40
2018-06-14 19:10:27.914877,272,2,5,ac:23:3f:25:0f:b5,fda50693-a4e2-4fb1-afcf-c6eb07647777,-52
2018-06-14 19:10:28.121931,273,2,5,ac:23:3f:25:0f:b5,fda50693-a4e2-4fb1-afcf-c6eb07647777,-55
2018-06-14 19:10:28.335059,274,2,5,ac:23:3f:25:0f:b5,fda50693-a4e2-4fb1-afcf-c6eb07647777,-55
2018-06-14 19:10:28.536501,275,2,5,ac:23:3f:25:0f:b5,fda50693-a4e2-4fb1-afcf-c6eb07647777,-54
2018-06-14 19:10:28.744546,276,2,5,ac:23:3f:25:0f:b5,fda50693-a4e2-4fb1-afcf-c6eb07647777,-55
2018-06-14 19:10:28.945239,277,2,5,ac:23:3f:25:0f:b5,fda50693-a4e2-4fb1-afcf-c6eb07647777,-44
2018-06-14 19:10:29.572587,278,2,5,ac:23:3f:25:0f:b5,fda50693-a4e2-4fb1-afcf-c6eb07647777,-52
2018-06-14 19:10:29.772974,279,2,5,ac:23:3f:25:0f:b5,fda50693-a4e2-4fb1-afcf-c6eb07647777,-55
2018-06-14 19:10:29.982449,280,2,5,ac:23:3f:25:0f:b5,fda50693-a4e2-4fb1-afcf-c6eb07647777,-56
2018-06-14 19:10:30.184684,281,2,5,ac:23:3f:25:0f:b5,fda50693-a4e2-4fb1-afcf-c6eb07647777,-55
2018-06-14 19:10:30.388546,282,2,5,ac:23:3f:25:0f:b5,fda50693-a4e2-4fb1-afcf-c6eb07647777,-44
2018-06-14 19:10:30.808008,283,2,5,ac:23:3f:25:0f:b5,fda50693-a4e2-4fb1-afcf-c6eb07647777,-52
2018-06-14 19:10:31.000580,284,2,5,ac:23:3f:25:0f:b5,fda50693-a4e2-4fb1-afcf-c6eb07647777,-54
2018-06-14 19:10:31.206750,285,2,5,ac:23:3f:25:0f:b5,fda50693-a4e2-4fb1-afcf-c6eb07647777,-40
2018-06-14 19:10:31.406225,286,2,5,ac:23:3f:25:0f:b5,fda50693-a4e2-4fb1-afcf-c6eb07647777,-55
2018-06-14 19:10:31.831430,287,2,5,ac:23:3f:25:0f:b5,fda50693-a4e2-4fb1-afcf-c6eb07647777,-52
2018-06-14 19:10:32.030077,288,2,5,ac:23:3f:25:0f:b5,fda50693-a4e2-4fb1-afcf-c6eb07647777,-52
2018-06-14 19:10:32.233606,289,2,5,ac:23:3f:25:0f:b5,fda50693-a4e2-4fb1-afcf-c6eb07647777,-55
2018-06-14 19:10:32.436677,290,2,5,ac:23:3f:25:0f:b5,fda50693-a4e2-4fb1-afcf-c6eb07647777,-55
2018-06-14 19:10:32.658775,291,2,5,ac:23:3f:25:0f:b5,fda50693-a4e2-4fb1-afcf-c6eb07647777,-44
2018-06-14 19:10:32.847145,292,2,5,ac:23:3f:25:0f:b5,fda50693-a4e2-4fb1-afcf-c6eb07647777,-54
2018-06-14 19:10:33.057425,293,2,5,ac:23:3f:25:0f:b5,fda50693-a4e2-4fb1-afcf-c6eb07647777,-56
2018-06-14 19:10:33.265462,294,2,5,ac:23:3f:25:0f:b5,fda50693-a4e2-4fb1-afcf-c6eb07647777,-53
2018-06-14 19:10:33.678717,295,2,5,ac:23:3f:25:0f:b5,fda50693-a4e2-4fb1-afcf-c6eb07647777,-56
2018-06-14 19:10:33.875662,296,2,5,ac:23:3f:25:0f:b5,fda50693-a4e2-4fb1-afcf-c6eb07647777,-55
2018-06-14 19:10:34.284089,297,2,5,ac:23:3f:25:0f:b5,fda50693-a4e2-4fb1-afcf-c6eb07647777,-54
2018-06-14 19:10:34.514236,298,2,5,ac:23:3f:25:0f:b5,fda50693-a4e2-4fb1-afcf-c6eb07647777,-53
2018-06-14 19:10:34.695293,299,2,5,ac:23:3f:25:0f:b5,fda50693-a4e2-4fb1-afcf-c6eb07647777,-55
2018-06-14 19:10:34.895867,300,2,5,ac:23:3f:25:0f:b5,fda50693-a4e2-4fb1-afcf-c6eb07647777,-54
2018-06-14 19:10:35.097120,301,2,5,ac:23:3f:25:0f:b5,fda50693-a4e2-4fb1-afcf-c6eb07647777,-56
2018-06-14 19:10:35.309714,302,2,5,ac:23:3f:25:0f:b5,fda50693-a4e2-4fb1-afcf-c6eb07647777,-52
2018-06-14 19:10:35.508376,303,2,5,ac:23:3f:25:0f:b5,fda50693-a4e2-4fb1-afcf-c6eb07647777,-52
2018-06-14 19:10:35.717106,304,2,5,ac:23:3f:25:0f:b5,fda50693-a4e2-4fb1-afcf-c6eb07647777,-55
2018-06-14 19:10:35.928086,305,2,5,ac:23:3f:25:0f:b5,fda50693-a4e2-4fb1-afcf-c6eb07647777,-39
2018-06-14 19:10:36.151053,306,2,5,ac:23:3f:25:0f:b5,fda50693-a4e2-4fb1-afcf-c6eb07647777,-54
2018-06-14 19:10:36.333378,307,2,5,ac:23:3f:25:0f:b5,fda50693-a4e2-4fb1-afcf-c6eb07647777,-55
2018-06-14 19:10:36.539355,308,2,5,ac:23:3f:25:0f:b5,fda50693-a4e2-4fb1-afcf-c6eb07647777,-55
2018-06-14 19:10:36.741944,309,2,5,ac:23:3f:25:0f:b5,fda50693-a4e2-4fb1-afcf-c6eb07647777,-52
2018-06-14 19:10:36.963766,310,2,5,ac:23:3f:25:0f:b5,fda50693-a4e2-4fb1-afcf-c6eb07647777,-52
2018-06-14 19:10:37.379106,311,2,5,ac:23:3f:25:0f:b5,fda50693-a4e2-4fb1-afcf-c6eb07647777,-55
2018-06-14 19:10:37.592643,312,2,5,ac:23:3f:25:0f:b5,fda50693-a4e2-4fb1-afcf-c6eb07647777,-55
2018-06-14 19:10:37.775716,313,2,5,ac:23:3f:25:0f:b5,fda50693-a4e2-4fb1-afcf-c6eb07647777,-40
2018-06-14 19:10:37.981570,314,2,5,ac:23:3f:25:0f:b5,fda50693-a4e2-4fb1-afcf-c6eb07647777,-56
2018-06-14 19:10:38.181456,315,2,5,ac:23:3f:25:0f:b5,fda50693-a4e2-4fb1-afcf-c6eb07647777,-51
2018-06-14 19:10:38.403752,316,2,5,ac:23:3f:25:0f:b5,fda50693-a4e2-4fb1-afcf-c6eb07647777,-35
2018-06-14 19:10:38.813580,317,2,5,ac:23:3f:25:0f:b5,fda50693-a4e2-4fb1-afcf-c6eb07647777,-39
2018-06-14 19:10:39.204989,318,2,5,ac:23:3f:25:0f:b5,fda50693-a4e2-4fb1-afcf-c6eb07647777,-55
2018-06-14 19:10:39.416080,319,2,5,ac:23:3f:25:0f:b5,fda50693-a4e2-4fb1-afcf-c6eb07647777,-52
2018-06-14 19:10:39.648379,320,2,5,ac:23:3f:25:0f:b5,fda50693-a4e2-4fb1-afcf-c6eb07647777,-54
2018-06-14 19:10:39.822955,321,2,5,ac:23:3f:25:0f:b5,fda50693-a4e2-4fb1-afcf-c6eb07647777,-39
2018-06-14 19:10:40.024252,322,2,5,ac:23:3f:25:0f:b5,fda50693-a4e2-4fb1-afcf-c6eb07647777,-44
2018-06-14 19:10:40.451442,323,2,5,ac:23:3f:25:0f:b5,fda50693-a4e2-4fb1-afcf-c6eb07647777,-53
2018-06-14 19:10:40.638852,324,2,5,ac:23:3f:25:0f:b5,fda50693-a4e2-4fb1-afcf-c6eb07647777,-52
2018-06-14 19:10:40.837837,325,2,5,ac:23:3f:25:0f:b5,fda50693-a4e2-4fb1-afcf-c6eb07647777,-54
2018-06-14 19:10:41.453178,326,2,5,ac:23:3f:25:0f:b5,fda50693-a4e2-4fb1-afcf-c6eb07647777,-35
2018-06-14 19:10:41.648565,327,2,5,ac:23:3f:25:0f:b5,fda50693-a4e2-4fb1-afcf-c6eb07647777,-55
2018-06-14 19:10:42.263105,328,2,5,ac:23:3f:25:0f:b5,fda50693-a4e2-4fb1-afcf-c6eb07647777,-35
2018-06-14 19:10:42.671360,329,2,5,ac:23:3f:25:0f:b5,fda50693-a4e2-4fb1-afcf-c6eb07647777,-55
2018-06-14 19:10:43.327394,330,2,5,ac:23:3f:25:0f:b5,fda50693-a4e2-4fb1-afcf-c6eb07647777,-56
2018-06-14 19:10:43.516224,331,2,5,ac:23:3f:25:0f:b5,fda50693-a4e2-4fb1-afcf-c6eb07647777,-55
2018-06-14 19:10:43.733253,332,2,5,ac:23:3f:25:0f:b5,fda50693-a4e2-4fb1-afcf-c6eb07647777,-56
2018-06-14 19:10:43.921381,333,2,5,ac:23:3f:25:0f:b5,fda50693-a4e2-4fb1-afcf-c6eb07647777,-55
2018-06-14 19:10:44.141062,334,2,5,ac:23:3f:25:0f:b5,fda50693-a4e2-4fb1-afcf-c6eb07647777,-55
2018-06-14 19:10:44.344936,335,2,5,ac:23:3f:25:0f:b5,fda50693-a4e2-4fb1-afcf-c6eb07647777,-52
2018-06-14 19:10:44.550642,336,2,5,ac:23:3f:25:0f:b5,fda50693-a4e2-4fb1-afcf-c6eb07647777,-52
2018-06-14 19:10:44.767106,337,2,5,ac:23:3f:25:0f:b5,fda50693-a4e2-4fb1-afcf-c6eb07647777,-52
2018-06-14 19:10:44.964870,338,2,5,ac:23:3f:25:0f:b5,fda50693-a4e2-4fb1-afcf-c6eb07647777,-54
2018-06-14 19:10:45.181444,339,2,5,ac:23:3f:25:0f:b5,fda50693-a4e2-4fb1-afcf-c6eb07647777,-55
2018-06-14 19:10:45.370812,340,2,5,ac:23:3f:25:0f:b5,fda50693-a4e2-4fb1-afcf-c6eb07647777,-36
2018-06-14 19:10:45.584166,341,2,5,ac:23:3f:25:0f:b5,fda50693-a4e2-4fb1-afcf-c6eb07647777,-52
2018-06-14 19:10:45.772133,342,2,5,ac:23:3f:25:0f:b5,fda50693-a4e2-4fb1-afcf-c6eb07647777,-56
2018-06-14 19:10:45.976827,343,2,5,ac:23:3f:25:0f:b5,fda50693-a4e2-4fb1-afcf-c6eb07647777,-54
2018-06-14 19:10:46.181231,344,2,5,ac:23:3f:25:0f:b5,fda50693-a4e2-4fb1-afcf-c6eb07647777,-56
2018-06-14 19:10:46.387639,345,2,5,ac:23:3f:25:0f:b5,fda50693-a4e2-4fb1-afcf-c6eb07647777,-55
2018-06-14 19:10:46.592862,346,2,5,ac:23:3f:25:0f:b5,fda50693-a4e2-4fb1-afcf-c6eb07647777,-52
2018-06-14 19:10:46.786147,347,2,5,ac:23:3f:25:0f:b5,fda50693-a4e2-4fb1-afcf-c6eb07647777,-52
2018-06-14 19:10:46.989797,348,2,5,ac:23:3f:25:0f:b5,fda50693-a4e2-4fb1-afcf-c6eb07647777,-55
2018-06-14 19:10:47.197111,349,2,5,ac:23:3f:25:0f:b5,fda50693-a4e2-4fb1-afcf-c6eb07647777,-43
2018-06-14 19:10:47.616796,350,2,5,ac:23:3f:25:0f:b5,fda50693-a4e2-4fb1-afcf-c6eb07647777,-55
2018-06-14 19:10:47.820889,351,2,5,ac:23:3f:25:0f:b5,fda50693-a4e2-4fb1-afcf-c6eb07647777,-52
2018-06-14 19:10:48.023964,352,2,5,ac:23:3f:25:0f:b5,fda50693-a4e2-4fb1-afcf-c6eb07647777,-52
2018-06-14 19:10:48.234860,353,2,5,ac:23:3f:25:0f:b5,fda50693-a4e2-4fb1-afcf-c6eb07647777,-52
2018-06-14 19:10:48.435228,354,2,5,ac:23:3f:25:0f:b5,fda50693-a4e2-4fb1-afcf-c6eb07647777,-55
2018-06-14 19:10:48.654487,355,2,5,ac:23:3f:25:0f:b5,fda50693-a4e2-4fb1-afcf-c6eb07647777,-55
2018-06-14 19:10:49.045225,356,2,5,ac:23:3f:25:0f:b5,fda50693-a4e2-4fb1-afcf-c6eb07647777,-52
2018-06-14 19:10:49.246736,357,2,5,ac:23:3f:25:0f:b5,fda50693-a4e2-4fb1-afcf-c6eb07647777,-52
2018-06-14 19:10:49.661915,358,2,5,ac:23:3f:25:0f:b5,fda50693-a4e2-4fb1-afcf-c6eb07647777,-54
2018-06-14 19:10:49.864261,359,2,5,ac:23:3f:25:0f:b5,fda50693-a4e2-4fb1-afcf-c6eb07647777,-44
2018-06-14 19:10:50.082701,360,2,5,ac:23:3f:25:0f:b5,fda50693-a4e2-4fb1-afcf-c6eb07647777,-51
2018-06-14 19:10:50.272908,361,2,5,ac:23:3f:25:0f:b5,fda50693-a4e2-4fb1-afcf-c6eb07647777,-52
2018-06-14 19:10:50.681393,362,2,5,ac:23:3f:25:0f:b5,fda50693-a4e2-4fb1-afcf-c6eb07647777,-41
2018-06-14 19:10:50.899757,363,2,5,ac:23:3f:25:0f:b5,fda50693-a4e2-4fb1-afcf-c6eb07647777,-55
2018-06-14 19:10:51.104385,364,2,5,ac:23:3f:25:0f:b5,fda50693-a4e2-4fb1-afcf-c6eb07647777,-52
2018-06-14 19:10:51.301509,365,2,5,ac:23:3f:25:0f:b5,fda50693-a4e2-4fb1-afcf-c6eb07647777,-34
2018-06-14 19:10:51.506477,366,2,5,ac:23:3f:25:0f:b5,fda50693-a4e2-4fb1-afcf-c6eb07647777,-52
2018-06-14 19:10:51.715611,367,2,5,ac:23:3f:25:0f:b5,fda50693-a4e2-4fb1-afcf-c6eb07647777,-40
2018-06-14 19:10:51.920930,368,2,5,ac:23:3f:25:0f:b5,fda50693-a4e2-4fb1-afcf-c6eb07647777,-55
2018-06-14 19:10:52.138980,369,2,5,ac:23:3f:25:0f:b5,fda50693-a4e2-4fb1-afcf-c6eb07647777,-54
2018-06-14 19:10:52.724111,370,2,5,ac:23:3f:25:0f:b5,fda50693-a4e2-4fb1-afcf-c6eb07647777,-41
2018-06-14 19:10:53.125244,371,2,5,ac:23:3f:25:0f:b5,fda50693-a4e2-4fb1-afcf-c6eb07647777,-55
2018-06-14 19:10:53.535899,372,2,5,ac:23:3f:25:0f:b5,fda50693-a4e2-4fb1-afcf-c6eb07647777,-52
2018-06-14 19:10:53.748368,373,2,5,ac:23:3f:25:0f:b5,fda50693-a4e2-4fb1-afcf-c6eb07647777,-56
2018-06-14 19:10:53.959110,374,2,5,ac:23:3f:25:0f:b5,fda50693-a4e2-4fb1-afcf-c6eb07647777,-55
2018-06-14 19:10:54.147340,375,2,5,ac:23:3f:25:0f:b5,fda50693-a4e2-4fb1-afcf-c6eb07647777,-54
2018-06-14 19:10:54.351357,376,2,5,ac:23:3f:25:0f:b5,fda50693-a4e2-4fb1-afcf-c6eb07647777,-52
2018-06-14 19:10:54.777990,377,2,5,ac:23:3f:25:0f:b5,fda50693-a4e2-4fb1-afcf-c6eb07647777,-56
2018-06-14 19:10:54.962411,378,2,5,ac:23:3f:25:0f:b5,fda50693-a4e2-4fb1-afcf-c6eb07647777,-44
2018-06-14 19:10:55.370286,379,2,5,ac:23:3f:25:0f:b5,fda50693-a4e2-4fb1-afcf-c6eb07647777,-88
2018-06-14 19:10:55.585072,380,2,5,ac:23:3f:25:0f:b5,fda50693-a4e2-4fb1-afcf-c6eb07647777,-64
2018-06-14 19:10:55.786861,381,2,5,ac:23:3f:25:0f:b5,fda50693-a4e2-4fb1-afcf-c6eb07647777,-54
2018-06-14 19:10:55.996170,382,2,5,ac:23:3f:25:0f:b5,fda50693-a4e2-4fb1-afcf-c6eb07647777,-54
2018-06-14 19:10:56.204231,383,2,5,ac:23:3f:25:0f:b5,fda50693-a4e2-4fb1-afcf-c6eb07647777,-54
2018-06-14 19:10:56.404335,384,2,5,ac:23:3f:25:0f:b5,fda50693-a4e2-4fb1-afcf-c6eb07647777,-56
2018-06-14 19:10:56.606600,385,2,5,ac:23:3f:25:0f:b5,fda50693-a4e2-4fb1-afcf-c6eb07647777,-51
2018-06-14 19:10:56.810961,386,2,5,ac:23:3f:25:0f:b5,fda50693-a4e2-4fb1-afcf-c6eb07647777,-52
2018-06-14 19:10:57.019320,387,2,5,ac:23:3f:25:0f:b5,fda50693-a4e2-4fb1-afcf-c6eb07647777,-54
2018-06-14 19:10:57.222361,388,2,5,ac:23:3f:25:0f:b5,fda50693-a4e2-4fb1-afcf-c6eb07647777,-55
2018-06-14 19:10:57.440891,389,2,5,ac:23:3f:25:0f:b5,fda50693-a4e2-4fb1-afcf-c6eb07647777,-56
2018-06-14 19:10:57.841391,390,2,5,ac:23:3f:25:0f:b5,fda50693-a4e2-4fb1-afcf-c6eb07647777,-54
2018-06-14 19:10:58.459086,391,2,5,ac:23:3f:25:0f:b5,fda50693-a4e2-4fb1-afcf-c6eb07647777,-54
2018-06-14 19:10:58.666308,392,2,5,ac:23:3f:25:0f:b5,fda50693-a4e2-4fb1-afcf-c6eb07647777,-56
2018-06-14 19:10:59.074390,393,2,5,ac:23:3f:25:0f:b5,fda50693-a4e2-4fb1-afcf-c6eb07647777,-54
2018-06-14 19:10:59.282159,394,2,5,ac:23:3f:25:0f:b5,fda50693-a4e2-4fb1-afcf-c6eb07647777,-54
2018-06-14 19:11:00.097583,395,2,5,ac:23:3f:25:0f:b5,fda50693-a4e2-4fb1-afcf-c6eb07647777,-54
2018-06-14 19:11:00.501972,396,2,5,ac:23:3f:25:0f:b5,fda50693-a4e2-4fb1-afcf-c6eb07647777,-52
2018-06-14 19:11:00.709200,397,2,5,ac:23:3f:25:0f:b5,fda50693-a4e2-4fb1-afcf-c6eb07647777,-52
2018-06-14 19:11:00.921786,398,2,5,ac:23:3f:25:0f:b5,fda50693-a4e2-4fb1-afcf-c6eb07647777,-34
2018-06-14 19:11:01.348717,399,2,5,ac:23:3f:25:0f:b5,fda50693-a4e2-4fb1-afcf-c6eb07647777,-56
2018-06-14 19:11:01.748379,400,2,5,ac:23:3f:25:0f:b5,fda50693-a4e2-4fb1-afcf-c6eb07647777,-56
2018-06-14 19:11:01.964531,401,2,5,ac:23:3f:25:0f:b5,fda50693-a4e2-4fb1-afcf-c6eb07647777,-55
2018-06-14 19:11:02.171682,402,2,5,ac:23:3f:25:0f:b5,fda50693-a4e2-4fb1-afcf-c6eb07647777,-55
2018-06-14 19:11:02.377082,403,2,5,ac:23:3f:25:0f:b5,fda50693-a4e2-4fb1-afcf-c6eb07647777,-51
2018-06-14 19:11:02.565596,404,2,5,ac:23:3f:25:0f:b5,fda50693-a4e2-4fb1-afcf-c6eb07647777,-55
2018-06-14 19:11:02.783225,405,2,5,ac:23:3f:25:0f:b5,fda50693-a4e2-4fb1-afcf-c6eb07647777,-40
2018-06-14 19:11:02.973406,406,2,5,ac:23:3f:25:0f:b5,fda50693-a4e2-4fb1-afcf-c6eb07647777,-55
2018-06-14 19:11:03.194837,407,2,5,ac:23:3f:25:0f:b5,fda50693-a4e2-4fb1-afcf-c6eb07647777,-58
2018-06-14 19:11:03.383242,408,2,5,ac:23:3f:25:0f:b5,fda50693-a4e2-4fb1-afcf-c6eb07647777,-53
2018-06-14 19:11:03.592977,409,2,5,ac:23:3f:25:0f:b5,fda50693-a4e2-4fb1-afcf-c6eb07647777,-35
2018-06-14 19:11:03.794822,410,2,5,ac:23:3f:25:0f:b5,fda50693-a4e2-4fb1-afcf-c6eb07647777,-52
2018-06-14 19:11:04.015813,411,2,5,ac:23:3f:25:0f:b5,fda50693-a4e2-4fb1-afcf-c6eb07647777,-55
2018-06-14 19:11:04.210809,412,2,5,ac:23:3f:25:0f:b5,fda50693-a4e2-4fb1-afcf-c6eb07647777,-41
2018-06-14 19:11:04.411117,413,2,5,ac:23:3f:25:0f:b5,fda50693-a4e2-4fb1-afcf-c6eb07647777,-56
2018-06-14 19:11:04.828700,414,2,5,ac:23:3f:25:0f:b5,fda50693-a4e2-4fb1-afcf-c6eb07647777,-52
2018-06-14 19:11:05.240530,415,2,5,ac:23:3f:25:0f:b5,fda50693-a4e2-4fb1-afcf-c6eb07647777,-55
2018-06-14 19:11:05.443626,416,2,5,ac:23:3f:25:0f:b5,fda50693-a4e2-4fb1-afcf-c6eb07647777,-55
2018-06-14 19:11:06.047040,417,2,5,ac:23:3f:25:0f:b5,fda50693-a4e2-4fb1-afcf-c6eb07647777,-56
2018-06-14 19:11:06.253044,418,2,5,ac:23:3f:25:0f:b5,fda50693-a4e2-4fb1-afcf-c6eb07647777,-54
2018-06-14 19:11:06.455792,419,2,5,ac:23:3f:25:0f:b5,fda50693-a4e2-4fb1-afcf-c6eb07647777,-54
2018-06-14 19:11:06.665619,420,2,5,ac:23:3f:25:0f:b5,fda50693-a4e2-4fb1-afcf-c6eb07647777,-55
2018-06-14 19:11:06.872444,421,2,5,ac:23:3f:25:0f:b5,fda50693-a4e2-4fb1-afcf-c6eb07647777,-56
2018-06-14 19:11:07.076452,422,2,5,ac:23:3f:25:0f:b5,fda50693-a4e2-4fb1-afcf-c6eb07647777,-51
2018-06-14 19:11:07.282545,423,2,5,ac:23:3f:25:0f:b5,fda50693-a4e2-4fb1-afcf-c6eb07647777,-55
2018-06-14 19:11:07.487767,424,2,5,ac:23:3f:25:0f:b5,fda50693-a4e2-4fb1-afcf-c6eb07647777,-43
2018-06-14 19:11:07.695105,425,2,5,ac:23:3f:25:0f:b5,fda50693-a4e2-4fb1-afcf-c6eb07647777,-55
2018-06-14 19:11:07.887746,426,2,5,ac:23:3f:25:0f:b5,fda50693-a4e2-4fb1-afcf-c6eb07647777,-54
2018-06-14 19:11:08.093632,427,2,5,ac:23:3f:25:0f:b5,fda50693-a4e2-4fb1-afcf-c6eb07647777,-52
2018-06-14 19:11:08.292103,428,2,5,ac:23:3f:25:0f:b5,fda50693-a4e2-4fb1-afcf-c6eb07647777,-56
2018-06-14 19:11:08.503959,429,2,5,ac:23:3f:25:0f:b5,fda50693-a4e2-4fb1-afcf-c6eb07647777,-55
2018-06-14 19:11:08.718983,430,2,5,ac:23:3f:25:0f:b5,fda50693-a4e2-4fb1-afcf-c6eb07647777,-39
2018-06-14 19:11:08.911293,431,2,5,ac:23:3f:25:0f:b5,fda50693-a4e2-4fb1-afcf-c6eb07647777,-54
2018-06-14 19:11:09.115612,432,2,5,ac:23:3f:25:0f:b5,fda50693-a4e2-4fb1-afcf-c6eb07647777,-51
2018-06-14 19:11:09.319376,433,2,5,ac:23:3f:25:0f:b5,fda50693-a4e2-4fb1-afcf-c6eb07647777,-40
2018-06-14 19:11:09.728888,434,2,5,ac:23:3f:25:0f:b5,fda50693-a4e2-4fb1-afcf-c6eb07647777,-54
2018-06-14 19:11:10.135127,435,2,5,ac:23:3f:25:0f:b5,fda50693-a4e2-4fb1-afcf-c6eb07647777,-51
2018-06-14 19:11:10.338296,436,2,5,ac:23:3f:25:0f:b5,fda50693-a4e2-4fb1-afcf-c6eb07647777,-55
2018-06-14 19:11:10.942773,437,2,5,ac:23:3f:25:0f:b5,fda50693-a4e2-4fb1-afcf-c6eb07647777,-52
2018-06-14 19:11:11.151908,438,2,5,ac:23:3f:25:0f:b5,fda50693-a4e2-4fb1-afcf-c6eb07647777,-51
2018-06-14 19:11:11.355933,439,2,5,ac:23:3f:25:0f:b5,fda50693-a4e2-4fb1-afcf-c6eb07647777,-63
2018-06-14 19:11:11.564559,440,2,5,ac:23:3f:25:0f:b5,fda50693-a4e2-4fb1-afcf-c6eb07647777,-40
2018-06-14 19:11:11.772162,441,2,5,ac:23:3f:25:0f:b5,fda50693-a4e2-4fb1-afcf-c6eb07647777,-56
2018-06-14 19:11:11.973182,442,2,5,ac:23:3f:25:0f:b5,fda50693-a4e2-4fb1-afcf-c6eb07647777,-54
2018-06-14 19:11:12.175261,443,2,5,ac:23:3f:25:0f:b5,fda50693-a4e2-4fb1-afcf-c6eb07647777,-52
2018-06-14 19:11:12.374975,444,2,5,ac:23:3f:25:0f:b5,fda50693-a4e2-4fb1-afcf-c6eb07647777,-54
2018-06-14 19:11:12.575619,445,2,5,ac:23:3f:25:0f:b5,fda50693-a4e2-4fb1-afcf-c6eb07647777,-55
2018-06-14 19:11:12.775221,446,2,5,ac:23:3f:25:0f:b5,fda50693-a4e2-4fb1-afcf-c6eb07647777,-55
2018-06-14 19:11:13.409093,447,2,5,ac:23:3f:25:0f:b5,fda50693-a4e2-4fb1-afcf-c6eb07647777,-51
2018-06-14 19:11:13.814061,448,2,5,ac:23:3f:25:0f:b5,fda50693-a4e2-4fb1-afcf-c6eb07647777,-54
2018-06-14 19:11:14.014479,449,2,5,ac:23:3f:25:0f:b5,fda50693-a4e2-4fb1-afcf-c6eb07647777,-55
2018-06-14 19:11:14.221531,450,2,5,ac:23:3f:25:0f:b5,fda50693-a4e2-4fb1-afcf-c6eb07647777,-55
2018-06-14 19:11:14.430553,451,2,5,ac:23:3f:25:0f:b5,fda50693-a4e2-4fb1-afcf-c6eb07647777,-51
2018-06-14 19:11:14.635417,452,2,5,ac:23:3f:25:0f:b5,fda50693-a4e2-4fb1-afcf-c6eb07647777,-52
2018-06-14 19:11:14.841789,453,2,5,ac:23:3f:25:0f:b5,fda50693-a4e2-4fb1-afcf-c6eb07647777,-22
2018-06-14 19:11:15.048577,454,2,5,ac:23:3f:25:0f:b5,fda50693-a4e2-4fb1-afcf-c6eb07647777,-40
2018-06-14 19:11:15.250389,455,2,5,ac:23:3f:25:0f:b5,fda50693-a4e2-4fb1-afcf-c6eb07647777,-55
2018-06-14 19:11:15.451850,456,2,5,ac:23:3f:25:0f:b5,fda50693-a4e2-4fb1-afcf-c6eb07647777,-55
2018-06-14 19:11:15.658946,457,2,5,ac:23:3f:25:0f:b5,fda50693-a4e2-4fb1-afcf-c6eb07647777,-55
2018-06-14 19:11:15.873141,458,2,5,ac:23:3f:25:0f:b5,fda50693-a4e2-4fb1-afcf-c6eb07647777,-54
2018-06-14 19:11:16.293989,459,2,5,ac:23:3f:25:0f:b5,fda50693-a4e2-4fb1-afcf-c6eb07647777,-51
2018-06-14 19:11:16.496352,460,2,5,ac:23:3f:25:0f:b5,fda50693-a4e2-4fb1-afcf-c6eb07647777,-51
2018-06-14 19:11:16.695763,461,2,5,ac:23:3f:25:0f:b5,fda50693-a4e2-4fb1-afcf-c6eb07647777,-54
2018-06-14 19:11:17.308822,462,2,5,ac:23:3f:25:0f:b5,fda50693-a4e2-4fb1-afcf-c6eb07647777,-51
2018-06-14 19:11:17.511677,463,2,5,ac:23:3f:25:0f:b5,fda50693-a4e2-4fb1-afcf-c6eb07647777,-51
2018-06-14 19:11:17.712939,464,2,5,ac:23:3f:25:0f:b5,fda50693-a4e2-4fb1-afcf-c6eb07647777,-55
2018-06-14 19:11:17.912858,465,2,5,ac:23:3f:25:0f:b5,fda50693-a4e2-4fb1-afcf-c6eb07647777,-55
2018-06-14 19:11:18.119764,466,2,5,ac:23:3f:25:0f:b5,fda50693-a4e2-4fb1-afcf-c6eb07647777,-51
2018-06-14 19:11:18.323452,467,2,5,ac:23:3f:25:0f:b5,fda50693-a4e2-4fb1-afcf-c6eb07647777,-51
2018-06-14 19:11:18.531500,468,2,5,ac:23:3f:25:0f:b5,fda50693-a4e2-4fb1-afcf-c6eb07647777,-54
2018-06-14 19:11:18.737175,469,2,5,ac:23:3f:25:0f:b5,fda50693-a4e2-4fb1-afcf-c6eb07647777,-55
2018-06-14 19:11:18.939721,470,2,5,ac:23:3f:25:0f:b5,fda50693-a4e2-4fb1-afcf-c6eb07647777,-55
2018-06-14 19:11:19.144181,471,2,5,ac:23:3f:25:0f:b5,fda50693-a4e2-4fb1-afcf-c6eb07647777,-39
2018-06-14 19:11:19.559130,472,2,5,ac:23:3f:25:0f:b5,fda50693-a4e2-4fb1-afcf-c6eb07647777,-51
2018-06-14 19:11:19.754483,473,2,5,ac:23:3f:25:0f:b5,fda50693-a4e2-4fb1-afcf-c6eb07647777,-51
2018-06-14 19:11:19.957795,474,2,5,ac:23:3f:25:0f:b5,fda50693-a4e2-4fb1-afcf-c6eb07647777,-54
2018-06-14 19:11:20.158176,475,2,5,ac:23:3f:25:0f:b5,fda50693-a4e2-4fb1-afcf-c6eb07647777,-54
2018-06-14 19:11:20.575899,476,2,5,ac:23:3f:25:0f:b5,fda50693-a4e2-4fb1-afcf-c6eb07647777,-51
2018-06-14 19:11:20.775706,477,2,5,ac:23:3f:25:0f:b5,fda50693-a4e2-4fb1-afcf-c6eb07647777,-55
2018-06-14 19:11:20.985215,478,2,5,ac:23:3f:25:0f:b5,fda50693-a4e2-4fb1-afcf-c6eb07647777,-56
2018-06-14 19:11:21.194333,479,2,5,ac:23:3f:25:0f:b5,fda50693-a4e2-4fb1-afcf-c6eb07647777,-57
2018-06-14 19:11:21.399658,480,2,5,ac:23:3f:25:0f:b5,fda50693-a4e2-4fb1-afcf-c6eb07647777,-56
2018-06-14 19:11:21.604334,481,2,5,ac:23:3f:25:0f:b5,fda50693-a4e2-4fb1-afcf-c6eb07647777,-44
2018-06-14 19:11:22.013429,482,2,5,ac:23:3f:25:0f:b5,fda50693-a4e2-4fb1-afcf-c6eb07647777,-51
2018-06-14 19:11:22.217002,483,2,5,ac:23:3f:25:0f:b5,fda50693-a4e2-4fb1-afcf-c6eb07647777,-55
2018-06-14 19:11:22.413115,484,2,5,ac:23:3f:25:0f:b5,fda50693-a4e2-4fb1-afcf-c6eb07647777,-43
2018-06-14 19:11:22.617170,485,2,5,ac:23:3f:25:0f:b5,fda50693-a4e2-4fb1-afcf-c6eb07647777,-51
2018-06-14 19:11:23.028831,486,2,5,ac:23:3f:25:0f:b5,fda50693-a4e2-4fb1-afcf-c6eb07647777,-40
2018-06-14 19:11:23.228213,487,2,5,ac:23:3f:25:0f:b5,fda50693-a4e2-4fb1-afcf-c6eb07647777,-55
2018-06-14 19:11:23.438036,488,2,5,ac:23:3f:25:0f:b5,fda50693-a4e2-4fb1-afcf-c6eb07647777,-54
2018-06-14 19:11:23.644777,489,2,5,ac:23:3f:25:0f:b5,fda50693-a4e2-4fb1-afcf-c6eb07647777,-43
2018-06-14 19:11:24.069582,490,2,5,ac:23:3f:25:0f:b5,fda50693-a4e2-4fb1-afcf-c6eb07647777,-51
2018-06-14 19:11:24.265743,491,2,5,ac:23:3f:25:0f:b5,fda50693-a4e2-4fb1-afcf-c6eb07647777,-34
2018-06-14 19:11:24.466231,492,2,5,ac:23:3f:25:0f:b5,fda50693-a4e2-4fb1-afcf-c6eb07647777,-54
2018-06-14 19:11:24.668190,493,2,5,ac:23:3f:25:0f:b5,fda50693-a4e2-4fb1-afcf-c6eb07647777,-54
2018-06-14 19:11:24.870492,494,2,5,ac:23:3f:25:0f:b5,fda50693-a4e2-4fb1-afcf-c6eb07647777,-52
2018-06-14 19:11:25.078371,495,2,5,ac:23:3f:25:0f:b5,fda50693-a4e2-4fb1-afcf-c6eb07647777,-51
2018-06-14 19:11:25.285197,496,2,5,ac:23:3f:25:0f:b5,fda50693-a4e2-4fb1-afcf-c6eb07647777,-34
2018-06-14 19:11:25.493680,497,2,5,ac:23:3f:25:0f:b5,fda50693-a4e2-4fb1-afcf-c6eb07647777,-51
2018-06-14 19:11:25.703610,498,2,5,ac:23:3f:25:0f:b5,fda50693-a4e2-4fb1-afcf-c6eb07647777,-54
2018-06-14 19:11:25.909488,499,2,5,ac:23:3f:25:0f:b5,fda50693-a4e2-4fb1-afcf-c6eb07647777,-54
2018-06-14 19:11:26.326588,500,2,5,ac:23:3f:25:0f:b5,fda50693-a4e2-4fb1-afcf-c6eb07647777,-55
2018-06-14 19:11:26.749441,501,2,5,ac:23:3f:25:0f:b5,fda50693-a4e2-4fb1-afcf-c6eb07647777,-39
2018-06-14 19:11:26.953042,502,2,5,ac:23:3f:25:0f:b5,fda50693-a4e2-4fb1-afcf-c6eb07647777,-44
2018-06-14 19:11:27.157719,503,2,5,ac:23:3f:25:0f:b5,fda50693-a4e2-4fb1-afcf-c6eb07647777,-51
2018-06-14 19:11:27.348954,504,2,5,ac:23:3f:25:0f:b5,fda50693-a4e2-4fb1-afcf-c6eb07647777,-57
2018-06-14 19:11:27.579739,505,2,5,ac:23:3f:25:0f:b5,fda50693-a4e2-4fb1-afcf-c6eb07647777,-40
2018-06-14 19:11:27.767905,506,2,5,ac:23:3f:25:0f:b5,fda50693-a4e2-4fb1-afcf-c6eb07647777,-54
2018-06-14 19:11:28.178749,507,2,5,ac:23:3f:25:0f:b5,fda50693-a4e2-4fb1-afcf-c6eb07647777,-55
2018-06-14 19:11:28.591414,508,2,5,ac:23:3f:25:0f:b5,fda50693-a4e2-4fb1-afcf-c6eb07647777,-34
2018-06-14 19:11:28.791269,509,2,5,ac:23:3f:25:0f:b5,fda50693-a4e2-4fb1-afcf-c6eb07647777,-54
2018-06-14 19:11:28.997298,510,2,5,ac:23:3f:25:0f:b5,fda50693-a4e2-4fb1-afcf-c6eb07647777,-54
2018-06-14 19:11:29.202406,511,2,5,ac:23:3f:25:0f:b5,fda50693-a4e2-4fb1-afcf-c6eb07647777,-54
2018-06-14 19:11:29.410520,512,2,5,ac:23:3f:25:0f:b5,fda50693-a4e2-4fb1-afcf-c6eb07647777,-54
2018-06-14 19:11:29.608962,513,2,5,ac:23:3f:25:0f:b5,fda50693-a4e2-4fb1-afcf-c6eb07647777,-51
2018-06-14 19:11:29.809834,514,2,5,ac:23:3f:25:0f:b5,fda50693-a4e2-4fb1-afcf-c6eb07647777,-54
2018-06-14 19:11:30.015489,515,2,5,ac:23:3f:25:0f:b5,fda50693-a4e2-4fb1-afcf-c6eb07647777,-39
2018-06-14 19:11:30.223046,516,2,5,ac:23:3f:25:0f:b5,fda50693-a4e2-4fb1-afcf-c6eb07647777,-54
2018-06-14 19:11:30.628371,517,2,5,ac:23:3f:25:0f:b5,fda50693-a4e2-4fb1-afcf-c6eb07647777,-51
2018-06-14 19:11:30.840796,518,2,5,ac:23:3f:25:0f:b5,fda50693-a4e2-4fb1-afcf-c6eb07647777,-55
2018-06-14 19:11:31.046093,519,2,5,ac:23:3f:25:0f:b5,fda50693-a4e2-4fb1-afcf-c6eb07647777,-55
2018-06-14 19:11:31.857036,520,2,5,ac:23:3f:25:0f:b5,fda50693-a4e2-4fb1-afcf-c6eb07647777,-51
2018-06-14 19:11:32.266004,521,2,5,ac:23:3f:25:0f:b5,fda50693-a4e2-4fb1-afcf-c6eb07647777,-55
2018-06-14 19:11:32.465321,522,2,5,ac:23:3f:25:0f:b5,fda50693-a4e2-4fb1-afcf-c6eb07647777,-54
2018-06-14 19:11:32.890213,523,2,5,ac:23:3f:25:0f:b5,fda50693-a4e2-4fb1-afcf-c6eb07647777,-34
2018-06-14 19:11:33.099630,524,2,5,ac:23:3f:25:0f:b5,fda50693-a4e2-4fb1-afcf-c6eb07647777,-34
2018-06-14 19:11:33.295800,525,2,5,ac:23:3f:25:0f:b5,fda50693-a4e2-4fb1-afcf-c6eb07647777,-55
2018-06-14 19:11:33.698437,526,2,5,ac:23:3f:25:0f:b5,fda50693-a4e2-4fb1-afcf-c6eb07647777,-55
2018-06-14 19:11:33.903711,527,2,5,ac:23:3f:25:0f:b5,fda50693-a4e2-4fb1-afcf-c6eb07647777,-39
2018-06-14 19:11:34.112688,528,2,5,ac:23:3f:25:0f:b5,fda50693-a4e2-4fb1-afcf-c6eb07647777,-54
2018-06-14 19:11:34.314595,529,2,5,ac:23:3f:25:0f:b5,fda50693-a4e2-4fb1-afcf-c6eb07647777,-51
2018-06-14 19:11:34.521197,530,2,5,ac:23:3f:25:0f:b5,fda50693-a4e2-4fb1-afcf-c6eb07647777,-56
2018-06-14 19:11:34.720480,531,2,5,ac:23:3f:25:0f:b5,fda50693-a4e2-4fb1-afcf-c6eb07647777,-55
2018-06-14 19:11:34.926479,532,2,5,ac:23:3f:25:0f:b5,fda50693-a4e2-4fb1-afcf-c6eb07647777,-55
2018-06-14 19:11:35.135454,533,2,5,ac:23:3f:25:0f:b5,fda50693-a4e2-4fb1-afcf-c6eb07647777,-55
2018-06-14 19:11:35.343673,534,2,5,ac:23:3f:25:0f:b5,fda50693-a4e2-4fb1-afcf-c6eb07647777,-60
2018-06-14 19:11:35.751711,535,2,5,ac:23:3f:25:0f:b5,fda50693-a4e2-4fb1-afcf-c6eb07647777,-51
2018-06-14 19:11:35.957985,536,2,5,ac:23:3f:25:0f:b5,fda50693-a4e2-4fb1-afcf-c6eb07647777,-51
2018-06-14 19:11:36.166145,537,2,5,ac:23:3f:25:0f:b5,fda50693-a4e2-4fb1-afcf-c6eb07647777,-41
2018-06-14 19:11:36.373575,538,2,5,ac:23:3f:25:0f:b5,fda50693-a4e2-4fb1-afcf-c6eb07647777,-55
2018-06-14 19:11:36.576699,539,2,5,ac:23:3f:25:0f:b5,fda50693-a4e2-4fb1-afcf-c6eb07647777,-41
2018-06-14 19:11:36.782795,540,2,5,ac:23:3f:25:0f:b5,fda50693-a4e2-4fb1-afcf-c6eb07647777,-54
2018-06-14 19:11:36.985362,541,2,5,ac:23:3f:25:0f:b5,fda50693-a4e2-4fb1-afcf-c6eb07647777,-55
2018-06-14 19:11:37.199036,542,2,5,ac:23:3f:25:0f:b5,fda50693-a4e2-4fb1-afcf-c6eb07647777,-51
2018-06-14 19:11:37.411621,543,2,5,ac:23:3f:25:0f:b5,fda50693-a4e2-4fb1-afcf-c6eb07647777,-51
2018-06-14 19:11:37.612999,544,2,5,ac:23:3f:25:0f:b5,fda50693-a4e2-4fb1-afcf-c6eb07647777,-51
2018-06-14 19:11:37.821639,545,2,5,ac:23:3f:25:0f:b5,fda50693-a4e2-4fb1-afcf-c6eb07647777,-51
2018-06-14 19:11:38.031542,546,2,5,ac:23:3f:25:0f:b5,fda50693-a4e2-4fb1-afcf-c6eb07647777,-34
2018-06-14 19:11:38.235436,547,2,5,ac:23:3f:25:0f:b5,fda50693-a4e2-4fb1-afcf-c6eb07647777,-54
2018-06-14 19:11:38.428505,548,2,5,ac:23:3f:25:0f:b5,fda50693-a4e2-4fb1-afcf-c6eb07647777,-54
2018-06-14 19:11:38.631006,549,2,5,ac:23:3f:25:0f:b5,fda50693-a4e2-4fb1-afcf-c6eb07647777,-34
