timestamp,dataNum,antennaID,beaconMac,beaconUUID,beaconRSSI
2018-06-12 16:26:37.847335,1,2,3,ac:23:3f:24:d3:60,e2c56db5-dffb-48d2-b060-d0f5a71096e2,-47
2018-06-12 16:26:38.056409,2,2,3,ac:23:3f:24:d3:60,e2c56db5-dffb-48d2-b060-d0f5a71096e2,-30
2018-06-12 16:26:38.269661,3,2,3,ac:23:3f:24:d3:60,e2c56db5-dffb-48d2-b060-d0f5a71096e2,-41
2018-06-12 16:26:38.678675,4,2,3,ac:23:3f:24:d3:60,e2c56db5-dffb-48d2-b060-d0f5a71096e2,-45
2018-06-12 16:26:38.885360,5,2,3,ac:23:3f:24:d3:60,e2c56db5-dffb-48d2-b060-d0f5a71096e2,-45
2018-06-12 16:26:39.094780,6,2,3,ac:23:3f:24:d3:60,e2c56db5-dffb-48d2-b060-d0f5a71096e2,-44
2018-06-12 16:26:39.300013,7,2,3,ac:23:3f:24:d3:60,e2c56db5-dffb-48d2-b060-d0f5a71096e2,-47
2018-06-12 16:26:39.503689,8,2,3,ac:23:3f:24:d3:60,e2c56db5-dffb-48d2-b060-d0f5a71096e2,-41
2018-06-12 16:26:40.113456,9,2,3,ac:23:3f:24:d3:60,e2c56db5-dffb-48d2-b060-d0f5a71096e2,-51
2018-06-12 16:26:40.528042,10,2,3,ac:23:3f:24:d3:60,e2c56db5-dffb-48d2-b060-d0f5a71096e2,-46
2018-06-12 16:26:40.733792,11,2,3,ac:23:3f:24:d3:60,e2c56db5-dffb-48d2-b060-d0f5a71096e2,-46
2018-06-12 16:26:40.942869,12,2,3,ac:23:3f:24:d3:60,e2c56db5-dffb-48d2-b060-d0f5a71096e2,-46
2018-06-12 16:26:41.152649,13,2,3,ac:23:3f:24:d3:60,e2c56db5-dffb-48d2-b060-d0f5a71096e2,-41
2018-06-12 16:26:41.555049,14,2,3,ac:23:3f:24:d3:60,e2c56db5-dffb-48d2-b060-d0f5a71096e2,-44
2018-06-12 16:26:41.764879,15,2,3,ac:23:3f:24:d3:60,e2c56db5-dffb-48d2-b060-d0f5a71096e2,-33
2018-06-12 16:26:41.967246,16,2,3,ac:23:3f:24:d3:60,e2c56db5-dffb-48d2-b060-d0f5a71096e2,-46
2018-06-12 16:26:42.176689,17,2,3,ac:23:3f:24:d3:60,e2c56db5-dffb-48d2-b060-d0f5a71096e2,-30
2018-06-12 16:26:42.383742,18,2,3,ac:23:3f:24:d3:60,e2c56db5-dffb-48d2-b060-d0f5a71096e2,-46
2018-06-12 16:26:42.584849,19,2,3,ac:23:3f:24:d3:60,e2c56db5-dffb-48d2-b060-d0f5a71096e2,-41
2018-06-12 16:26:42.785775,20,2,3,ac:23:3f:24:d3:60,e2c56db5-dffb-48d2-b060-d0f5a71096e2,-45
2018-06-12 16:26:42.989392,21,2,3,ac:23:3f:24:d3:60,e2c56db5-dffb-48d2-b060-d0f5a71096e2,-47
2018-06-12 16:26:43.196353,22,2,3,ac:23:3f:24:d3:60,e2c56db5-dffb-48d2-b060-d0f5a71096e2,-30
2018-06-12 16:26:43.405962,23,2,3,ac:23:3f:24:d3:60,e2c56db5-dffb-48d2-b060-d0f5a71096e2,-30
2018-06-12 16:26:44.424179,24,2,3,ac:23:3f:24:d3:60,e2c56db5-dffb-48d2-b060-d0f5a71096e2,-48
2018-06-12 16:26:44.624188,25,2,3,ac:23:3f:24:d3:60,e2c56db5-dffb-48d2-b060-d0f5a71096e2,-41
2018-06-12 16:26:44.824345,26,2,3,ac:23:3f:24:d3:60,e2c56db5-dffb-48d2-b060-d0f5a71096e2,-45
2018-06-12 16:26:45.033837,27,2,3,ac:23:3f:24:d3:60,e2c56db5-dffb-48d2-b060-d0f5a71096e2,-33
2018-06-12 16:26:45.240854,28,2,3,ac:23:3f:24:d3:60,e2c56db5-dffb-48d2-b060-d0f5a71096e2,-47
2018-06-12 16:26:45.443201,29,2,3,ac:23:3f:24:d3:60,e2c56db5-dffb-48d2-b060-d0f5a71096e2,-47
2018-06-12 16:26:45.653515,30,2,3,ac:23:3f:24:d3:60,e2c56db5-dffb-48d2-b060-d0f5a71096e2,-47
2018-06-12 16:26:45.860611,31,2,3,ac:23:3f:24:d3:60,e2c56db5-dffb-48d2-b060-d0f5a71096e2,-41
2018-06-12 16:26:46.072891,32,2,3,ac:23:3f:24:d3:60,e2c56db5-dffb-48d2-b060-d0f5a71096e2,-41
2018-06-12 16:26:46.274722,33,2,3,ac:23:3f:24:d3:60,e2c56db5-dffb-48d2-b060-d0f5a71096e2,-41
2018-06-12 16:26:46.478368,34,2,3,ac:23:3f:24:d3:60,e2c56db5-dffb-48d2-b060-d0f5a71096e2,-44
2018-06-12 16:26:46.882682,35,2,3,ac:23:3f:24:d3:60,e2c56db5-dffb-48d2-b060-d0f5a71096e2,-47
2018-06-12 16:26:47.083106,36,2,3,ac:23:3f:24:d3:60,e2c56db5-dffb-48d2-b060-d0f5a71096e2,-41
2018-06-12 16:26:47.292653,37,2,3,ac:23:3f:24:d3:60,e2c56db5-dffb-48d2-b060-d0f5a71096e2,-41
2018-06-12 16:26:47.494096,38,2,3,ac:23:3f:24:d3:60,e2c56db5-dffb-48d2-b060-d0f5a71096e2,-44
2018-06-12 16:26:47.904652,39,2,3,ac:23:3f:24:d3:60,e2c56db5-dffb-48d2-b060-d0f5a71096e2,-30
2018-06-12 16:26:48.113563,40,2,3,ac:23:3f:24:d3:60,e2c56db5-dffb-48d2-b060-d0f5a71096e2,-47
2018-06-12 16:26:48.521355,41,2,3,ac:23:3f:24:d3:60,e2c56db5-dffb-48d2-b060-d0f5a71096e2,-44
2018-06-12 16:26:48.728059,42,2,3,ac:23:3f:24:d3:60,e2c56db5-dffb-48d2-b060-d0f5a71096e2,-44
2018-06-12 16:26:49.358570,43,2,3,ac:23:3f:24:d3:60,e2c56db5-dffb-48d2-b060-d0f5a71096e2,-48
2018-06-12 16:26:49.750802,44,2,3,ac:23:3f:24:d3:60,e2c56db5-dffb-48d2-b060-d0f5a71096e2,-44
2018-06-12 16:26:50.570280,45,2,3,ac:23:3f:24:d3:60,e2c56db5-dffb-48d2-b060-d0f5a71096e2,-41
2018-06-12 16:26:50.769998,46,2,3,ac:23:3f:24:d3:60,e2c56db5-dffb-48d2-b060-d0f5a71096e2,-33
2018-06-12 16:26:51.177803,47,2,3,ac:23:3f:24:d3:60,e2c56db5-dffb-48d2-b060-d0f5a71096e2,-47
2018-06-12 16:26:51.378462,48,2,3,ac:23:3f:24:d3:60,e2c56db5-dffb-48d2-b060-d0f5a71096e2,-41
2018-06-12 16:26:51.787594,49,2,3,ac:23:3f:24:d3:60,e2c56db5-dffb-48d2-b060-d0f5a71096e2,-45
2018-06-12 16:26:51.993383,50,2,3,ac:23:3f:24:d3:60,e2c56db5-dffb-48d2-b060-d0f5a71096e2,-44
start saving
2018-06-12 16:26:52.197226,51,2,3,ac:23:3f:24:d3:60,e2c56db5-dffb-48d2-b060-d0f5a71096e2,-47
2018-06-12 16:26:52.607856,52,2,3,ac:23:3f:24:d3:60,e2c56db5-dffb-48d2-b060-d0f5a71096e2,-41
2018-06-12 16:26:52.816432,53,2,3,ac:23:3f:24:d3:60,e2c56db5-dffb-48d2-b060-d0f5a71096e2,-41
2018-06-12 16:26:53.022228,54,2,3,ac:23:3f:24:d3:60,e2c56db5-dffb-48d2-b060-d0f5a71096e2,-44
2018-06-12 16:26:53.420542,55,2,3,ac:23:3f:24:d3:60,e2c56db5-dffb-48d2-b060-d0f5a71096e2,-47
2018-06-12 16:26:53.620749,56,2,3,ac:23:3f:24:d3:60,e2c56db5-dffb-48d2-b060-d0f5a71096e2,-41
2018-06-12 16:26:53.829578,57,2,3,ac:23:3f:24:d3:60,e2c56db5-dffb-48d2-b060-d0f5a71096e2,-44
2018-06-12 16:26:54.444821,58,2,3,ac:23:3f:24:d3:60,e2c56db5-dffb-48d2-b060-d0f5a71096e2,-47
2018-06-12 16:26:54.648692,59,2,3,ac:23:3f:24:d3:60,e2c56db5-dffb-48d2-b060-d0f5a71096e2,-41
2018-06-12 16:26:55.256851,60,2,3,ac:23:3f:24:d3:60,e2c56db5-dffb-48d2-b060-d0f5a71096e2,-47
2018-06-12 16:26:55.462064,61,2,3,ac:23:3f:24:d3:60,e2c56db5-dffb-48d2-b060-d0f5a71096e2,-41
2018-06-12 16:26:55.667617,62,2,3,ac:23:3f:24:d3:60,e2c56db5-dffb-48d2-b060-d0f5a71096e2,-41
2018-06-12 16:26:56.075813,63,2,3,ac:23:3f:24:d3:60,e2c56db5-dffb-48d2-b060-d0f5a71096e2,-44
2018-06-12 16:26:56.278138,64,2,3,ac:23:3f:24:d3:60,e2c56db5-dffb-48d2-b060-d0f5a71096e2,-30
2018-06-12 16:26:56.886629,65,2,3,ac:23:3f:24:d3:60,e2c56db5-dffb-48d2-b060-d0f5a71096e2,-45
2018-06-12 16:26:57.093423,66,2,3,ac:23:3f:24:d3:60,e2c56db5-dffb-48d2-b060-d0f5a71096e2,-44
2018-06-12 16:26:57.715884,67,2,3,ac:23:3f:24:d3:60,e2c56db5-dffb-48d2-b060-d0f5a71096e2,-47
2018-06-12 16:26:58.127210,68,2,3,ac:23:3f:24:d3:60,e2c56db5-dffb-48d2-b060-d0f5a71096e2,-41
2018-06-12 16:26:58.333983,69,2,3,ac:23:3f:24:d3:60,e2c56db5-dffb-48d2-b060-d0f5a71096e2,-41
2018-06-12 16:26:58.540078,70,2,3,ac:23:3f:24:d3:60,e2c56db5-dffb-48d2-b060-d0f5a71096e2,-44
2018-06-12 16:26:59.158010,71,2,3,ac:23:3f:24:d3:60,e2c56db5-dffb-48d2-b060-d0f5a71096e2,-30
2018-06-12 16:26:59.363818,72,2,3,ac:23:3f:24:d3:60,e2c56db5-dffb-48d2-b060-d0f5a71096e2,-47
2018-06-12 16:26:59.767768,73,2,3,ac:23:3f:24:d3:60,e2c56db5-dffb-48d2-b060-d0f5a71096e2,-44
2018-06-12 16:26:59.971867,74,2,3,ac:23:3f:24:d3:60,e2c56db5-dffb-48d2-b060-d0f5a71096e2,-47
2018-06-12 16:27:00.173473,75,2,3,ac:23:3f:24:d3:60,e2c56db5-dffb-48d2-b060-d0f5a71096e2,-47
2018-06-12 16:27:00.379639,76,2,3,ac:23:3f:24:d3:60,e2c56db5-dffb-48d2-b060-d0f5a71096e2,-41
2018-06-12 16:27:00.589182,77,2,3,ac:23:3f:24:d3:60,e2c56db5-dffb-48d2-b060-d0f5a71096e2,-41
2018-06-12 16:27:00.788712,78,2,3,ac:23:3f:24:d3:60,e2c56db5-dffb-48d2-b060-d0f5a71096e2,-51
2018-06-12 16:27:01.001876,79,2,3,ac:23:3f:24:d3:60,e2c56db5-dffb-48d2-b060-d0f5a71096e2,-44
2018-06-12 16:27:01.208043,80,2,3,ac:23:3f:24:d3:60,e2c56db5-dffb-48d2-b060-d0f5a71096e2,-44
2018-06-12 16:27:01.823225,81,2,3,ac:23:3f:24:d3:60,e2c56db5-dffb-48d2-b060-d0f5a71096e2,-47
2018-06-12 16:27:02.026793,82,2,3,ac:23:3f:24:d3:60,e2c56db5-dffb-48d2-b060-d0f5a71096e2,-41
2018-06-12 16:27:02.236325,83,2,3,ac:23:3f:24:d3:60,e2c56db5-dffb-48d2-b060-d0f5a71096e2,-41
2018-06-12 16:27:02.442402,84,2,3,ac:23:3f:24:d3:60,e2c56db5-dffb-48d2-b060-d0f5a71096e2,-33
2018-06-12 16:27:03.265727,85,2,3,ac:23:3f:24:d3:60,e2c56db5-dffb-48d2-b060-d0f5a71096e2,-47
2018-06-12 16:27:03.468977,86,2,3,ac:23:3f:24:d3:60,e2c56db5-dffb-48d2-b060-d0f5a71096e2,-41
2018-06-12 16:27:03.668605,87,2,3,ac:23:3f:24:d3:60,e2c56db5-dffb-48d2-b060-d0f5a71096e2,-43
2018-06-12 16:27:04.291014,88,2,3,ac:23:3f:24:d3:60,e2c56db5-dffb-48d2-b060-d0f5a71096e2,-47
2018-06-12 16:27:04.490178,89,2,3,ac:23:3f:24:d3:60,e2c56db5-dffb-48d2-b060-d0f5a71096e2,-41
2018-06-12 16:27:04.689458,90,2,3,ac:23:3f:24:d3:60,e2c56db5-dffb-48d2-b060-d0f5a71096e2,-44
2018-06-12 16:27:04.893079,91,2,3,ac:23:3f:24:d3:60,e2c56db5-dffb-48d2-b060-d0f5a71096e2,-42
2018-06-12 16:27:05.308830,92,2,3,ac:23:3f:24:d3:60,e2c56db5-dffb-48d2-b060-d0f5a71096e2,-47
2018-06-12 16:27:05.508816,93,2,3,ac:23:3f:24:d3:60,e2c56db5-dffb-48d2-b060-d0f5a71096e2,-41
2018-06-12 16:27:05.710882,94,2,3,ac:23:3f:24:d3:60,e2c56db5-dffb-48d2-b060-d0f5a71096e2,-44
2018-06-12 16:27:06.115772,95,2,3,ac:23:3f:24:d3:60,e2c56db5-dffb-48d2-b060-d0f5a71096e2,-47
2018-06-12 16:27:06.315630,96,2,3,ac:23:3f:24:d3:60,e2c56db5-dffb-48d2-b060-d0f5a71096e2,-41
2018-06-12 16:27:06.519479,97,2,3,ac:23:3f:24:d3:60,e2c56db5-dffb-48d2-b060-d0f5a71096e2,-44
2018-06-12 16:27:06.719340,98,2,3,ac:23:3f:24:d3:60,e2c56db5-dffb-48d2-b060-d0f5a71096e2,-47
2018-06-12 16:27:06.926047,99,2,3,ac:23:3f:24:d3:60,e2c56db5-dffb-48d2-b060-d0f5a71096e2,-30
2018-06-12 16:27:07.125452,100,2,3,ac:23:3f:24:d3:60,e2c56db5-dffb-48d2-b060-d0f5a71096e2,-41
2018-06-12 16:27:07.330748,101,2,3,ac:23:3f:24:d3:60,e2c56db5-dffb-48d2-b060-d0f5a71096e2,-44
2018-06-12 16:27:07.535949,102,2,3,ac:23:3f:24:d3:60,e2c56db5-dffb-48d2-b060-d0f5a71096e2,-45
2018-06-12 16:27:07.743402,103,2,3,ac:23:3f:24:d3:60,e2c56db5-dffb-48d2-b060-d0f5a71096e2,-21
2018-06-12 16:27:07.954304,104,2,3,ac:23:3f:24:d3:60,e2c56db5-dffb-48d2-b060-d0f5a71096e2,-30
2018-06-12 16:27:08.154479,105,2,3,ac:23:3f:24:d3:60,e2c56db5-dffb-48d2-b060-d0f5a71096e2,-47
2018-06-12 16:27:08.360067,106,2,3,ac:23:3f:24:d3:60,e2c56db5-dffb-48d2-b060-d0f5a71096e2,-41
2018-06-12 16:27:08.563611,107,2,3,ac:23:3f:24:d3:60,e2c56db5-dffb-48d2-b060-d0f5a71096e2,-41
2018-06-12 16:27:08.771451,108,2,3,ac:23:3f:24:d3:60,e2c56db5-dffb-48d2-b060-d0f5a71096e2,-44
2018-06-12 16:27:09.182704,109,2,3,ac:23:3f:24:d3:60,e2c56db5-dffb-48d2-b060-d0f5a71096e2,-31
2018-06-12 16:27:09.385338,110,2,3,ac:23:3f:24:d3:60,e2c56db5-dffb-48d2-b060-d0f5a71096e2,-47
2018-06-12 16:27:09.593963,111,2,3,ac:23:3f:24:d3:60,e2c56db5-dffb-48d2-b060-d0f5a71096e2,-30
2018-06-12 16:27:09.798710,112,2,3,ac:23:3f:24:d3:60,e2c56db5-dffb-48d2-b060-d0f5a71096e2,-41
2018-06-12 16:27:09.998465,113,2,3,ac:23:3f:24:d3:60,e2c56db5-dffb-48d2-b060-d0f5a71096e2,-43
2018-06-12 16:27:10.207917,114,2,3,ac:23:3f:24:d3:60,e2c56db5-dffb-48d2-b060-d0f5a71096e2,-43
2018-06-12 16:27:10.618060,115,2,3,ac:23:3f:24:d3:60,e2c56db5-dffb-48d2-b060-d0f5a71096e2,-47
2018-06-12 16:27:10.821186,116,2,3,ac:23:3f:24:d3:60,e2c56db5-dffb-48d2-b060-d0f5a71096e2,-41
2018-06-12 16:27:11.023867,117,2,3,ac:23:3f:24:d3:60,e2c56db5-dffb-48d2-b060-d0f5a71096e2,-41
2018-06-12 16:27:11.228945,118,2,3,ac:23:3f:24:d3:60,e2c56db5-dffb-48d2-b060-d0f5a71096e2,-32
2018-06-12 16:27:11.641643,119,2,3,ac:23:3f:24:d3:60,e2c56db5-dffb-48d2-b060-d0f5a71096e2,-48
2018-06-12 16:27:11.843944,120,2,3,ac:23:3f:24:d3:60,e2c56db5-dffb-48d2-b060-d0f5a71096e2,-48
2018-06-12 16:27:12.046194,121,2,3,ac:23:3f:24:d3:60,e2c56db5-dffb-48d2-b060-d0f5a71096e2,-41
2018-06-12 16:27:12.250945,122,2,3,ac:23:3f:24:d3:60,e2c56db5-dffb-48d2-b060-d0f5a71096e2,-44
2018-06-12 16:27:12.455727,123,2,3,ac:23:3f:24:d3:60,e2c56db5-dffb-48d2-b060-d0f5a71096e2,-44
2018-06-12 16:27:12.664769,124,2,3,ac:23:3f:24:d3:60,e2c56db5-dffb-48d2-b060-d0f5a71096e2,-52
2018-06-12 16:27:12.866540,125,2,3,ac:23:3f:24:d3:60,e2c56db5-dffb-48d2-b060-d0f5a71096e2,-47
2018-06-12 16:27:13.069315,126,2,3,ac:23:3f:24:d3:60,e2c56db5-dffb-48d2-b060-d0f5a71096e2,-41
2018-06-12 16:27:13.269071,127,2,3,ac:23:3f:24:d3:60,e2c56db5-dffb-48d2-b060-d0f5a71096e2,-44
2018-06-12 16:27:13.477127,128,2,3,ac:23:3f:24:d3:60,e2c56db5-dffb-48d2-b060-d0f5a71096e2,-44
2018-06-12 16:27:13.689307,129,2,3,ac:23:3f:24:d3:60,e2c56db5-dffb-48d2-b060-d0f5a71096e2,-44
2018-06-12 16:27:14.097342,130,2,3,ac:23:3f:24:d3:60,e2c56db5-dffb-48d2-b060-d0f5a71096e2,-47
2018-06-12 16:27:14.298008,131,2,3,ac:23:3f:24:d3:60,e2c56db5-dffb-48d2-b060-d0f5a71096e2,-41
2018-06-12 16:27:14.710603,132,2,3,ac:23:3f:24:d3:60,e2c56db5-dffb-48d2-b060-d0f5a71096e2,-44
2018-06-12 16:27:14.916447,133,2,3,ac:23:3f:24:d3:60,e2c56db5-dffb-48d2-b060-d0f5a71096e2,-44
2018-06-12 16:27:15.325650,134,2,3,ac:23:3f:24:d3:60,e2c56db5-dffb-48d2-b060-d0f5a71096e2,-45
2018-06-12 16:27:15.528450,135,2,3,ac:23:3f:24:d3:60,e2c56db5-dffb-48d2-b060-d0f5a71096e2,-41
2018-06-12 16:27:15.727489,136,2,3,ac:23:3f:24:d3:60,e2c56db5-dffb-48d2-b060-d0f5a71096e2,-45
2018-06-12 16:27:16.145672,137,2,3,ac:23:3f:24:d3:60,e2c56db5-dffb-48d2-b060-d0f5a71096e2,-47
2018-06-12 16:27:16.348339,138,2,3,ac:23:3f:24:d3:60,e2c56db5-dffb-48d2-b060-d0f5a71096e2,-41
2018-06-12 16:27:16.549187,139,2,3,ac:23:3f:24:d3:60,e2c56db5-dffb-48d2-b060-d0f5a71096e2,-44
2018-06-12 16:27:16.745838,140,2,3,ac:23:3f:24:d3:60,e2c56db5-dffb-48d2-b060-d0f5a71096e2,-33
2018-06-12 16:27:16.961659,141,2,3,ac:23:3f:24:d3:60,e2c56db5-dffb-48d2-b060-d0f5a71096e2,-31
2018-06-12 16:27:17.159238,142,2,3,ac:23:3f:24:d3:60,e2c56db5-dffb-48d2-b060-d0f5a71096e2,-47
2018-06-12 16:27:17.368009,143,2,3,ac:23:3f:24:d3:60,e2c56db5-dffb-48d2-b060-d0f5a71096e2,-47
2018-06-12 16:27:17.567189,144,2,3,ac:23:3f:24:d3:60,e2c56db5-dffb-48d2-b060-d0f5a71096e2,-41
2018-06-12 16:27:17.774990,145,2,3,ac:23:3f:24:d3:60,e2c56db5-dffb-48d2-b060-d0f5a71096e2,-41
2018-06-12 16:27:17.980706,146,2,3,ac:23:3f:24:d3:60,e2c56db5-dffb-48d2-b060-d0f5a71096e2,-45
2018-06-12 16:27:18.201942,147,2,3,ac:23:3f:24:d3:60,e2c56db5-dffb-48d2-b060-d0f5a71096e2,-47
2018-06-12 16:27:18.390737,148,2,3,ac:23:3f:24:d3:60,e2c56db5-dffb-48d2-b060-d0f5a71096e2,-30
2018-06-12 16:27:18.594072,149,2,3,ac:23:3f:24:d3:60,e2c56db5-dffb-48d2-b060-d0f5a71096e2,-41
2018-06-12 16:27:19.005880,150,2,3,ac:23:3f:24:d3:60,e2c56db5-dffb-48d2-b060-d0f5a71096e2,-41
2018-06-12 16:27:19.215007,151,2,3,ac:23:3f:24:d3:60,e2c56db5-dffb-48d2-b060-d0f5a71096e2,-41
2018-06-12 16:27:19.417662,152,2,3,ac:23:3f:24:d3:60,e2c56db5-dffb-48d2-b060-d0f5a71096e2,-44
2018-06-12 16:27:19.621834,153,2,3,ac:23:3f:24:d3:60,e2c56db5-dffb-48d2-b060-d0f5a71096e2,-30
2018-06-12 16:27:19.828081,154,2,3,ac:23:3f:24:d3:60,e2c56db5-dffb-48d2-b060-d0f5a71096e2,-47
2018-06-12 16:27:20.037283,155,2,3,ac:23:3f:24:d3:60,e2c56db5-dffb-48d2-b060-d0f5a71096e2,-30
2018-06-12 16:27:20.454754,156,2,3,ac:23:3f:24:d3:60,e2c56db5-dffb-48d2-b060-d0f5a71096e2,-41
2018-06-12 16:27:20.656610,157,2,3,ac:23:3f:24:d3:60,e2c56db5-dffb-48d2-b060-d0f5a71096e2,-44
2018-06-12 16:27:20.853679,158,2,3,ac:23:3f:24:d3:60,e2c56db5-dffb-48d2-b060-d0f5a71096e2,-44
2018-06-12 16:27:21.057396,159,2,3,ac:23:3f:24:d3:60,e2c56db5-dffb-48d2-b060-d0f5a71096e2,-47
2018-06-12 16:27:21.467839,160,2,3,ac:23:3f:24:d3:60,e2c56db5-dffb-48d2-b060-d0f5a71096e2,-41
2018-06-12 16:27:21.667616,161,2,3,ac:23:3f:24:d3:60,e2c56db5-dffb-48d2-b060-d0f5a71096e2,-44
2018-06-12 16:27:21.871337,162,2,3,ac:23:3f:24:d3:60,e2c56db5-dffb-48d2-b060-d0f5a71096e2,-47
2018-06-12 16:27:22.276132,163,2,3,ac:23:3f:24:d3:60,e2c56db5-dffb-48d2-b060-d0f5a71096e2,-41
2018-06-12 16:27:22.479791,164,2,3,ac:23:3f:24:d3:60,e2c56db5-dffb-48d2-b060-d0f5a71096e2,-33
2018-06-12 16:27:22.683532,165,2,3,ac:23:3f:24:d3:60,e2c56db5-dffb-48d2-b060-d0f5a71096e2,-44
2018-06-12 16:27:23.100626,166,2,3,ac:23:3f:24:d3:60,e2c56db5-dffb-48d2-b060-d0f5a71096e2,-47
2018-06-12 16:27:23.310085,167,2,3,ac:23:3f:24:d3:60,e2c56db5-dffb-48d2-b060-d0f5a71096e2,-47
2018-06-12 16:27:23.513761,168,2,3,ac:23:3f:24:d3:60,e2c56db5-dffb-48d2-b060-d0f5a71096e2,-47
2018-06-12 16:27:23.723029,169,2,3,ac:23:3f:24:d3:60,e2c56db5-dffb-48d2-b060-d0f5a71096e2,-41
2018-06-12 16:27:23.925167,170,2,3,ac:23:3f:24:d3:60,e2c56db5-dffb-48d2-b060-d0f5a71096e2,-41
2018-06-12 16:27:24.129355,171,2,3,ac:23:3f:24:d3:60,e2c56db5-dffb-48d2-b060-d0f5a71096e2,-44
2018-06-12 16:27:25.173237,172,2,3,ac:23:3f:24:d3:60,e2c56db5-dffb-48d2-b060-d0f5a71096e2,-47
2018-06-12 16:27:25.378174,173,2,3,ac:23:3f:24:d3:60,e2c56db5-dffb-48d2-b060-d0f5a71096e2,-48
2018-06-12 16:27:25.579927,174,2,3,ac:23:3f:24:d3:60,e2c56db5-dffb-48d2-b060-d0f5a71096e2,-41
2018-06-12 16:27:25.779856,175,2,3,ac:23:3f:24:d3:60,e2c56db5-dffb-48d2-b060-d0f5a71096e2,-44
2018-06-12 16:27:26.183592,176,2,3,ac:23:3f:24:d3:60,e2c56db5-dffb-48d2-b060-d0f5a71096e2,-30
2018-06-12 16:27:26.383849,177,2,3,ac:23:3f:24:d3:60,e2c56db5-dffb-48d2-b060-d0f5a71096e2,-41
2018-06-12 16:27:26.584727,178,2,3,ac:23:3f:24:d3:60,e2c56db5-dffb-48d2-b060-d0f5a71096e2,-33
2018-06-12 16:27:26.791350,179,2,3,ac:23:3f:24:d3:60,e2c56db5-dffb-48d2-b060-d0f5a71096e2,-47
2018-06-12 16:27:26.999541,180,2,3,ac:23:3f:24:d3:60,e2c56db5-dffb-48d2-b060-d0f5a71096e2,-47
2018-06-12 16:27:27.409782,181,2,3,ac:23:3f:24:d3:60,e2c56db5-dffb-48d2-b060-d0f5a71096e2,-41
2018-06-12 16:27:27.616122,182,2,3,ac:23:3f:24:d3:60,e2c56db5-dffb-48d2-b060-d0f5a71096e2,-41
2018-06-12 16:27:27.824681,183,2,3,ac:23:3f:24:d3:60,e2c56db5-dffb-48d2-b060-d0f5a71096e2,-24
2018-06-12 16:27:28.028600,184,2,3,ac:23:3f:24:d3:60,e2c56db5-dffb-48d2-b060-d0f5a71096e2,-44
2018-06-12 16:27:28.438131,185,2,3,ac:23:3f:24:d3:60,e2c56db5-dffb-48d2-b060-d0f5a71096e2,-48
2018-06-12 16:27:28.841398,186,2,3,ac:23:3f:24:d3:60,e2c56db5-dffb-48d2-b060-d0f5a71096e2,-31
2018-06-12 16:27:29.046910,187,2,3,ac:23:3f:24:d3:60,e2c56db5-dffb-48d2-b060-d0f5a71096e2,-45
2018-06-12 16:27:29.250946,188,2,3,ac:23:3f:24:d3:60,e2c56db5-dffb-48d2-b060-d0f5a71096e2,-30
2018-06-12 16:27:29.457365,189,2,3,ac:23:3f:24:d3:60,e2c56db5-dffb-48d2-b060-d0f5a71096e2,-47
2018-06-12 16:27:29.665774,190,2,3,ac:23:3f:24:d3:60,e2c56db5-dffb-48d2-b060-d0f5a71096e2,-47
2018-06-12 16:27:29.868729,191,2,3,ac:23:3f:24:d3:60,e2c56db5-dffb-48d2-b060-d0f5a71096e2,-41
2018-06-12 16:27:30.280247,192,2,3,ac:23:3f:24:d3:60,e2c56db5-dffb-48d2-b060-d0f5a71096e2,-44
2018-06-12 16:27:30.484747,193,2,3,ac:23:3f:24:d3:60,e2c56db5-dffb-48d2-b060-d0f5a71096e2,-44
2018-06-12 16:27:30.687536,194,2,3,ac:23:3f:24:d3:60,e2c56db5-dffb-48d2-b060-d0f5a71096e2,-47
2018-06-12 16:27:30.895685,195,2,3,ac:23:3f:24:d3:60,e2c56db5-dffb-48d2-b060-d0f5a71096e2,-48
2018-06-12 16:27:31.103944,196,2,3,ac:23:3f:24:d3:60,e2c56db5-dffb-48d2-b060-d0f5a71096e2,-30
2018-06-12 16:27:31.507334,197,2,3,ac:23:3f:24:d3:60,e2c56db5-dffb-48d2-b060-d0f5a71096e2,-44
2018-06-12 16:27:31.710013,198,2,3,ac:23:3f:24:d3:60,e2c56db5-dffb-48d2-b060-d0f5a71096e2,-47
2018-06-12 16:27:31.914902,199,2,3,ac:23:3f:24:d3:60,e2c56db5-dffb-48d2-b060-d0f5a71096e2,-30
2018-06-12 16:27:32.123262,200,2,3,ac:23:3f:24:d3:60,e2c56db5-dffb-48d2-b060-d0f5a71096e2,-41
2018-06-12 16:27:32.325108,201,2,3,ac:23:3f:24:d3:60,e2c56db5-dffb-48d2-b060-d0f5a71096e2,-41
2018-06-12 16:27:32.527486,202,2,3,ac:23:3f:24:d3:60,e2c56db5-dffb-48d2-b060-d0f5a71096e2,-44
2018-06-12 16:27:32.733724,203,2,3,ac:23:3f:24:d3:60,e2c56db5-dffb-48d2-b060-d0f5a71096e2,-44
2018-06-12 16:27:32.937103,204,2,3,ac:23:3f:24:d3:60,e2c56db5-dffb-48d2-b060-d0f5a71096e2,-47
2018-06-12 16:27:33.146691,205,2,3,ac:23:3f:24:d3:60,e2c56db5-dffb-48d2-b060-d0f5a71096e2,-47
2018-06-12 16:27:33.356575,206,2,3,ac:23:3f:24:d3:60,e2c56db5-dffb-48d2-b060-d0f5a71096e2,-47
2018-06-12 16:27:33.557462,207,2,3,ac:23:3f:24:d3:60,e2c56db5-dffb-48d2-b060-d0f5a71096e2,-41
2018-06-12 16:27:33.766801,208,2,3,ac:23:3f:24:d3:60,e2c56db5-dffb-48d2-b060-d0f5a71096e2,-41
2018-06-12 16:27:33.967882,209,2,3,ac:23:3f:24:d3:60,e2c56db5-dffb-48d2-b060-d0f5a71096e2,-50
2018-06-12 16:27:34.581650,210,2,3,ac:23:3f:24:d3:60,e2c56db5-dffb-48d2-b060-d0f5a71096e2,-41
2018-06-12 16:27:34.991884,211,2,3,ac:23:3f:24:d3:60,e2c56db5-dffb-48d2-b060-d0f5a71096e2,-44
2018-06-12 16:27:35.194160,212,2,3,ac:23:3f:24:d3:60,e2c56db5-dffb-48d2-b060-d0f5a71096e2,-30
2018-06-12 16:27:35.606486,213,2,3,ac:23:3f:24:d3:60,e2c56db5-dffb-48d2-b060-d0f5a71096e2,-30
2018-06-12 16:27:35.808894,214,2,3,ac:23:3f:24:d3:60,e2c56db5-dffb-48d2-b060-d0f5a71096e2,-41
2018-06-12 16:27:36.014641,215,2,3,ac:23:3f:24:d3:60,e2c56db5-dffb-48d2-b060-d0f5a71096e2,-41
2018-06-12 16:27:36.216567,216,2,3,ac:23:3f:24:d3:60,e2c56db5-dffb-48d2-b060-d0f5a71096e2,-47
2018-06-12 16:27:36.423537,217,2,3,ac:23:3f:24:d3:60,e2c56db5-dffb-48d2-b060-d0f5a71096e2,-45
2018-06-12 16:27:36.631974,218,2,3,ac:23:3f:24:d3:60,e2c56db5-dffb-48d2-b060-d0f5a71096e2,-47
2018-06-12 16:27:36.837445,219,2,3,ac:23:3f:24:d3:60,e2c56db5-dffb-48d2-b060-d0f5a71096e2,-47
2018-06-12 16:27:37.043405,220,2,3,ac:23:3f:24:d3:60,e2c56db5-dffb-48d2-b060-d0f5a71096e2,-47
2018-06-12 16:27:37.250812,221,2,3,ac:23:3f:24:d3:60,e2c56db5-dffb-48d2-b060-d0f5a71096e2,-41
2018-06-12 16:27:37.457069,222,2,3,ac:23:3f:24:d3:60,e2c56db5-dffb-48d2-b060-d0f5a71096e2,-41
2018-06-12 16:27:37.648990,223,2,3,ac:23:3f:24:d3:60,e2c56db5-dffb-48d2-b060-d0f5a71096e2,-44
2018-06-12 16:27:37.852486,224,2,3,ac:23:3f:24:d3:60,e2c56db5-dffb-48d2-b060-d0f5a71096e2,-35
2018-06-12 16:27:38.060306,225,2,3,ac:23:3f:24:d3:60,e2c56db5-dffb-48d2-b060-d0f5a71096e2,-47
2018-06-12 16:27:38.270240,226,2,3,ac:23:3f:24:d3:60,e2c56db5-dffb-48d2-b060-d0f5a71096e2,-47
2018-06-12 16:27:38.487488,227,2,3,ac:23:3f:24:d3:60,e2c56db5-dffb-48d2-b060-d0f5a71096e2,-47
2018-06-12 16:27:38.689515,228,2,3,ac:23:3f:24:d3:60,e2c56db5-dffb-48d2-b060-d0f5a71096e2,-41
2018-06-12 16:27:38.889940,229,2,3,ac:23:3f:24:d3:60,e2c56db5-dffb-48d2-b060-d0f5a71096e2,-44
2018-06-12 16:27:39.097484,230,2,3,ac:23:3f:24:d3:60,e2c56db5-dffb-48d2-b060-d0f5a71096e2,-44
2018-06-12 16:27:39.306902,231,2,3,ac:23:3f:24:d3:60,e2c56db5-dffb-48d2-b060-d0f5a71096e2,-44
2018-06-12 16:27:39.516030,232,2,3,ac:23:3f:24:d3:60,e2c56db5-dffb-48d2-b060-d0f5a71096e2,-45
2018-06-12 16:27:39.722126,233,2,3,ac:23:3f:24:d3:60,e2c56db5-dffb-48d2-b060-d0f5a71096e2,-47
2018-06-12 16:27:39.927293,234,2,3,ac:23:3f:24:d3:60,e2c56db5-dffb-48d2-b060-d0f5a71096e2,-47
2018-06-12 16:27:40.134603,235,2,3,ac:23:3f:24:d3:60,e2c56db5-dffb-48d2-b060-d0f5a71096e2,-47
2018-06-12 16:27:40.335051,236,2,3,ac:23:3f:24:d3:60,e2c56db5-dffb-48d2-b060-d0f5a71096e2,-24
2018-06-12 16:27:40.743688,237,2,3,ac:23:3f:24:d3:60,e2c56db5-dffb-48d2-b060-d0f5a71096e2,-44
2018-06-12 16:27:40.948090,238,2,3,ac:23:3f:24:d3:60,e2c56db5-dffb-48d2-b060-d0f5a71096e2,-47
2018-06-12 16:27:41.148003,239,2,3,ac:23:3f:24:d3:60,e2c56db5-dffb-48d2-b060-d0f5a71096e2,-41
2018-06-12 16:27:41.350930,240,2,3,ac:23:3f:24:d3:60,e2c56db5-dffb-48d2-b060-d0f5a71096e2,-44
2018-06-12 16:27:41.550882,241,2,3,ac:23:3f:24:d3:60,e2c56db5-dffb-48d2-b060-d0f5a71096e2,-47
2018-06-12 16:27:41.756352,242,2,3,ac:23:3f:24:d3:60,e2c56db5-dffb-48d2-b060-d0f5a71096e2,-47
2018-06-12 16:27:41.964151,243,2,3,ac:23:3f:24:d3:60,e2c56db5-dffb-48d2-b060-d0f5a71096e2,-41
2018-06-12 16:27:42.165138,244,2,3,ac:23:3f:24:d3:60,e2c56db5-dffb-48d2-b060-d0f5a71096e2,-33
2018-06-12 16:27:42.360310,245,2,3,ac:23:3f:24:d3:60,e2c56db5-dffb-48d2-b060-d0f5a71096e2,-47
2018-06-12 16:27:42.569561,246,2,3,ac:23:3f:24:d3:60,e2c56db5-dffb-48d2-b060-d0f5a71096e2,-41
2018-06-12 16:27:42.760863,247,2,3,ac:23:3f:24:d3:60,e2c56db5-dffb-48d2-b060-d0f5a71096e2,-44
2018-06-12 16:27:42.968304,248,2,3,ac:23:3f:24:d3:60,e2c56db5-dffb-48d2-b060-d0f5a71096e2,-44
2018-06-12 16:27:43.176360,249,2,3,ac:23:3f:24:d3:60,e2c56db5-dffb-48d2-b060-d0f5a71096e2,-44
2018-06-12 16:27:43.383288,250,2,3,ac:23:3f:24:d3:60,e2c56db5-dffb-48d2-b060-d0f5a71096e2,-47
2018-06-12 16:27:43.589331,251,2,3,ac:23:3f:24:d3:60,e2c56db5-dffb-48d2-b060-d0f5a71096e2,-30
2018-06-12 16:27:43.793772,252,2,3,ac:23:3f:24:d3:60,e2c56db5-dffb-48d2-b060-d0f5a71096e2,-41
2018-06-12 16:27:44.004057,253,2,3,ac:23:3f:24:d3:60,e2c56db5-dffb-48d2-b060-d0f5a71096e2,-41
2018-06-12 16:27:44.400485,254,2,3,ac:23:3f:24:d3:60,e2c56db5-dffb-48d2-b060-d0f5a71096e2,-47
2018-06-12 16:27:45.004992,255,2,3,ac:23:3f:24:d3:60,e2c56db5-dffb-48d2-b060-d0f5a71096e2,-44
2018-06-12 16:27:45.419872,256,2,3,ac:23:3f:24:d3:60,e2c56db5-dffb-48d2-b060-d0f5a71096e2,-48
2018-06-12 16:27:45.621702,257,2,3,ac:23:3f:24:d3:60,e2c56db5-dffb-48d2-b060-d0f5a71096e2,-41
2018-06-12 16:27:46.030778,258,2,3,ac:23:3f:24:d3:60,e2c56db5-dffb-48d2-b060-d0f5a71096e2,-44
2018-06-12 16:27:46.445223,259,2,3,ac:23:3f:24:d3:60,e2c56db5-dffb-48d2-b060-d0f5a71096e2,-44
2018-06-12 16:27:46.647818,260,2,3,ac:23:3f:24:d3:60,e2c56db5-dffb-48d2-b060-d0f5a71096e2,-47
2018-06-12 16:27:46.851962,261,2,3,ac:23:3f:24:d3:60,e2c56db5-dffb-48d2-b060-d0f5a71096e2,-41
2018-06-12 16:27:47.051065,262,2,3,ac:23:3f:24:d3:60,e2c56db5-dffb-48d2-b060-d0f5a71096e2,-44
2018-06-12 16:27:47.256728,263,2,3,ac:23:3f:24:d3:60,e2c56db5-dffb-48d2-b060-d0f5a71096e2,-44
2018-06-12 16:27:47.672186,264,2,3,ac:23:3f:24:d3:60,e2c56db5-dffb-48d2-b060-d0f5a71096e2,-47
2018-06-12 16:27:47.869707,265,2,3,ac:23:3f:24:d3:60,e2c56db5-dffb-48d2-b060-d0f5a71096e2,-41
2018-06-12 16:27:48.277140,266,2,3,ac:23:3f:24:d3:60,e2c56db5-dffb-48d2-b060-d0f5a71096e2,-44
2018-06-12 16:27:48.481237,267,2,3,ac:23:3f:24:d3:60,e2c56db5-dffb-48d2-b060-d0f5a71096e2,-48
2018-06-12 16:27:48.689006,268,2,3,ac:23:3f:24:d3:60,e2c56db5-dffb-48d2-b060-d0f5a71096e2,-30
2018-06-12 16:27:48.890255,269,2,3,ac:23:3f:24:d3:60,e2c56db5-dffb-48d2-b060-d0f5a71096e2,-41
2018-06-12 16:27:49.096046,270,2,3,ac:23:3f:24:d3:60,e2c56db5-dffb-48d2-b060-d0f5a71096e2,-41
2018-06-12 16:27:49.300419,271,2,3,ac:23:3f:24:d3:60,e2c56db5-dffb-48d2-b060-d0f5a71096e2,-44
2018-06-12 16:27:49.714191,272,2,3,ac:23:3f:24:d3:60,e2c56db5-dffb-48d2-b060-d0f5a71096e2,-45
2018-06-12 16:27:49.921059,273,2,3,ac:23:3f:24:d3:60,e2c56db5-dffb-48d2-b060-d0f5a71096e2,-30
2018-06-12 16:27:50.121354,274,2,3,ac:23:3f:24:d3:60,e2c56db5-dffb-48d2-b060-d0f5a71096e2,-41
2018-06-12 16:27:50.322136,275,2,3,ac:23:3f:24:d3:60,e2c56db5-dffb-48d2-b060-d0f5a71096e2,-45
2018-06-12 16:27:50.531597,276,2,3,ac:23:3f:24:d3:60,e2c56db5-dffb-48d2-b060-d0f5a71096e2,-44
2018-06-12 16:27:50.939262,277,2,3,ac:23:3f:24:d3:60,e2c56db5-dffb-48d2-b060-d0f5a71096e2,-47
2018-06-12 16:27:51.141531,278,2,3,ac:23:3f:24:d3:60,e2c56db5-dffb-48d2-b060-d0f5a71096e2,-41
2018-06-12 16:27:51.341153,279,2,3,ac:23:3f:24:d3:60,e2c56db5-dffb-48d2-b060-d0f5a71096e2,-45
2018-06-12 16:27:51.545878,280,2,3,ac:23:3f:24:d3:60,e2c56db5-dffb-48d2-b060-d0f5a71096e2,-34
2018-06-12 16:27:52.356114,281,2,3,ac:23:3f:24:d3:60,e2c56db5-dffb-48d2-b060-d0f5a71096e2,-44
2018-06-12 16:27:53.187760,282,2,3,ac:23:3f:24:d3:60,e2c56db5-dffb-48d2-b060-d0f5a71096e2,-47
2018-06-12 16:27:53.396391,283,2,3,ac:23:3f:24:d3:60,e2c56db5-dffb-48d2-b060-d0f5a71096e2,-47
2018-06-12 16:27:54.011079,284,2,3,ac:23:3f:24:d3:60,e2c56db5-dffb-48d2-b060-d0f5a71096e2,-44
2018-06-12 16:27:54.215686,285,2,3,ac:23:3f:24:d3:60,e2c56db5-dffb-48d2-b060-d0f5a71096e2,-44
2018-06-12 16:27:54.626130,286,2,3,ac:23:3f:24:d3:60,e2c56db5-dffb-48d2-b060-d0f5a71096e2,-47
2018-06-12 16:27:54.837262,287,2,3,ac:23:3f:24:d3:60,e2c56db5-dffb-48d2-b060-d0f5a71096e2,-47
2018-06-12 16:27:55.235979,288,2,3,ac:23:3f:24:d3:60,e2c56db5-dffb-48d2-b060-d0f5a71096e2,-44
2018-06-12 16:27:55.647860,289,2,3,ac:23:3f:24:d3:60,e2c56db5-dffb-48d2-b060-d0f5a71096e2,-47
2018-06-12 16:27:55.857547,290,2,3,ac:23:3f:24:d3:60,e2c56db5-dffb-48d2-b060-d0f5a71096e2,-47
2018-06-12 16:27:56.060226,291,2,3,ac:23:3f:24:d3:60,e2c56db5-dffb-48d2-b060-d0f5a71096e2,-41
2018-06-12 16:27:56.268406,292,2,3,ac:23:3f:24:d3:60,e2c56db5-dffb-48d2-b060-d0f5a71096e2,-41
2018-06-12 16:27:56.684752,293,2,3,ac:23:3f:24:d3:60,e2c56db5-dffb-48d2-b060-d0f5a71096e2,-44
2018-06-12 16:27:56.887843,294,2,3,ac:23:3f:24:d3:60,e2c56db5-dffb-48d2-b060-d0f5a71096e2,-44
2018-06-12 16:27:57.097121,295,2,3,ac:23:3f:24:d3:60,e2c56db5-dffb-48d2-b060-d0f5a71096e2,-44
2018-06-12 16:27:57.311414,296,2,3,ac:23:3f:24:d3:60,e2c56db5-dffb-48d2-b060-d0f5a71096e2,-45
2018-06-12 16:27:57.715798,297,2,3,ac:23:3f:24:d3:60,e2c56db5-dffb-48d2-b060-d0f5a71096e2,-47
2018-06-12 16:27:57.921461,298,2,3,ac:23:3f:24:d3:60,e2c56db5-dffb-48d2-b060-d0f5a71096e2,-41
2018-06-12 16:27:58.129298,299,2,3,ac:23:3f:24:d3:60,e2c56db5-dffb-48d2-b060-d0f5a71096e2,-41
2018-06-12 16:27:58.326222,300,2,3,ac:23:3f:24:d3:60,e2c56db5-dffb-48d2-b060-d0f5a71096e2,-44
2018-06-12 16:27:58.945274,301,2,3,ac:23:3f:24:d3:60,e2c56db5-dffb-48d2-b060-d0f5a71096e2,-47
2018-06-12 16:27:59.144212,302,2,3,ac:23:3f:24:d3:60,e2c56db5-dffb-48d2-b060-d0f5a71096e2,-41
2018-06-12 16:27:59.350641,303,2,3,ac:23:3f:24:d3:60,e2c56db5-dffb-48d2-b060-d0f5a71096e2,-45
2018-06-12 16:27:59.558721,304,2,3,ac:23:3f:24:d3:60,e2c56db5-dffb-48d2-b060-d0f5a71096e2,-45
2018-06-12 16:27:59.961538,305,2,3,ac:23:3f:24:d3:60,e2c56db5-dffb-48d2-b060-d0f5a71096e2,-41
2018-06-12 16:28:00.161462,306,2,3,ac:23:3f:24:d3:60,e2c56db5-dffb-48d2-b060-d0f5a71096e2,-44
2018-06-12 16:28:00.989957,307,2,3,ac:23:3f:24:d3:60,e2c56db5-dffb-48d2-b060-d0f5a71096e2,-41
2018-06-12 16:28:01.189210,308,2,3,ac:23:3f:24:d3:60,e2c56db5-dffb-48d2-b060-d0f5a71096e2,-41
2018-06-12 16:28:02.206178,309,2,3,ac:23:3f:24:d3:60,e2c56db5-dffb-48d2-b060-d0f5a71096e2,-41
2018-06-12 16:28:02.410437,310,2,3,ac:23:3f:24:d3:60,e2c56db5-dffb-48d2-b060-d0f5a71096e2,-34
2018-06-12 16:28:02.613312,311,2,3,ac:23:3f:24:d3:60,e2c56db5-dffb-48d2-b060-d0f5a71096e2,-44
2018-06-12 16:28:02.819759,312,2,3,ac:23:3f:24:d3:60,e2c56db5-dffb-48d2-b060-d0f5a71096e2,-47
2018-06-12 16:28:03.037059,313,2,3,ac:23:3f:24:d3:60,e2c56db5-dffb-48d2-b060-d0f5a71096e2,-30
2018-06-12 16:28:03.438818,314,2,3,ac:23:3f:24:d3:60,e2c56db5-dffb-48d2-b060-d0f5a71096e2,-41
2018-06-12 16:28:03.647372,315,2,3,ac:23:3f:24:d3:60,e2c56db5-dffb-48d2-b060-d0f5a71096e2,-41
2018-06-12 16:28:03.855358,316,2,3,ac:23:3f:24:d3:60,e2c56db5-dffb-48d2-b060-d0f5a71096e2,-41
2018-06-12 16:28:04.055693,317,2,3,ac:23:3f:24:d3:60,e2c56db5-dffb-48d2-b060-d0f5a71096e2,-32
2018-06-12 16:28:04.260145,318,2,3,ac:23:3f:24:d3:60,e2c56db5-dffb-48d2-b060-d0f5a71096e2,-47
2018-06-12 16:28:04.463546,319,2,3,ac:23:3f:24:d3:60,e2c56db5-dffb-48d2-b060-d0f5a71096e2,-47
2018-06-12 16:28:04.671608,320,2,3,ac:23:3f:24:d3:60,e2c56db5-dffb-48d2-b060-d0f5a71096e2,-41
2018-06-12 16:28:04.876480,321,2,3,ac:23:3f:24:d3:60,e2c56db5-dffb-48d2-b060-d0f5a71096e2,-41
2018-06-12 16:28:05.083558,322,2,3,ac:23:3f:24:d3:60,e2c56db5-dffb-48d2-b060-d0f5a71096e2,-41
2018-06-12 16:28:05.287547,323,2,3,ac:23:3f:24:d3:60,e2c56db5-dffb-48d2-b060-d0f5a71096e2,-44
2018-06-12 16:28:05.907296,324,2,3,ac:23:3f:24:d3:60,e2c56db5-dffb-48d2-b060-d0f5a71096e2,-47
2018-06-12 16:28:06.321730,325,2,3,ac:23:3f:24:d3:60,e2c56db5-dffb-48d2-b060-d0f5a71096e2,-41
2018-06-12 16:28:06.530905,326,2,3,ac:23:3f:24:d3:60,e2c56db5-dffb-48d2-b060-d0f5a71096e2,-42
2018-06-12 16:28:06.736631,327,2,3,ac:23:3f:24:d3:60,e2c56db5-dffb-48d2-b060-d0f5a71096e2,-31
2018-06-12 16:28:06.933680,328,2,3,ac:23:3f:24:d3:60,e2c56db5-dffb-48d2-b060-d0f5a71096e2,-44
2018-06-12 16:28:07.349711,329,2,3,ac:23:3f:24:d3:60,e2c56db5-dffb-48d2-b060-d0f5a71096e2,-47
2018-06-12 16:28:07.762981,330,2,3,ac:23:3f:24:d3:60,e2c56db5-dffb-48d2-b060-d0f5a71096e2,-41
2018-06-12 16:28:07.969182,331,2,3,ac:23:3f:24:d3:60,e2c56db5-dffb-48d2-b060-d0f5a71096e2,-41
2018-06-12 16:28:08.174327,332,2,3,ac:23:3f:24:d3:60,e2c56db5-dffb-48d2-b060-d0f5a71096e2,-43
2018-06-12 16:28:08.385934,333,2,3,ac:23:3f:24:d3:60,e2c56db5-dffb-48d2-b060-d0f5a71096e2,-44
2018-06-12 16:28:08.590435,334,2,3,ac:23:3f:24:d3:60,e2c56db5-dffb-48d2-b060-d0f5a71096e2,-33
2018-06-12 16:28:09.001579,335,2,3,ac:23:3f:24:d3:60,e2c56db5-dffb-48d2-b060-d0f5a71096e2,-47
2018-06-12 16:28:09.207985,336,2,3,ac:23:3f:24:d3:60,e2c56db5-dffb-48d2-b060-d0f5a71096e2,-47
2018-06-12 16:28:09.614430,337,2,3,ac:23:3f:24:d3:60,e2c56db5-dffb-48d2-b060-d0f5a71096e2,-41
2018-06-12 16:28:09.820449,338,2,3,ac:23:3f:24:d3:60,e2c56db5-dffb-48d2-b060-d0f5a71096e2,-33
2018-06-12 16:28:10.025071,339,2,3,ac:23:3f:24:d3:60,e2c56db5-dffb-48d2-b060-d0f5a71096e2,-47
2018-06-12 16:28:10.231063,340,2,3,ac:23:3f:24:d3:60,e2c56db5-dffb-48d2-b060-d0f5a71096e2,-41
2018-06-12 16:28:10.431596,341,2,3,ac:23:3f:24:d3:60,e2c56db5-dffb-48d2-b060-d0f5a71096e2,-41
2018-06-12 16:28:10.629053,342,2,3,ac:23:3f:24:d3:60,e2c56db5-dffb-48d2-b060-d0f5a71096e2,-45
2018-06-12 16:28:11.035432,343,2,3,ac:23:3f:24:d3:60,e2c56db5-dffb-48d2-b060-d0f5a71096e2,-47
2018-06-12 16:28:11.243959,344,2,3,ac:23:3f:24:d3:60,e2c56db5-dffb-48d2-b060-d0f5a71096e2,-47
2018-06-12 16:28:11.446246,345,2,3,ac:23:3f:24:d3:60,e2c56db5-dffb-48d2-b060-d0f5a71096e2,-41
2018-06-12 16:28:11.647826,346,2,3,ac:23:3f:24:d3:60,e2c56db5-dffb-48d2-b060-d0f5a71096e2,-34
2018-06-12 16:28:11.850677,347,2,3,ac:23:3f:24:d3:60,e2c56db5-dffb-48d2-b060-d0f5a71096e2,-47
2018-06-12 16:28:12.471490,348,2,3,ac:23:3f:24:d3:60,e2c56db5-dffb-48d2-b060-d0f5a71096e2,-41
2018-06-12 16:28:12.677127,349,2,3,ac:23:3f:24:d3:60,e2c56db5-dffb-48d2-b060-d0f5a71096e2,-41
2018-06-12 16:28:12.882304,350,2,3,ac:23:3f:24:d3:60,e2c56db5-dffb-48d2-b060-d0f5a71096e2,-45
2018-06-12 16:28:13.084188,351,2,3,ac:23:3f:24:d3:60,e2c56db5-dffb-48d2-b060-d0f5a71096e2,-45
2018-06-12 16:28:13.295079,352,2,3,ac:23:3f:24:d3:60,e2c56db5-dffb-48d2-b060-d0f5a71096e2,-47
2018-06-12 16:28:13.504411,353,2,3,ac:23:3f:24:d3:60,e2c56db5-dffb-48d2-b060-d0f5a71096e2,-47
2018-06-12 16:28:13.711374,354,2,3,ac:23:3f:24:d3:60,e2c56db5-dffb-48d2-b060-d0f5a71096e2,-41
2018-06-12 16:28:13.897185,355,2,3,ac:23:3f:24:d3:60,e2c56db5-dffb-48d2-b060-d0f5a71096e2,-34
2018-06-12 16:28:14.104301,356,2,3,ac:23:3f:24:d3:60,e2c56db5-dffb-48d2-b060-d0f5a71096e2,-44
2018-06-12 16:28:14.314139,357,2,3,ac:23:3f:24:d3:60,e2c56db5-dffb-48d2-b060-d0f5a71096e2,-45
2018-06-12 16:28:14.729967,358,2,3,ac:23:3f:24:d3:60,e2c56db5-dffb-48d2-b060-d0f5a71096e2,-47
2018-06-12 16:28:14.929843,359,2,3,ac:23:3f:24:d3:60,e2c56db5-dffb-48d2-b060-d0f5a71096e2,-41
2018-06-12 16:28:15.134612,360,2,3,ac:23:3f:24:d3:60,e2c56db5-dffb-48d2-b060-d0f5a71096e2,-41
2018-06-12 16:28:15.333665,361,2,3,ac:23:3f:24:d3:60,e2c56db5-dffb-48d2-b060-d0f5a71096e2,-44
2018-06-12 16:28:15.552912,362,2,3,ac:23:3f:24:d3:60,e2c56db5-dffb-48d2-b060-d0f5a71096e2,-47
2018-06-12 16:28:15.755390,363,2,3,ac:23:3f:24:d3:60,e2c56db5-dffb-48d2-b060-d0f5a71096e2,-47
2018-06-12 16:28:16.155023,364,2,3,ac:23:3f:24:d3:60,e2c56db5-dffb-48d2-b060-d0f5a71096e2,-41
2018-06-12 16:28:16.364233,365,2,3,ac:23:3f:24:d3:60,e2c56db5-dffb-48d2-b060-d0f5a71096e2,-41
2018-06-12 16:28:16.571139,366,2,3,ac:23:3f:24:d3:60,e2c56db5-dffb-48d2-b060-d0f5a71096e2,-44
2018-06-12 16:28:16.773313,367,2,3,ac:23:3f:24:d3:60,e2c56db5-dffb-48d2-b060-d0f5a71096e2,-44
2018-06-12 16:28:17.191633,368,2,3,ac:23:3f:24:d3:60,e2c56db5-dffb-48d2-b060-d0f5a71096e2,-47
2018-06-12 16:28:17.396387,369,2,3,ac:23:3f:24:d3:60,e2c56db5-dffb-48d2-b060-d0f5a71096e2,-47
2018-06-12 16:28:17.597497,370,2,3,ac:23:3f:24:d3:60,e2c56db5-dffb-48d2-b060-d0f5a71096e2,-41
2018-06-12 16:28:17.801336,371,2,3,ac:23:3f:24:d3:60,e2c56db5-dffb-48d2-b060-d0f5a71096e2,-33
2018-06-12 16:28:18.006911,372,2,3,ac:23:3f:24:d3:60,e2c56db5-dffb-48d2-b060-d0f5a71096e2,-33
2018-06-12 16:28:18.210854,373,2,3,ac:23:3f:24:d3:60,e2c56db5-dffb-48d2-b060-d0f5a71096e2,-47
2018-06-12 16:28:18.617635,374,2,3,ac:23:3f:24:d3:60,e2c56db5-dffb-48d2-b060-d0f5a71096e2,-41
2018-06-12 16:28:18.820538,375,2,3,ac:23:3f:24:d3:60,e2c56db5-dffb-48d2-b060-d0f5a71096e2,-44
2018-06-12 16:28:19.031763,376,2,3,ac:23:3f:24:d3:60,e2c56db5-dffb-48d2-b060-d0f5a71096e2,-45
2018-06-12 16:28:19.847238,377,2,3,ac:23:3f:24:d3:60,e2c56db5-dffb-48d2-b060-d0f5a71096e2,-41
2018-06-12 16:28:20.048904,378,2,3,ac:23:3f:24:d3:60,e2c56db5-dffb-48d2-b060-d0f5a71096e2,-44
2018-06-12 16:28:20.257093,379,2,3,ac:23:3f:24:d3:60,e2c56db5-dffb-48d2-b060-d0f5a71096e2,-45
2018-06-12 16:28:20.668054,380,2,3,ac:23:3f:24:d3:60,e2c56db5-dffb-48d2-b060-d0f5a71096e2,-47
2018-06-12 16:28:20.870172,381,2,3,ac:23:3f:24:d3:60,e2c56db5-dffb-48d2-b060-d0f5a71096e2,-41
2018-06-12 16:28:21.072932,382,2,3,ac:23:3f:24:d3:60,e2c56db5-dffb-48d2-b060-d0f5a71096e2,-45
2018-06-12 16:28:21.279177,383,2,3,ac:23:3f:24:d3:60,e2c56db5-dffb-48d2-b060-d0f5a71096e2,-44
2018-06-12 16:28:21.488712,384,2,3,ac:23:3f:24:d3:60,e2c56db5-dffb-48d2-b060-d0f5a71096e2,-44
2018-06-12 16:28:21.901629,385,2,3,ac:23:3f:24:d3:60,e2c56db5-dffb-48d2-b060-d0f5a71096e2,-47
2018-06-12 16:28:22.298913,386,2,3,ac:23:3f:24:d3:60,e2c56db5-dffb-48d2-b060-d0f5a71096e2,-45
2018-06-12 16:28:22.503325,387,2,3,ac:23:3f:24:d3:60,e2c56db5-dffb-48d2-b060-d0f5a71096e2,-42
2018-06-12 16:28:22.714988,388,2,3,ac:23:3f:24:d3:60,e2c56db5-dffb-48d2-b060-d0f5a71096e2,-47
2018-06-12 16:28:22.917978,389,2,3,ac:23:3f:24:d3:60,e2c56db5-dffb-48d2-b060-d0f5a71096e2,-47
2018-06-12 16:28:23.330785,390,2,3,ac:23:3f:24:d3:60,e2c56db5-dffb-48d2-b060-d0f5a71096e2,-44
2018-06-12 16:28:23.525937,391,2,3,ac:23:3f:24:d3:60,e2c56db5-dffb-48d2-b060-d0f5a71096e2,-44
2018-06-12 16:28:23.734140,392,2,3,ac:23:3f:24:d3:60,e2c56db5-dffb-48d2-b060-d0f5a71096e2,-47
2018-06-12 16:28:24.145483,393,2,3,ac:23:3f:24:d3:60,e2c56db5-dffb-48d2-b060-d0f5a71096e2,-47
2018-06-12 16:28:24.353921,394,2,3,ac:23:3f:24:d3:60,e2c56db5-dffb-48d2-b060-d0f5a71096e2,-47
2018-06-12 16:28:24.559938,395,2,3,ac:23:3f:24:d3:60,e2c56db5-dffb-48d2-b060-d0f5a71096e2,-41
2018-06-12 16:28:24.767646,396,2,3,ac:23:3f:24:d3:60,e2c56db5-dffb-48d2-b060-d0f5a71096e2,-41
2018-06-12 16:28:24.976524,397,2,3,ac:23:3f:24:d3:60,e2c56db5-dffb-48d2-b060-d0f5a71096e2,-41
2018-06-12 16:28:25.178003,398,2,3,ac:23:3f:24:d3:60,e2c56db5-dffb-48d2-b060-d0f5a71096e2,-45
2018-06-12 16:28:25.588890,399,2,3,ac:23:3f:24:d3:60,e2c56db5-dffb-48d2-b060-d0f5a71096e2,-30
2018-06-12 16:28:25.789285,400,2,3,ac:23:3f:24:d3:60,e2c56db5-dffb-48d2-b060-d0f5a71096e2,-41
2018-06-12 16:28:25.998537,401,2,3,ac:23:3f:24:d3:60,e2c56db5-dffb-48d2-b060-d0f5a71096e2,-41
2018-06-12 16:28:26.201316,402,2,3,ac:23:3f:24:d3:60,e2c56db5-dffb-48d2-b060-d0f5a71096e2,-50
2018-06-12 16:28:26.410067,403,2,3,ac:23:3f:24:d3:60,e2c56db5-dffb-48d2-b060-d0f5a71096e2,-45
2018-06-12 16:28:26.612129,404,2,3,ac:23:3f:24:d3:60,e2c56db5-dffb-48d2-b060-d0f5a71096e2,-30
2018-06-12 16:28:26.824482,405,2,3,ac:23:3f:24:d3:60,e2c56db5-dffb-48d2-b060-d0f5a71096e2,-30
2018-06-12 16:28:27.028364,406,2,3,ac:23:3f:24:d3:60,e2c56db5-dffb-48d2-b060-d0f5a71096e2,-30
2018-06-12 16:28:27.228587,407,2,3,ac:23:3f:24:d3:60,e2c56db5-dffb-48d2-b060-d0f5a71096e2,-41
2018-06-12 16:28:27.437498,408,2,3,ac:23:3f:24:d3:60,e2c56db5-dffb-48d2-b060-d0f5a71096e2,-41
2018-06-12 16:28:27.638838,409,2,3,ac:23:3f:24:d3:60,e2c56db5-dffb-48d2-b060-d0f5a71096e2,-44
2018-06-12 16:28:27.845937,410,2,3,ac:23:3f:24:d3:60,e2c56db5-dffb-48d2-b060-d0f5a71096e2,-44
2018-06-12 16:28:28.048733,411,2,3,ac:23:3f:24:d3:60,e2c56db5-dffb-48d2-b060-d0f5a71096e2,-47
2018-06-12 16:28:28.457117,412,2,3,ac:23:3f:24:d3:60,e2c56db5-dffb-48d2-b060-d0f5a71096e2,-41
2018-06-12 16:28:28.658480,413,2,3,ac:23:3f:24:d3:60,e2c56db5-dffb-48d2-b060-d0f5a71096e2,-33
2018-06-12 16:28:28.867623,414,2,3,ac:23:3f:24:d3:60,e2c56db5-dffb-48d2-b060-d0f5a71096e2,-47
2018-06-12 16:28:29.271524,415,2,3,ac:23:3f:24:d3:60,e2c56db5-dffb-48d2-b060-d0f5a71096e2,-41
2018-06-12 16:28:29.684078,416,2,3,ac:23:3f:24:d3:60,e2c56db5-dffb-48d2-b060-d0f5a71096e2,-41
2018-06-12 16:28:29.888048,417,2,3,ac:23:3f:24:d3:60,e2c56db5-dffb-48d2-b060-d0f5a71096e2,-44
2018-06-12 16:28:30.094242,418,2,3,ac:23:3f:24:d3:60,e2c56db5-dffb-48d2-b060-d0f5a71096e2,-49
2018-06-12 16:28:30.504707,419,2,3,ac:23:3f:24:d3:60,e2c56db5-dffb-48d2-b060-d0f5a71096e2,-47
2018-06-12 16:28:30.710075,420,2,3,ac:23:3f:24:d3:60,e2c56db5-dffb-48d2-b060-d0f5a71096e2,-41
2018-06-12 16:28:31.323964,421,2,3,ac:23:3f:24:d3:60,e2c56db5-dffb-48d2-b060-d0f5a71096e2,-45
2018-06-12 16:28:31.528962,422,2,3,ac:23:3f:24:d3:60,e2c56db5-dffb-48d2-b060-d0f5a71096e2,-30
2018-06-12 16:28:31.735588,423,2,3,ac:23:3f:24:d3:60,e2c56db5-dffb-48d2-b060-d0f5a71096e2,-47
2018-06-12 16:28:31.941368,424,2,3,ac:23:3f:24:d3:60,e2c56db5-dffb-48d2-b060-d0f5a71096e2,-41
2018-06-12 16:28:32.140852,425,2,3,ac:23:3f:24:d3:60,e2c56db5-dffb-48d2-b060-d0f5a71096e2,-50
2018-06-12 16:28:32.345185,426,2,3,ac:23:3f:24:d3:60,e2c56db5-dffb-48d2-b060-d0f5a71096e2,-45
2018-06-12 16:28:32.758974,427,2,3,ac:23:3f:24:d3:60,e2c56db5-dffb-48d2-b060-d0f5a71096e2,-47
2018-06-12 16:28:32.968830,428,2,3,ac:23:3f:24:d3:60,e2c56db5-dffb-48d2-b060-d0f5a71096e2,-47
2018-06-12 16:28:33.178865,429,2,3,ac:23:3f:24:d3:60,e2c56db5-dffb-48d2-b060-d0f5a71096e2,-47
2018-06-12 16:28:33.592020,430,2,3,ac:23:3f:24:d3:60,e2c56db5-dffb-48d2-b060-d0f5a71096e2,-42
2018-06-12 16:28:33.787490,431,2,3,ac:23:3f:24:d3:60,e2c56db5-dffb-48d2-b060-d0f5a71096e2,-44
2018-06-12 16:28:34.198993,432,2,3,ac:23:3f:24:d3:60,e2c56db5-dffb-48d2-b060-d0f5a71096e2,-47
2018-06-12 16:28:34.407880,433,2,3,ac:23:3f:24:d3:60,e2c56db5-dffb-48d2-b060-d0f5a71096e2,-47
2018-06-12 16:28:34.610091,434,2,3,ac:23:3f:24:d3:60,e2c56db5-dffb-48d2-b060-d0f5a71096e2,-41
2018-06-12 16:28:35.020509,435,2,3,ac:23:3f:24:d3:60,e2c56db5-dffb-48d2-b060-d0f5a71096e2,-33
2018-06-12 16:28:35.223932,436,2,3,ac:23:3f:24:d3:60,e2c56db5-dffb-48d2-b060-d0f5a71096e2,-44
2018-06-12 16:28:35.427126,437,2,3,ac:23:3f:24:d3:60,e2c56db5-dffb-48d2-b060-d0f5a71096e2,-47
2018-06-12 16:28:35.627284,438,2,3,ac:23:3f:24:d3:60,e2c56db5-dffb-48d2-b060-d0f5a71096e2,-41
2018-06-12 16:28:35.827260,439,2,3,ac:23:3f:24:d3:60,e2c56db5-dffb-48d2-b060-d0f5a71096e2,-44
2018-06-12 16:28:36.036893,440,2,3,ac:23:3f:24:d3:60,e2c56db5-dffb-48d2-b060-d0f5a71096e2,-45
2018-06-12 16:28:36.445611,441,2,3,ac:23:3f:24:d3:60,e2c56db5-dffb-48d2-b060-d0f5a71096e2,-30
2018-06-12 16:28:36.646950,442,2,3,ac:23:3f:24:d3:60,e2c56db5-dffb-48d2-b060-d0f5a71096e2,-41
2018-06-12 16:28:36.857134,443,2,3,ac:23:3f:24:d3:60,e2c56db5-dffb-48d2-b060-d0f5a71096e2,-41
2018-06-12 16:28:37.057124,444,2,3,ac:23:3f:24:d3:60,e2c56db5-dffb-48d2-b060-d0f5a71096e2,-45
2018-06-12 16:28:37.471905,445,2,3,ac:23:3f:24:d3:60,e2c56db5-dffb-48d2-b060-d0f5a71096e2,-47
2018-06-12 16:28:37.680638,446,2,3,ac:23:3f:24:d3:60,e2c56db5-dffb-48d2-b060-d0f5a71096e2,-47
2018-06-12 16:28:37.883692,447,2,3,ac:23:3f:24:d3:60,e2c56db5-dffb-48d2-b060-d0f5a71096e2,-47
2018-06-12 16:28:38.093452,448,2,3,ac:23:3f:24:d3:60,e2c56db5-dffb-48d2-b060-d0f5a71096e2,-29
2018-06-12 16:28:38.301730,449,2,3,ac:23:3f:24:d3:60,e2c56db5-dffb-48d2-b060-d0f5a71096e2,-41
2018-06-12 16:28:38.506734,450,2,3,ac:23:3f:24:d3:60,e2c56db5-dffb-48d2-b060-d0f5a71096e2,-41
2018-06-12 16:28:38.714027,451,2,3,ac:23:3f:24:d3:60,e2c56db5-dffb-48d2-b060-d0f5a71096e2,-41
2018-06-12 16:28:38.916248,452,2,3,ac:23:3f:24:d3:60,e2c56db5-dffb-48d2-b060-d0f5a71096e2,-34
2018-06-12 16:28:39.327935,453,2,3,ac:23:3f:24:d3:60,e2c56db5-dffb-48d2-b060-d0f5a71096e2,-48
2018-06-12 16:28:39.734444,454,2,3,ac:23:3f:24:d3:60,e2c56db5-dffb-48d2-b060-d0f5a71096e2,-41
2018-06-12 16:28:39.938786,455,2,3,ac:23:3f:24:d3:60,e2c56db5-dffb-48d2-b060-d0f5a71096e2,-44
2018-06-12 16:28:40.147104,456,2,3,ac:23:3f:24:d3:60,e2c56db5-dffb-48d2-b060-d0f5a71096e2,-45
2018-06-12 16:28:40.771034,457,2,3,ac:23:3f:24:d3:60,e2c56db5-dffb-48d2-b060-d0f5a71096e2,-47
2018-06-12 16:28:40.976733,458,2,3,ac:23:3f:24:d3:60,e2c56db5-dffb-48d2-b060-d0f5a71096e2,-30
2018-06-12 16:28:41.184921,459,2,3,ac:23:3f:24:d3:60,e2c56db5-dffb-48d2-b060-d0f5a71096e2,-47
2018-06-12 16:28:41.385532,460,2,3,ac:23:3f:24:d3:60,e2c56db5-dffb-48d2-b060-d0f5a71096e2,-41
2018-06-12 16:28:41.800650,461,2,3,ac:23:3f:24:d3:60,e2c56db5-dffb-48d2-b060-d0f5a71096e2,-44
2018-06-12 16:28:42.007495,462,2,3,ac:23:3f:24:d3:60,e2c56db5-dffb-48d2-b060-d0f5a71096e2,-44
2018-06-12 16:28:42.839334,463,2,3,ac:23:3f:24:d3:60,e2c56db5-dffb-48d2-b060-d0f5a71096e2,-47
2018-06-12 16:28:43.045332,464,2,3,ac:23:3f:24:d3:60,e2c56db5-dffb-48d2-b060-d0f5a71096e2,-47
2018-06-12 16:28:43.450594,465,2,3,ac:23:3f:24:d3:60,e2c56db5-dffb-48d2-b060-d0f5a71096e2,-45
2018-06-12 16:28:43.861371,466,2,3,ac:23:3f:24:d3:60,e2c56db5-dffb-48d2-b060-d0f5a71096e2,-47
2018-06-12 16:28:44.067655,467,2,3,ac:23:3f:24:d3:60,e2c56db5-dffb-48d2-b060-d0f5a71096e2,-47
2018-06-12 16:28:44.275262,468,2,3,ac:23:3f:24:d3:60,e2c56db5-dffb-48d2-b060-d0f5a71096e2,-47
2018-06-12 16:28:44.689707,469,2,3,ac:23:3f:24:d3:60,e2c56db5-dffb-48d2-b060-d0f5a71096e2,-41
2018-06-12 16:28:44.896502,470,2,3,ac:23:3f:24:d3:60,e2c56db5-dffb-48d2-b060-d0f5a71096e2,-41
2018-06-12 16:28:45.103349,471,2,3,ac:23:3f:24:d3:60,e2c56db5-dffb-48d2-b060-d0f5a71096e2,-41
2018-06-12 16:28:45.310323,472,2,3,ac:23:3f:24:d3:60,e2c56db5-dffb-48d2-b060-d0f5a71096e2,-44
2018-06-12 16:28:45.918679,473,2,3,ac:23:3f:24:d3:60,e2c56db5-dffb-48d2-b060-d0f5a71096e2,-41
2018-06-12 16:28:46.124323,474,2,3,ac:23:3f:24:d3:60,e2c56db5-dffb-48d2-b060-d0f5a71096e2,-41
2018-06-12 16:28:46.324950,475,2,3,ac:23:3f:24:d3:60,e2c56db5-dffb-48d2-b060-d0f5a71096e2,-45
2018-06-12 16:28:46.736798,476,2,3,ac:23:3f:24:d3:60,e2c56db5-dffb-48d2-b060-d0f5a71096e2,-30
2018-06-12 16:28:46.937797,477,2,3,ac:23:3f:24:d3:60,e2c56db5-dffb-48d2-b060-d0f5a71096e2,-41
2018-06-12 16:28:47.141968,478,2,3,ac:23:3f:24:d3:60,e2c56db5-dffb-48d2-b060-d0f5a71096e2,-45
2018-06-12 16:28:47.349874,479,2,3,ac:23:3f:24:d3:60,e2c56db5-dffb-48d2-b060-d0f5a71096e2,-44
2018-06-12 16:28:47.557871,480,2,3,ac:23:3f:24:d3:60,e2c56db5-dffb-48d2-b060-d0f5a71096e2,-43
2018-06-12 16:28:47.761864,481,2,3,ac:23:3f:24:d3:60,e2c56db5-dffb-48d2-b060-d0f5a71096e2,-47
2018-06-12 16:28:47.971600,482,2,3,ac:23:3f:24:d3:60,e2c56db5-dffb-48d2-b060-d0f5a71096e2,-48
2018-06-12 16:28:48.175091,483,2,3,ac:23:3f:24:d3:60,e2c56db5-dffb-48d2-b060-d0f5a71096e2,-47
2018-06-12 16:28:48.378600,484,2,3,ac:23:3f:24:d3:60,e2c56db5-dffb-48d2-b060-d0f5a71096e2,-41
2018-06-12 16:28:48.584725,485,2,3,ac:23:3f:24:d3:60,e2c56db5-dffb-48d2-b060-d0f5a71096e2,-41
2018-06-12 16:28:48.786662,486,2,3,ac:23:3f:24:d3:60,e2c56db5-dffb-48d2-b060-d0f5a71096e2,-44
2018-06-12 16:28:49.409771,487,2,3,ac:23:3f:24:d3:60,e2c56db5-dffb-48d2-b060-d0f5a71096e2,-48
2018-06-12 16:28:49.619443,488,2,3,ac:23:3f:24:d3:60,e2c56db5-dffb-48d2-b060-d0f5a71096e2,-48
2018-06-12 16:28:49.820469,489,2,3,ac:23:3f:24:d3:60,e2c56db5-dffb-48d2-b060-d0f5a71096e2,-41
2018-06-12 16:28:50.028890,490,2,3,ac:23:3f:24:d3:60,e2c56db5-dffb-48d2-b060-d0f5a71096e2,-41
2018-06-12 16:28:50.444314,491,2,3,ac:23:3f:24:d3:60,e2c56db5-dffb-48d2-b060-d0f5a71096e2,-41
2018-06-12 16:28:50.650640,492,2,3,ac:23:3f:24:d3:60,e2c56db5-dffb-48d2-b060-d0f5a71096e2,-44
2018-06-12 16:28:50.853722,493,2,3,ac:23:3f:24:d3:60,e2c56db5-dffb-48d2-b060-d0f5a71096e2,-44
2018-06-12 16:28:51.059134,494,2,3,ac:23:3f:24:d3:60,e2c56db5-dffb-48d2-b060-d0f5a71096e2,-48
2018-06-12 16:28:51.265223,495,2,3,ac:23:3f:24:d3:60,e2c56db5-dffb-48d2-b060-d0f5a71096e2,-47
2018-06-12 16:28:51.677842,496,2,3,ac:23:3f:24:d3:60,e2c56db5-dffb-48d2-b060-d0f5a71096e2,-42
2018-06-12 16:28:51.879964,497,2,3,ac:23:3f:24:d3:60,e2c56db5-dffb-48d2-b060-d0f5a71096e2,-44
2018-06-12 16:28:52.288075,498,2,3,ac:23:3f:24:d3:60,e2c56db5-dffb-48d2-b060-d0f5a71096e2,-47
2018-06-12 16:28:52.498056,499,2,3,ac:23:3f:24:d3:60,e2c56db5-dffb-48d2-b060-d0f5a71096e2,-48
2018-06-12 16:28:52.704580,500,2,3,ac:23:3f:24:d3:60,e2c56db5-dffb-48d2-b060-d0f5a71096e2,-47
2018-06-12 16:28:52.907016,501,2,3,ac:23:3f:24:d3:60,e2c56db5-dffb-48d2-b060-d0f5a71096e2,-41
2018-06-12 16:28:53.322777,502,2,3,ac:23:3f:24:d3:60,e2c56db5-dffb-48d2-b060-d0f5a71096e2,-44
2018-06-12 16:28:53.737279,503,2,3,ac:23:3f:24:d3:60,e2c56db5-dffb-48d2-b060-d0f5a71096e2,-51
2018-06-12 16:28:53.946433,504,2,3,ac:23:3f:24:d3:60,e2c56db5-dffb-48d2-b060-d0f5a71096e2,-44
2018-06-12 16:28:54.151668,505,2,3,ac:23:3f:24:d3:60,e2c56db5-dffb-48d2-b060-d0f5a71096e2,-47
2018-06-12 16:28:54.349986,506,2,3,ac:23:3f:24:d3:60,e2c56db5-dffb-48d2-b060-d0f5a71096e2,-48
2018-06-12 16:28:54.559546,507,2,3,ac:23:3f:24:d3:60,e2c56db5-dffb-48d2-b060-d0f5a71096e2,-47
2018-06-12 16:28:54.762601,508,2,3,ac:23:3f:24:d3:60,e2c56db5-dffb-48d2-b060-d0f5a71096e2,-41
2018-06-12 16:28:54.979569,509,2,3,ac:23:3f:24:d3:60,e2c56db5-dffb-48d2-b060-d0f5a71096e2,-42
2018-06-12 16:28:55.189533,510,2,3,ac:23:3f:24:d3:60,e2c56db5-dffb-48d2-b060-d0f5a71096e2,-42
2018-06-12 16:28:55.392587,511,2,3,ac:23:3f:24:d3:60,e2c56db5-dffb-48d2-b060-d0f5a71096e2,-45
2018-06-12 16:28:55.599676,512,2,3,ac:23:3f:24:d3:60,e2c56db5-dffb-48d2-b060-d0f5a71096e2,-33
2018-06-12 16:28:56.420814,513,2,3,ac:23:3f:24:d3:60,e2c56db5-dffb-48d2-b060-d0f5a71096e2,-41
2018-06-12 16:28:57.033604,514,2,3,ac:23:3f:24:d3:60,e2c56db5-dffb-48d2-b060-d0f5a71096e2,-47
2018-06-12 16:28:57.238490,515,2,3,ac:23:3f:24:d3:60,e2c56db5-dffb-48d2-b060-d0f5a71096e2,-47
2018-06-12 16:28:57.442096,516,2,3,ac:23:3f:24:d3:60,e2c56db5-dffb-48d2-b060-d0f5a71096e2,-41
2018-06-12 16:28:57.649061,517,2,3,ac:23:3f:24:d3:60,e2c56db5-dffb-48d2-b060-d0f5a71096e2,-41
2018-06-12 16:28:57.848071,518,2,3,ac:23:3f:24:d3:60,e2c56db5-dffb-48d2-b060-d0f5a71096e2,-45
2018-06-12 16:28:58.055628,519,2,3,ac:23:3f:24:d3:60,e2c56db5-dffb-48d2-b060-d0f5a71096e2,-45
2018-06-12 16:28:58.260128,520,2,3,ac:23:3f:24:d3:60,e2c56db5-dffb-48d2-b060-d0f5a71096e2,-47
2018-06-12 16:28:58.465084,521,2,3,ac:23:3f:24:d3:60,e2c56db5-dffb-48d2-b060-d0f5a71096e2,-47
2018-06-12 16:28:58.668711,522,2,3,ac:23:3f:24:d3:60,e2c56db5-dffb-48d2-b060-d0f5a71096e2,-41
2018-06-12 16:28:58.874969,523,2,3,ac:23:3f:24:d3:60,e2c56db5-dffb-48d2-b060-d0f5a71096e2,-41
2018-06-12 16:28:59.080441,524,2,3,ac:23:3f:24:d3:60,e2c56db5-dffb-48d2-b060-d0f5a71096e2,-44
2018-06-12 16:28:59.895373,525,2,3,ac:23:3f:24:d3:60,e2c56db5-dffb-48d2-b060-d0f5a71096e2,-41
2018-06-12 16:29:00.095785,526,2,3,ac:23:3f:24:d3:60,e2c56db5-dffb-48d2-b060-d0f5a71096e2,-44
2018-06-12 16:29:00.301633,527,2,3,ac:23:3f:24:d3:60,e2c56db5-dffb-48d2-b060-d0f5a71096e2,-30
2018-06-12 16:29:00.510480,528,2,3,ac:23:3f:24:d3:60,e2c56db5-dffb-48d2-b060-d0f5a71096e2,-47
2018-06-12 16:29:00.714503,529,2,3,ac:23:3f:24:d3:60,e2c56db5-dffb-48d2-b060-d0f5a71096e2,-41
2018-06-12 16:29:00.918409,530,2,3,ac:23:3f:24:d3:60,e2c56db5-dffb-48d2-b060-d0f5a71096e2,-44
2018-06-12 16:29:01.115523,531,2,3,ac:23:3f:24:d3:60,e2c56db5-dffb-48d2-b060-d0f5a71096e2,-44
2018-06-12 16:29:01.324638,532,2,3,ac:23:3f:24:d3:60,e2c56db5-dffb-48d2-b060-d0f5a71096e2,-44
2018-06-12 16:29:01.738317,533,2,3,ac:23:3f:24:d3:60,e2c56db5-dffb-48d2-b060-d0f5a71096e2,-47
2018-06-12 16:29:01.938212,534,2,3,ac:23:3f:24:d3:60,e2c56db5-dffb-48d2-b060-d0f5a71096e2,-42
2018-06-12 16:29:02.153509,535,2,3,ac:23:3f:24:d3:60,e2c56db5-dffb-48d2-b060-d0f5a71096e2,-31
2018-06-12 16:29:02.346645,536,2,3,ac:23:3f:24:d3:60,e2c56db5-dffb-48d2-b060-d0f5a71096e2,-44
2018-06-12 16:29:02.765120,537,2,3,ac:23:3f:24:d3:60,e2c56db5-dffb-48d2-b060-d0f5a71096e2,-47
2018-06-12 16:29:02.966190,538,2,3,ac:23:3f:24:d3:60,e2c56db5-dffb-48d2-b060-d0f5a71096e2,-47
2018-06-12 16:29:03.170517,539,2,3,ac:23:3f:24:d3:60,e2c56db5-dffb-48d2-b060-d0f5a71096e2,-41
2018-06-12 16:29:03.577541,540,2,3,ac:23:3f:24:d3:60,e2c56db5-dffb-48d2-b060-d0f5a71096e2,-45
2018-06-12 16:29:04.204554,541,2,3,ac:23:3f:24:d3:60,e2c56db5-dffb-48d2-b060-d0f5a71096e2,-41
2018-06-12 16:29:04.407653,542,2,3,ac:23:3f:24:d3:60,e2c56db5-dffb-48d2-b060-d0f5a71096e2,-41
2018-06-12 16:29:04.611621,543,2,3,ac:23:3f:24:d3:60,e2c56db5-dffb-48d2-b060-d0f5a71096e2,-41
2018-06-12 16:29:04.811486,544,2,3,ac:23:3f:24:d3:60,e2c56db5-dffb-48d2-b060-d0f5a71096e2,-44
2018-06-12 16:29:05.018901,545,2,3,ac:23:3f:24:d3:60,e2c56db5-dffb-48d2-b060-d0f5a71096e2,-45
2018-06-12 16:29:05.226445,546,2,3,ac:23:3f:24:d3:60,e2c56db5-dffb-48d2-b060-d0f5a71096e2,-50
2018-06-12 16:29:05.640600,547,2,3,ac:23:3f:24:d3:60,e2c56db5-dffb-48d2-b060-d0f5a71096e2,-48
2018-06-12 16:29:05.850506,548,2,3,ac:23:3f:24:d3:60,e2c56db5-dffb-48d2-b060-d0f5a71096e2,-48
2018-06-12 16:29:06.059258,549,2,3,ac:23:3f:24:d3:60,e2c56db5-dffb-48d2-b060-d0f5a71096e2,-47
end saving
2018-06-12 16:29:06.258948,550,2,3,ac:23:3f:24:d3:60,e2c56db5-dffb-48d2-b060-d0f5a71096e2,-41
2018-06-12 16:29:06.671777,551,2,3,ac:23:3f:24:d3:60,e2c56db5-dffb-48d2-b060-d0f5a71096e2,-44
2018-06-12 16:29:06.874712,552,2,3,ac:23:3f:24:d3:60,e2c56db5-dffb-48d2-b060-d0f5a71096e2,-44
2018-06-12 16:29:07.078411,553,2,3,ac:23:3f:24:d3:60,e2c56db5-dffb-48d2-b060-d0f5a71096e2,-47
2018-06-12 16:29:07.277795,554,2,3,ac:23:3f:24:d3:60,e2c56db5-dffb-48d2-b060-d0f5a71096e2,-41
2018-06-12 16:29:07.478888,555,2,3,ac:23:3f:24:d3:60,e2c56db5-dffb-48d2-b060-d0f5a71096e2,-44
2018-06-12 16:29:07.687862,556,2,3,ac:23:3f:24:d3:60,e2c56db5-dffb-48d2-b060-d0f5a71096e2,-44
2018-06-12 16:29:08.704805,557,2,3,ac:23:3f:24:d3:60,e2c56db5-dffb-48d2-b060-d0f5a71096e2,-44
2018-06-12 16:29:09.118516,558,2,3,ac:23:3f:24:d3:60,e2c56db5-dffb-48d2-b060-d0f5a71096e2,-47
2018-06-12 16:29:09.536653,559,2,3,ac:23:3f:24:d3:60,e2c56db5-dffb-48d2-b060-d0f5a71096e2,-47
2018-06-12 16:29:09.941585,560,2,3,ac:23:3f:24:d3:60,e2c56db5-dffb-48d2-b060-d0f5a71096e2,-44
2018-06-12 16:29:10.359338,561,2,3,ac:23:3f:24:d3:60,e2c56db5-dffb-48d2-b060-d0f5a71096e2,-44
2018-06-12 16:29:10.558317,562,2,3,ac:23:3f:24:d3:60,e2c56db5-dffb-48d2-b060-d0f5a71096e2,-47
2018-06-12 16:29:10.964330,563,2,3,ac:23:3f:24:d3:60,e2c56db5-dffb-48d2-b060-d0f5a71096e2,-41
2018-06-12 16:29:11.164760,564,2,3,ac:23:3f:24:d3:60,e2c56db5-dffb-48d2-b060-d0f5a71096e2,-44
2018-06-12 16:29:11.573981,565,2,3,ac:23:3f:24:d3:60,e2c56db5-dffb-48d2-b060-d0f5a71096e2,-47
2018-06-12 16:29:11.985307,566,2,3,ac:23:3f:24:d3:60,e2c56db5-dffb-48d2-b060-d0f5a71096e2,-34
2018-06-12 16:29:12.591861,567,2,3,ac:23:3f:24:d3:60,e2c56db5-dffb-48d2-b060-d0f5a71096e2,-41
2018-06-12 16:29:12.801786,568,2,3,ac:23:3f:24:d3:60,e2c56db5-dffb-48d2-b060-d0f5a71096e2,-41
2018-06-12 16:29:13.010035,569,2,3,ac:23:3f:24:d3:60,e2c56db5-dffb-48d2-b060-d0f5a71096e2,-41
2018-06-12 16:29:13.247737,570,2,3,ac:23:3f:24:d3:60,e2c56db5-dffb-48d2-b060-d0f5a71096e2,-42
2018-06-12 16:29:13.425107,571,2,3,ac:23:3f:24:d3:60,e2c56db5-dffb-48d2-b060-d0f5a71096e2,-44
2018-06-12 16:29:13.836036,572,2,3,ac:23:3f:24:d3:60,e2c56db5-dffb-48d2-b060-d0f5a71096e2,-47
2018-06-12 16:29:14.028413,573,2,3,ac:23:3f:24:d3:60,e2c56db5-dffb-48d2-b060-d0f5a71096e2,-41
2018-06-12 16:29:14.237794,574,2,3,ac:23:3f:24:d3:60,e2c56db5-dffb-48d2-b060-d0f5a71096e2,-41
2018-06-12 16:29:14.448558,575,2,3,ac:23:3f:24:d3:60,e2c56db5-dffb-48d2-b060-d0f5a71096e2,-41
2018-06-12 16:29:14.651955,576,2,3,ac:23:3f:24:d3:60,e2c56db5-dffb-48d2-b060-d0f5a71096e2,-44
2018-06-12 16:29:14.855665,577,2,3,ac:23:3f:24:d3:60,e2c56db5-dffb-48d2-b060-d0f5a71096e2,-44
2018-06-12 16:29:15.065851,578,2,3,ac:23:3f:24:d3:60,e2c56db5-dffb-48d2-b060-d0f5a71096e2,-47
2018-06-12 16:29:15.271421,579,2,3,ac:23:3f:24:d3:60,e2c56db5-dffb-48d2-b060-d0f5a71096e2,-41
2018-06-12 16:29:15.474566,580,2,3,ac:23:3f:24:d3:60,e2c56db5-dffb-48d2-b060-d0f5a71096e2,-41
2018-06-12 16:29:15.686759,581,2,3,ac:23:3f:24:d3:60,e2c56db5-dffb-48d2-b060-d0f5a71096e2,-36
2018-06-12 16:29:15.877425,582,2,3,ac:23:3f:24:d3:60,e2c56db5-dffb-48d2-b060-d0f5a71096e2,-44
2018-06-12 16:29:16.085627,583,2,3,ac:23:3f:24:d3:60,e2c56db5-dffb-48d2-b060-d0f5a71096e2,-45
2018-06-12 16:29:16.501861,584,2,3,ac:23:3f:24:d3:60,e2c56db5-dffb-48d2-b060-d0f5a71096e2,-47
2018-06-12 16:29:16.709034,585,2,3,ac:23:3f:24:d3:60,e2c56db5-dffb-48d2-b060-d0f5a71096e2,-47
2018-06-12 16:29:16.909036,586,2,3,ac:23:3f:24:d3:60,e2c56db5-dffb-48d2-b060-d0f5a71096e2,-41
2018-06-12 16:29:17.319327,587,2,3,ac:23:3f:24:d3:60,e2c56db5-dffb-48d2-b060-d0f5a71096e2,-44
2018-06-12 16:29:17.521828,588,2,3,ac:23:3f:24:d3:60,e2c56db5-dffb-48d2-b060-d0f5a71096e2,-47
2018-06-12 16:29:17.929374,589,2,3,ac:23:3f:24:d3:60,e2c56db5-dffb-48d2-b060-d0f5a71096e2,-41
2018-06-12 16:29:18.134091,590,2,3,ac:23:3f:24:d3:60,e2c56db5-dffb-48d2-b060-d0f5a71096e2,-41
2018-06-12 16:29:18.341321,591,2,3,ac:23:3f:24:d3:60,e2c56db5-dffb-48d2-b060-d0f5a71096e2,-44
2018-06-12 16:29:18.754725,592,2,3,ac:23:3f:24:d3:60,e2c56db5-dffb-48d2-b060-d0f5a71096e2,-30
2018-06-12 16:29:18.958661,593,2,3,ac:23:3f:24:d3:60,e2c56db5-dffb-48d2-b060-d0f5a71096e2,-48
2018-06-12 16:29:19.785254,594,2,3,ac:23:3f:24:d3:60,e2c56db5-dffb-48d2-b060-d0f5a71096e2,-41
2018-06-12 16:29:19.985578,595,2,3,ac:23:3f:24:d3:60,e2c56db5-dffb-48d2-b060-d0f5a71096e2,-44
