timestamp,dataNum,antennaID,beaconID,beaconMac,beaconUUID,beaconRSSI,(pt office room2.01 no_path_loss)
2018-06-12 16:33:36.111771,50,2,3,ac:23:3f:24:d3:60,e2c56db5-dffb-48d2-b060-d0f5a71096e2,-44
2018-06-12 16:33:36.313425,51,2,3,ac:23:3f:24:d3:60,e2c56db5-dffb-48d2-b060-d0f5a71096e2,-47
2018-06-12 16:33:36.519174,52,2,3,ac:23:3f:24:d3:60,e2c56db5-dffb-48d2-b060-d0f5a71096e2,-47
2018-06-12 16:33:36.933625,53,2,3,ac:23:3f:24:d3:60,e2c56db5-dffb-48d2-b060-d0f5a71096e2,-50
2018-06-12 16:33:37.135879,54,2,3,ac:23:3f:24:d3:60,e2c56db5-dffb-48d2-b060-d0f5a71096e2,-44
2018-06-12 16:33:37.342492,55,2,3,ac:23:3f:24:d3:60,e2c56db5-dffb-48d2-b060-d0f5a71096e2,-44
2018-06-12 16:33:37.546827,56,2,3,ac:23:3f:24:d3:60,e2c56db5-dffb-48d2-b060-d0f5a71096e2,-44
2018-06-12 16:33:37.747166,57,2,3,ac:23:3f:24:d3:60,e2c56db5-dffb-48d2-b060-d0f5a71096e2,-47
2018-06-12 16:33:37.955795,58,2,3,ac:23:3f:24:d3:60,e2c56db5-dffb-48d2-b060-d0f5a71096e2,-48
2018-06-12 16:33:38.160329,59,2,3,ac:23:3f:24:d3:60,e2c56db5-dffb-48d2-b060-d0f5a71096e2,-33
2018-06-12 16:33:38.369779,60,2,3,ac:23:3f:24:d3:60,e2c56db5-dffb-48d2-b060-d0f5a71096e2,-50
2018-06-12 16:33:38.569195,61,2,3,ac:23:3f:24:d3:60,e2c56db5-dffb-48d2-b060-d0f5a71096e2,-44
2018-06-12 16:33:38.771299,62,2,3,ac:23:3f:24:d3:60,e2c56db5-dffb-48d2-b060-d0f5a71096e2,-48
2018-06-12 16:33:39.181848,63,2,3,ac:23:3f:24:d3:60,e2c56db5-dffb-48d2-b060-d0f5a71096e2,-50
2018-06-12 16:33:39.380664,64,2,3,ac:23:3f:24:d3:60,e2c56db5-dffb-48d2-b060-d0f5a71096e2,-28
2018-06-12 16:33:39.583720,65,2,3,ac:23:3f:24:d3:60,e2c56db5-dffb-48d2-b060-d0f5a71096e2,-40
2018-06-12 16:33:39.993191,66,2,3,ac:23:3f:24:d3:60,e2c56db5-dffb-48d2-b060-d0f5a71096e2,-50
2018-06-12 16:33:40.196962,67,2,3,ac:23:3f:24:d3:60,e2c56db5-dffb-48d2-b060-d0f5a71096e2,-49
2018-06-12 16:33:40.401156,68,2,3,ac:23:3f:24:d3:60,e2c56db5-dffb-48d2-b060-d0f5a71096e2,-44
2018-06-12 16:33:40.607312,69,2,3,ac:23:3f:24:d3:60,e2c56db5-dffb-48d2-b060-d0f5a71096e2,-42
2018-06-12 16:33:40.807579,70,2,3,ac:23:3f:24:d3:60,e2c56db5-dffb-48d2-b060-d0f5a71096e2,-31
2018-06-12 16:33:41.213658,71,2,3,ac:23:3f:24:d3:60,e2c56db5-dffb-48d2-b060-d0f5a71096e2,-44
2018-06-12 16:33:41.416679,72,2,3,ac:23:3f:24:d3:60,e2c56db5-dffb-48d2-b060-d0f5a71096e2,-44
2018-06-12 16:33:41.618459,73,2,3,ac:23:3f:24:d3:60,e2c56db5-dffb-48d2-b060-d0f5a71096e2,-42
2018-06-12 16:33:42.242141,74,2,3,ac:23:3f:24:d3:60,e2c56db5-dffb-48d2-b060-d0f5a71096e2,-32
2018-06-12 16:33:42.449531,75,2,3,ac:23:3f:24:d3:60,e2c56db5-dffb-48d2-b060-d0f5a71096e2,-49
2018-06-12 16:33:42.658289,76,2,3,ac:23:3f:24:d3:60,e2c56db5-dffb-48d2-b060-d0f5a71096e2,-50
2018-06-12 16:33:42.859879,77,2,3,ac:23:3f:24:d3:60,e2c56db5-dffb-48d2-b060-d0f5a71096e2,-44
2018-06-12 16:33:43.070529,78,2,3,ac:23:3f:24:d3:60,e2c56db5-dffb-48d2-b060-d0f5a71096e2,-44
2018-06-12 16:33:43.268073,79,2,3,ac:23:3f:24:d3:60,e2c56db5-dffb-48d2-b060-d0f5a71096e2,-48
2018-06-12 16:33:43.474577,80,2,3,ac:23:3f:24:d3:60,e2c56db5-dffb-48d2-b060-d0f5a71096e2,-43
2018-06-12 16:33:43.673258,81,2,3,ac:23:3f:24:d3:60,e2c56db5-dffb-48d2-b060-d0f5a71096e2,-44
2018-06-12 16:33:43.876374,82,2,3,ac:23:3f:24:d3:60,e2c56db5-dffb-48d2-b060-d0f5a71096e2,-44
2018-06-12 16:33:44.078086,83,2,3,ac:23:3f:24:d3:60,e2c56db5-dffb-48d2-b060-d0f5a71096e2,-48
2018-06-12 16:33:44.494428,84,2,3,ac:23:3f:24:d3:60,e2c56db5-dffb-48d2-b060-d0f5a71096e2,-49
2018-06-12 16:33:44.686989,85,2,3,ac:23:3f:24:d3:60,e2c56db5-dffb-48d2-b060-d0f5a71096e2,-44
2018-06-12 16:33:44.890946,86,2,3,ac:23:3f:24:d3:60,e2c56db5-dffb-48d2-b060-d0f5a71096e2,-44
2018-06-12 16:33:45.089294,87,2,3,ac:23:3f:24:d3:60,e2c56db5-dffb-48d2-b060-d0f5a71096e2,-48
2018-06-12 16:33:45.299731,88,2,3,ac:23:3f:24:d3:60,e2c56db5-dffb-48d2-b060-d0f5a71096e2,-49
2018-06-12 16:33:45.500674,89,2,3,ac:23:3f:24:d3:60,e2c56db5-dffb-48d2-b060-d0f5a71096e2,-32
2018-06-12 16:33:45.700806,90,2,3,ac:23:3f:24:d3:60,e2c56db5-dffb-48d2-b060-d0f5a71096e2,-48
2018-06-12 16:33:45.909355,91,2,3,ac:23:3f:24:d3:60,e2c56db5-dffb-48d2-b060-d0f5a71096e2,-42
2018-06-12 16:33:46.113680,92,2,3,ac:23:3f:24:d3:60,e2c56db5-dffb-48d2-b060-d0f5a71096e2,-49
2018-06-12 16:33:46.313056,93,2,3,ac:23:3f:24:d3:60,e2c56db5-dffb-48d2-b060-d0f5a71096e2,-38
2018-06-12 16:33:46.520569,94,2,3,ac:23:3f:24:d3:60,e2c56db5-dffb-48d2-b060-d0f5a71096e2,-44
2018-06-12 16:33:46.728055,95,2,3,ac:23:3f:24:d3:60,e2c56db5-dffb-48d2-b060-d0f5a71096e2,-44
2018-06-12 16:33:46.931211,96,2,3,ac:23:3f:24:d3:60,e2c56db5-dffb-48d2-b060-d0f5a71096e2,-49
2018-06-12 16:33:47.140020,97,2,3,ac:23:3f:24:d3:60,e2c56db5-dffb-48d2-b060-d0f5a71096e2,-33
2018-06-12 16:33:47.343373,98,2,3,ac:23:3f:24:d3:60,e2c56db5-dffb-48d2-b060-d0f5a71096e2,-49
2018-06-12 16:33:47.552808,99,2,3,ac:23:3f:24:d3:60,e2c56db5-dffb-48d2-b060-d0f5a71096e2,-32
2018-06-12 16:33:47.759485,100,2,3,ac:23:3f:24:d3:60,e2c56db5-dffb-48d2-b060-d0f5a71096e2,-49
2018-06-12 16:33:48.164261,101,2,3,ac:23:3f:24:d3:60,e2c56db5-dffb-48d2-b060-d0f5a71096e2,-48
2018-06-12 16:33:48.367707,102,2,3,ac:23:3f:24:d3:60,e2c56db5-dffb-48d2-b060-d0f5a71096e2,-49
2018-06-12 16:33:48.780098,103,2,3,ac:23:3f:24:d3:60,e2c56db5-dffb-48d2-b060-d0f5a71096e2,-49
2018-06-12 16:33:48.979320,104,2,3,ac:23:3f:24:d3:60,e2c56db5-dffb-48d2-b060-d0f5a71096e2,-44
2018-06-12 16:33:49.184769,105,2,3,ac:23:3f:24:d3:60,e2c56db5-dffb-48d2-b060-d0f5a71096e2,-48
2018-06-12 16:33:49.390941,106,2,3,ac:23:3f:24:d3:60,e2c56db5-dffb-48d2-b060-d0f5a71096e2,-48
2018-06-12 16:33:50.009479,107,2,3,ac:23:3f:24:d3:60,e2c56db5-dffb-48d2-b060-d0f5a71096e2,-50
2018-06-12 16:33:50.216397,108,2,3,ac:23:3f:24:d3:60,e2c56db5-dffb-48d2-b060-d0f5a71096e2,-49
2018-06-12 16:33:50.418883,109,2,3,ac:23:3f:24:d3:60,e2c56db5-dffb-48d2-b060-d0f5a71096e2,-37
2018-06-12 16:33:50.627091,110,2,3,ac:23:3f:24:d3:60,e2c56db5-dffb-48d2-b060-d0f5a71096e2,-33
2018-06-12 16:33:50.832285,111,2,3,ac:23:3f:24:d3:60,e2c56db5-dffb-48d2-b060-d0f5a71096e2,-49
2018-06-12 16:33:51.045040,112,2,3,ac:23:3f:24:d3:60,e2c56db5-dffb-48d2-b060-d0f5a71096e2,-48
2018-06-12 16:33:51.246216,113,2,3,ac:23:3f:24:d3:60,e2c56db5-dffb-48d2-b060-d0f5a71096e2,-48
2018-06-12 16:33:51.659330,114,2,3,ac:23:3f:24:d3:60,e2c56db5-dffb-48d2-b060-d0f5a71096e2,-49
2018-06-12 16:33:51.861712,115,2,3,ac:23:3f:24:d3:60,e2c56db5-dffb-48d2-b060-d0f5a71096e2,-44
2018-06-12 16:33:52.070883,116,2,3,ac:23:3f:24:d3:60,e2c56db5-dffb-48d2-b060-d0f5a71096e2,-36
2018-06-12 16:33:52.481562,117,2,3,ac:23:3f:24:d3:60,e2c56db5-dffb-48d2-b060-d0f5a71096e2,-32
2018-06-12 16:33:53.101265,118,2,3,ac:23:3f:24:d3:60,e2c56db5-dffb-48d2-b060-d0f5a71096e2,-50
2018-06-12 16:33:53.302595,119,2,3,ac:23:3f:24:d3:60,e2c56db5-dffb-48d2-b060-d0f5a71096e2,-44
2018-06-12 16:33:53.508448,120,2,3,ac:23:3f:24:d3:60,e2c56db5-dffb-48d2-b060-d0f5a71096e2,-44
2018-06-12 16:33:53.725023,121,2,3,ac:23:3f:24:d3:60,e2c56db5-dffb-48d2-b060-d0f5a71096e2,-48
2018-06-12 16:33:53.924759,122,2,3,ac:23:3f:24:d3:60,e2c56db5-dffb-48d2-b060-d0f5a71096e2,-47
2018-06-12 16:33:54.125648,123,2,3,ac:23:3f:24:d3:60,e2c56db5-dffb-48d2-b060-d0f5a71096e2,-48
2018-06-12 16:33:54.333218,124,2,3,ac:23:3f:24:d3:60,e2c56db5-dffb-48d2-b060-d0f5a71096e2,-49
2018-06-12 16:33:54.535758,125,2,3,ac:23:3f:24:d3:60,e2c56db5-dffb-48d2-b060-d0f5a71096e2,-49
2018-06-12 16:33:54.740978,126,2,3,ac:23:3f:24:d3:60,e2c56db5-dffb-48d2-b060-d0f5a71096e2,-28
2018-06-12 16:33:54.942693,127,2,3,ac:23:3f:24:d3:60,e2c56db5-dffb-48d2-b060-d0f5a71096e2,-48
2018-06-12 16:33:55.152215,128,2,3,ac:23:3f:24:d3:60,e2c56db5-dffb-48d2-b060-d0f5a71096e2,-41
2018-06-12 16:33:55.358762,129,2,3,ac:23:3f:24:d3:60,e2c56db5-dffb-48d2-b060-d0f5a71096e2,-48
2018-06-12 16:33:55.766520,130,2,3,ac:23:3f:24:d3:60,e2c56db5-dffb-48d2-b060-d0f5a71096e2,-32
2018-06-12 16:33:55.966751,131,2,3,ac:23:3f:24:d3:60,e2c56db5-dffb-48d2-b060-d0f5a71096e2,-45
2018-06-12 16:33:56.168720,132,2,3,ac:23:3f:24:d3:60,e2c56db5-dffb-48d2-b060-d0f5a71096e2,-42
2018-06-12 16:33:56.375461,133,2,3,ac:23:3f:24:d3:60,e2c56db5-dffb-48d2-b060-d0f5a71096e2,-49
2018-06-12 16:33:56.571270,134,2,3,ac:23:3f:24:d3:60,e2c56db5-dffb-48d2-b060-d0f5a71096e2,-44
2018-06-12 16:33:56.771286,135,2,3,ac:23:3f:24:d3:60,e2c56db5-dffb-48d2-b060-d0f5a71096e2,-48
2018-06-12 16:33:56.978697,136,2,3,ac:23:3f:24:d3:60,e2c56db5-dffb-48d2-b060-d0f5a71096e2,-49
2018-06-12 16:33:57.181173,137,2,3,ac:23:3f:24:d3:60,e2c56db5-dffb-48d2-b060-d0f5a71096e2,-32
2018-06-12 16:33:57.383552,138,2,3,ac:23:3f:24:d3:60,e2c56db5-dffb-48d2-b060-d0f5a71096e2,-44
2018-06-12 16:33:57.582432,139,2,3,ac:23:3f:24:d3:60,e2c56db5-dffb-48d2-b060-d0f5a71096e2,-48
2018-06-12 16:33:58.616603,140,2,3,ac:23:3f:24:d3:60,e2c56db5-dffb-48d2-b060-d0f5a71096e2,-49
2018-06-12 16:33:58.824683,141,2,3,ac:23:3f:24:d3:60,e2c56db5-dffb-48d2-b060-d0f5a71096e2,-44
2018-06-12 16:33:59.026096,142,2,3,ac:23:3f:24:d3:60,e2c56db5-dffb-48d2-b060-d0f5a71096e2,-45
2018-06-12 16:33:59.232585,143,2,3,ac:23:3f:24:d3:60,e2c56db5-dffb-48d2-b060-d0f5a71096e2,-41
2018-06-12 16:33:59.841599,144,2,3,ac:23:3f:24:d3:60,e2c56db5-dffb-48d2-b060-d0f5a71096e2,-44
2018-06-12 16:34:00.042094,145,2,3,ac:23:3f:24:d3:60,e2c56db5-dffb-48d2-b060-d0f5a71096e2,-48
2018-06-12 16:34:00.247695,146,2,3,ac:23:3f:24:d3:60,e2c56db5-dffb-48d2-b060-d0f5a71096e2,-47
2018-06-12 16:34:00.457089,147,2,3,ac:23:3f:24:d3:60,e2c56db5-dffb-48d2-b060-d0f5a71096e2,-47
2018-06-12 16:34:00.872656,148,2,3,ac:23:3f:24:d3:60,e2c56db5-dffb-48d2-b060-d0f5a71096e2,-49
2018-06-12 16:34:01.080594,149,2,3,ac:23:3f:24:d3:60,e2c56db5-dffb-48d2-b060-d0f5a71096e2,-49
2018-06-12 16:34:01.280152,150,2,3,ac:23:3f:24:d3:60,e2c56db5-dffb-48d2-b060-d0f5a71096e2,-45
2018-06-12 16:34:01.487572,151,2,3,ac:23:3f:24:d3:60,e2c56db5-dffb-48d2-b060-d0f5a71096e2,-44
2018-06-12 16:34:01.696049,152,2,3,ac:23:3f:24:d3:60,e2c56db5-dffb-48d2-b060-d0f5a71096e2,-44
2018-06-12 16:34:01.903018,153,2,3,ac:23:3f:24:d3:60,e2c56db5-dffb-48d2-b060-d0f5a71096e2,-47
2018-06-12 16:34:02.523650,154,2,3,ac:23:3f:24:d3:60,e2c56db5-dffb-48d2-b060-d0f5a71096e2,-49
2018-06-12 16:34:02.732457,155,2,3,ac:23:3f:24:d3:60,e2c56db5-dffb-48d2-b060-d0f5a71096e2,-32
2018-06-12 16:34:03.149417,156,2,3,ac:23:3f:24:d3:60,e2c56db5-dffb-48d2-b060-d0f5a71096e2,-49
2018-06-12 16:34:03.356340,157,2,3,ac:23:3f:24:d3:60,e2c56db5-dffb-48d2-b060-d0f5a71096e2,-49
2018-06-12 16:34:03.560983,158,2,3,ac:23:3f:24:d3:60,e2c56db5-dffb-48d2-b060-d0f5a71096e2,-44
2018-06-12 16:34:03.771076,159,2,3,ac:23:3f:24:d3:60,e2c56db5-dffb-48d2-b060-d0f5a71096e2,-44
2018-06-12 16:34:03.980490,160,2,3,ac:23:3f:24:d3:60,e2c56db5-dffb-48d2-b060-d0f5a71096e2,-28
2018-06-12 16:34:04.179683,161,2,3,ac:23:3f:24:d3:60,e2c56db5-dffb-48d2-b060-d0f5a71096e2,-48
2018-06-12 16:34:04.586712,162,2,3,ac:23:3f:24:d3:60,e2c56db5-dffb-48d2-b060-d0f5a71096e2,-49
2018-06-12 16:34:04.791365,163,2,3,ac:23:3f:24:d3:60,e2c56db5-dffb-48d2-b060-d0f5a71096e2,-44
2018-06-12 16:34:04.990750,164,2,3,ac:23:3f:24:d3:60,e2c56db5-dffb-48d2-b060-d0f5a71096e2,-42
2018-06-12 16:34:05.399406,165,2,3,ac:23:3f:24:d3:60,e2c56db5-dffb-48d2-b060-d0f5a71096e2,-49
2018-06-12 16:34:05.599961,166,2,3,ac:23:3f:24:d3:60,e2c56db5-dffb-48d2-b060-d0f5a71096e2,-44
2018-06-12 16:34:05.807351,167,2,3,ac:23:3f:24:d3:60,e2c56db5-dffb-48d2-b060-d0f5a71096e2,-44
2018-06-12 16:34:06.013060,168,2,3,ac:23:3f:24:d3:60,e2c56db5-dffb-48d2-b060-d0f5a71096e2,-41
2018-06-12 16:34:06.221060,169,2,3,ac:23:3f:24:d3:60,e2c56db5-dffb-48d2-b060-d0f5a71096e2,-47
2018-06-12 16:34:06.428772,170,2,3,ac:23:3f:24:d3:60,e2c56db5-dffb-48d2-b060-d0f5a71096e2,-47
2018-06-12 16:34:06.633596,171,2,3,ac:23:3f:24:d3:60,e2c56db5-dffb-48d2-b060-d0f5a71096e2,-49
2018-06-12 16:34:06.841384,172,2,3,ac:23:3f:24:d3:60,e2c56db5-dffb-48d2-b060-d0f5a71096e2,-49
2018-06-12 16:34:07.044516,173,2,3,ac:23:3f:24:d3:60,e2c56db5-dffb-48d2-b060-d0f5a71096e2,-44
2018-06-12 16:34:07.253388,174,2,3,ac:23:3f:24:d3:60,e2c56db5-dffb-48d2-b060-d0f5a71096e2,-44
2018-06-12 16:34:07.454397,175,2,3,ac:23:3f:24:d3:60,e2c56db5-dffb-48d2-b060-d0f5a71096e2,-44
2018-06-12 16:34:07.656401,176,2,3,ac:23:3f:24:d3:60,e2c56db5-dffb-48d2-b060-d0f5a71096e2,-43
2018-06-12 16:34:07.858585,177,2,3,ac:23:3f:24:d3:60,e2c56db5-dffb-48d2-b060-d0f5a71096e2,-19
2018-06-12 16:34:08.069643,178,2,3,ac:23:3f:24:d3:60,e2c56db5-dffb-48d2-b060-d0f5a71096e2,-49
2018-06-12 16:34:08.271851,179,2,3,ac:23:3f:24:d3:60,e2c56db5-dffb-48d2-b060-d0f5a71096e2,-44
2018-06-12 16:34:08.472147,180,2,3,ac:23:3f:24:d3:60,e2c56db5-dffb-48d2-b060-d0f5a71096e2,-47
2018-06-12 16:34:08.677763,181,2,3,ac:23:3f:24:d3:60,e2c56db5-dffb-48d2-b060-d0f5a71096e2,-47
2018-06-12 16:34:08.883957,182,2,3,ac:23:3f:24:d3:60,e2c56db5-dffb-48d2-b060-d0f5a71096e2,-49
2018-06-12 16:34:09.090335,183,2,3,ac:23:3f:24:d3:60,e2c56db5-dffb-48d2-b060-d0f5a71096e2,-49
2018-06-12 16:34:09.290952,184,2,3,ac:23:3f:24:d3:60,e2c56db5-dffb-48d2-b060-d0f5a71096e2,-44
2018-06-12 16:34:09.496378,185,2,3,ac:23:3f:24:d3:60,e2c56db5-dffb-48d2-b060-d0f5a71096e2,-44
2018-06-12 16:34:09.906064,186,2,3,ac:23:3f:24:d3:60,e2c56db5-dffb-48d2-b060-d0f5a71096e2,-47
2018-06-12 16:34:10.115680,187,2,3,ac:23:3f:24:d3:60,e2c56db5-dffb-48d2-b060-d0f5a71096e2,-48
2018-06-12 16:34:10.532313,188,2,3,ac:23:3f:24:d3:60,e2c56db5-dffb-48d2-b060-d0f5a71096e2,-49
2018-06-12 16:34:10.740088,189,2,3,ac:23:3f:24:d3:60,e2c56db5-dffb-48d2-b060-d0f5a71096e2,-49
2018-06-12 16:34:10.942557,190,2,3,ac:23:3f:24:d3:60,e2c56db5-dffb-48d2-b060-d0f5a71096e2,-44
2018-06-12 16:34:11.358795,191,2,3,ac:23:3f:24:d3:60,e2c56db5-dffb-48d2-b060-d0f5a71096e2,-44
2018-06-12 16:34:11.569165,192,2,3,ac:23:3f:24:d3:60,e2c56db5-dffb-48d2-b060-d0f5a71096e2,-44
2018-06-12 16:34:11.769417,193,2,3,ac:23:3f:24:d3:60,e2c56db5-dffb-48d2-b060-d0f5a71096e2,-47
2018-06-12 16:34:12.180437,194,2,3,ac:23:3f:24:d3:60,e2c56db5-dffb-48d2-b060-d0f5a71096e2,-49
2018-06-12 16:34:12.388919,195,2,3,ac:23:3f:24:d3:60,e2c56db5-dffb-48d2-b060-d0f5a71096e2,-32
2018-06-12 16:34:12.593129,196,2,3,ac:23:3f:24:d3:60,e2c56db5-dffb-48d2-b060-d0f5a71096e2,-44
2018-06-12 16:34:12.798048,197,2,3,ac:23:3f:24:d3:60,e2c56db5-dffb-48d2-b060-d0f5a71096e2,-40
2018-06-12 16:34:12.999543,198,2,3,ac:23:3f:24:d3:60,e2c56db5-dffb-48d2-b060-d0f5a71096e2,-47
2018-06-12 16:34:13.205951,199,2,3,ac:23:3f:24:d3:60,e2c56db5-dffb-48d2-b060-d0f5a71096e2,-48
2018-06-12 16:34:13.831209,200,2,3,ac:23:3f:24:d3:60,e2c56db5-dffb-48d2-b060-d0f5a71096e2,-32
2018-06-12 16:34:14.033826,201,2,3,ac:23:3f:24:d3:60,e2c56db5-dffb-48d2-b060-d0f5a71096e2,-44
2018-06-12 16:34:14.233952,202,2,3,ac:23:3f:24:d3:60,e2c56db5-dffb-48d2-b060-d0f5a71096e2,-47
2018-06-12 16:34:14.439215,203,2,3,ac:23:3f:24:d3:60,e2c56db5-dffb-48d2-b060-d0f5a71096e2,-48
2018-06-12 16:34:14.851331,204,2,3,ac:23:3f:24:d3:60,e2c56db5-dffb-48d2-b060-d0f5a71096e2,-49
2018-06-12 16:34:15.058465,205,2,3,ac:23:3f:24:d3:60,e2c56db5-dffb-48d2-b060-d0f5a71096e2,-49
2018-06-12 16:34:15.258999,206,2,3,ac:23:3f:24:d3:60,e2c56db5-dffb-48d2-b060-d0f5a71096e2,-44
2018-06-12 16:34:15.874312,207,2,3,ac:23:3f:24:d3:60,e2c56db5-dffb-48d2-b060-d0f5a71096e2,-49
2018-06-12 16:34:16.083153,208,2,3,ac:23:3f:24:d3:60,e2c56db5-dffb-48d2-b060-d0f5a71096e2,-49
2018-06-12 16:34:16.283315,209,2,3,ac:23:3f:24:d3:60,e2c56db5-dffb-48d2-b060-d0f5a71096e2,-44
2018-06-12 16:34:16.689087,210,2,3,ac:23:3f:24:d3:60,e2c56db5-dffb-48d2-b060-d0f5a71096e2,-47
2018-06-12 16:34:17.098456,211,2,3,ac:23:3f:24:d3:60,e2c56db5-dffb-48d2-b060-d0f5a71096e2,-32
2018-06-12 16:34:17.304634,212,2,3,ac:23:3f:24:d3:60,e2c56db5-dffb-48d2-b060-d0f5a71096e2,-44
2018-06-12 16:34:17.503865,213,2,3,ac:23:3f:24:d3:60,e2c56db5-dffb-48d2-b060-d0f5a71096e2,-48
2018-06-12 16:34:18.117439,214,2,3,ac:23:3f:24:d3:60,e2c56db5-dffb-48d2-b060-d0f5a71096e2,-49
2018-06-12 16:34:18.326646,215,2,3,ac:23:3f:24:d3:60,e2c56db5-dffb-48d2-b060-d0f5a71096e2,-49
2018-06-12 16:34:18.531980,216,2,3,ac:23:3f:24:d3:60,e2c56db5-dffb-48d2-b060-d0f5a71096e2,-44
2018-06-12 16:34:18.737946,217,2,3,ac:23:3f:24:d3:60,e2c56db5-dffb-48d2-b060-d0f5a71096e2,-44
2018-06-12 16:34:18.947077,218,2,3,ac:23:3f:24:d3:60,e2c56db5-dffb-48d2-b060-d0f5a71096e2,-44
2018-06-12 16:34:19.561494,219,2,3,ac:23:3f:24:d3:60,e2c56db5-dffb-48d2-b060-d0f5a71096e2,-49
2018-06-12 16:34:19.762918,220,2,3,ac:23:3f:24:d3:60,e2c56db5-dffb-48d2-b060-d0f5a71096e2,-45
2018-06-12 16:34:19.962605,221,2,3,ac:23:3f:24:d3:60,e2c56db5-dffb-48d2-b060-d0f5a71096e2,-48
2018-06-12 16:34:20.371412,222,2,3,ac:23:3f:24:d3:60,e2c56db5-dffb-48d2-b060-d0f5a71096e2,-32
2018-06-12 16:34:20.573921,223,2,3,ac:23:3f:24:d3:60,e2c56db5-dffb-48d2-b060-d0f5a71096e2,-44
2018-06-12 16:34:21.187257,224,2,3,ac:23:3f:24:d3:60,e2c56db5-dffb-48d2-b060-d0f5a71096e2,-47
2018-06-12 16:34:21.390576,225,2,3,ac:23:3f:24:d3:60,e2c56db5-dffb-48d2-b060-d0f5a71096e2,-49
2018-06-12 16:34:21.589708,226,2,3,ac:23:3f:24:d3:60,e2c56db5-dffb-48d2-b060-d0f5a71096e2,-44
2018-06-12 16:34:21.799552,227,2,3,ac:23:3f:24:d3:60,e2c56db5-dffb-48d2-b060-d0f5a71096e2,-44
2018-06-12 16:34:22.001760,228,2,3,ac:23:3f:24:d3:60,e2c56db5-dffb-48d2-b060-d0f5a71096e2,-48
2018-06-12 16:34:22.205456,229,2,3,ac:23:3f:24:d3:60,e2c56db5-dffb-48d2-b060-d0f5a71096e2,-19
2018-06-12 16:34:23.037857,230,2,3,ac:23:3f:24:d3:60,e2c56db5-dffb-48d2-b060-d0f5a71096e2,-49
2018-06-12 16:34:23.241651,231,2,3,ac:23:3f:24:d3:60,e2c56db5-dffb-48d2-b060-d0f5a71096e2,-44
2018-06-12 16:34:23.445697,232,2,3,ac:23:3f:24:d3:60,e2c56db5-dffb-48d2-b060-d0f5a71096e2,-44
2018-06-12 16:34:23.657659,233,2,3,ac:23:3f:24:d3:60,e2c56db5-dffb-48d2-b060-d0f5a71096e2,-48
2018-06-12 16:34:23.873010,234,2,3,ac:23:3f:24:d3:60,e2c56db5-dffb-48d2-b060-d0f5a71096e2,-47
2018-06-12 16:34:24.268258,235,2,3,ac:23:3f:24:d3:60,e2c56db5-dffb-48d2-b060-d0f5a71096e2,-49
2018-06-12 16:34:24.474090,236,2,3,ac:23:3f:24:d3:60,e2c56db5-dffb-48d2-b060-d0f5a71096e2,-44
2018-06-12 16:34:24.690165,237,2,3,ac:23:3f:24:d3:60,e2c56db5-dffb-48d2-b060-d0f5a71096e2,-44
2018-06-12 16:34:24.887084,238,2,3,ac:23:3f:24:d3:60,e2c56db5-dffb-48d2-b060-d0f5a71096e2,-45
2018-06-12 16:34:25.088776,239,2,3,ac:23:3f:24:d3:60,e2c56db5-dffb-48d2-b060-d0f5a71096e2,-47
2018-06-12 16:34:25.296479,240,2,3,ac:23:3f:24:d3:60,e2c56db5-dffb-48d2-b060-d0f5a71096e2,-47
2018-06-12 16:34:25.500743,241,2,3,ac:23:3f:24:d3:60,e2c56db5-dffb-48d2-b060-d0f5a71096e2,-32
2018-06-12 16:34:25.916630,242,2,3,ac:23:3f:24:d3:60,e2c56db5-dffb-48d2-b060-d0f5a71096e2,-32
2018-06-12 16:34:26.123954,243,2,3,ac:23:3f:24:d3:60,e2c56db5-dffb-48d2-b060-d0f5a71096e2,-44
2018-06-12 16:34:26.344678,244,2,3,ac:23:3f:24:d3:60,e2c56db5-dffb-48d2-b060-d0f5a71096e2,-44
2018-06-12 16:34:26.738638,245,2,3,ac:23:3f:24:d3:60,e2c56db5-dffb-48d2-b060-d0f5a71096e2,-47
2018-06-12 16:34:26.945127,246,2,3,ac:23:3f:24:d3:60,e2c56db5-dffb-48d2-b060-d0f5a71096e2,-49
2018-06-12 16:34:27.151766,247,2,3,ac:23:3f:24:d3:60,e2c56db5-dffb-48d2-b060-d0f5a71096e2,-32
2018-06-12 16:34:27.357289,248,2,3,ac:23:3f:24:d3:60,e2c56db5-dffb-48d2-b060-d0f5a71096e2,-49
2018-06-12 16:34:27.560111,249,2,3,ac:23:3f:24:d3:60,e2c56db5-dffb-48d2-b060-d0f5a71096e2,-44
2018-06-12 16:34:27.776022,250,2,3,ac:23:3f:24:d3:60,e2c56db5-dffb-48d2-b060-d0f5a71096e2,-42
2018-06-12 16:34:28.381324,251,2,3,ac:23:3f:24:d3:60,e2c56db5-dffb-48d2-b060-d0f5a71096e2,-50
2018-06-12 16:34:28.585553,252,2,3,ac:23:3f:24:d3:60,e2c56db5-dffb-48d2-b060-d0f5a71096e2,-20
2018-06-12 16:34:28.794002,253,2,3,ac:23:3f:24:d3:60,e2c56db5-dffb-48d2-b060-d0f5a71096e2,-28
2018-06-12 16:34:28.994406,254,2,3,ac:23:3f:24:d3:60,e2c56db5-dffb-48d2-b060-d0f5a71096e2,-48
2018-06-12 16:34:29.009903,255,2,3,ac:23:3f:24:d3:60,e2c56db5-dffb-48d2-b060-d0f5a71096e2,-43
2018-06-12 16:34:29.201969,256,2,3,ac:23:3f:24:d3:60,e2c56db5-dffb-48d2-b060-d0f5a71096e2,-49
2018-06-12 16:34:29.601708,257,2,3,ac:23:3f:24:d3:60,e2c56db5-dffb-48d2-b060-d0f5a71096e2,-50
2018-06-12 16:34:29.803162,258,2,3,ac:23:3f:24:d3:60,e2c56db5-dffb-48d2-b060-d0f5a71096e2,-36
2018-06-12 16:34:30.004060,259,2,3,ac:23:3f:24:d3:60,e2c56db5-dffb-48d2-b060-d0f5a71096e2,-42
2018-06-12 16:34:30.220275,260,2,3,ac:23:3f:24:d3:60,e2c56db5-dffb-48d2-b060-d0f5a71096e2,-42
2018-06-12 16:34:30.422955,261,2,3,ac:23:3f:24:d3:60,e2c56db5-dffb-48d2-b060-d0f5a71096e2,-50
2018-06-12 16:34:30.632379,262,2,3,ac:23:3f:24:d3:60,e2c56db5-dffb-48d2-b060-d0f5a71096e2,-50
2018-06-12 16:34:30.834794,263,2,3,ac:23:3f:24:d3:60,e2c56db5-dffb-48d2-b060-d0f5a71096e2,-44
2018-06-12 16:34:31.043569,264,2,3,ac:23:3f:24:d3:60,e2c56db5-dffb-48d2-b060-d0f5a71096e2,-44
2018-06-12 16:34:31.250307,265,2,3,ac:23:3f:24:d3:60,e2c56db5-dffb-48d2-b060-d0f5a71096e2,-45
2018-06-12 16:34:31.457278,266,2,3,ac:23:3f:24:d3:60,e2c56db5-dffb-48d2-b060-d0f5a71096e2,-44
2018-06-12 16:34:31.672801,267,2,3,ac:23:3f:24:d3:60,e2c56db5-dffb-48d2-b060-d0f5a71096e2,-42
2018-06-12 16:34:31.882096,268,2,3,ac:23:3f:24:d3:60,e2c56db5-dffb-48d2-b060-d0f5a71096e2,-48
2018-06-12 16:34:32.281331,269,2,3,ac:23:3f:24:d3:60,e2c56db5-dffb-48d2-b060-d0f5a71096e2,-49
2018-06-12 16:34:32.490402,270,2,3,ac:23:3f:24:d3:60,e2c56db5-dffb-48d2-b060-d0f5a71096e2,-49
2018-06-12 16:34:32.690812,271,2,3,ac:23:3f:24:d3:60,e2c56db5-dffb-48d2-b060-d0f5a71096e2,-44
2018-06-12 16:34:32.892326,272,2,3,ac:23:3f:24:d3:60,e2c56db5-dffb-48d2-b060-d0f5a71096e2,-48
2018-06-12 16:34:33.099265,273,2,3,ac:23:3f:24:d3:60,e2c56db5-dffb-48d2-b060-d0f5a71096e2,-48
2018-06-12 16:34:33.508729,274,2,3,ac:23:3f:24:d3:60,e2c56db5-dffb-48d2-b060-d0f5a71096e2,-50
2018-06-12 16:34:33.709481,275,2,3,ac:23:3f:24:d3:60,e2c56db5-dffb-48d2-b060-d0f5a71096e2,-44
2018-06-12 16:34:33.914070,276,2,3,ac:23:3f:24:d3:60,e2c56db5-dffb-48d2-b060-d0f5a71096e2,-49
2018-06-12 16:34:34.121494,277,2,3,ac:23:3f:24:d3:60,e2c56db5-dffb-48d2-b060-d0f5a71096e2,-49
2018-06-12 16:34:34.530900,278,2,3,ac:23:3f:24:d3:60,e2c56db5-dffb-48d2-b060-d0f5a71096e2,-49
2018-06-12 16:34:34.738496,279,2,3,ac:23:3f:24:d3:60,e2c56db5-dffb-48d2-b060-d0f5a71096e2,-50
2018-06-12 16:34:34.940596,280,2,3,ac:23:3f:24:d3:60,e2c56db5-dffb-48d2-b060-d0f5a71096e2,-44
2018-06-12 16:34:35.144243,281,2,3,ac:23:3f:24:d3:60,e2c56db5-dffb-48d2-b060-d0f5a71096e2,-48
2018-06-12 16:34:35.354185,282,2,3,ac:23:3f:24:d3:60,e2c56db5-dffb-48d2-b060-d0f5a71096e2,-48
2018-06-12 16:34:35.557712,283,2,3,ac:23:3f:24:d3:60,e2c56db5-dffb-48d2-b060-d0f5a71096e2,-48
2018-06-12 16:34:35.778681,284,2,3,ac:23:3f:24:d3:60,e2c56db5-dffb-48d2-b060-d0f5a71096e2,-49
2018-06-12 16:34:35.966620,285,2,3,ac:23:3f:24:d3:60,e2c56db5-dffb-48d2-b060-d0f5a71096e2,-49
2018-06-12 16:34:36.169327,286,2,3,ac:23:3f:24:d3:60,e2c56db5-dffb-48d2-b060-d0f5a71096e2,-44
2018-06-12 16:34:36.371798,287,2,3,ac:23:3f:24:d3:60,e2c56db5-dffb-48d2-b060-d0f5a71096e2,-48
2018-06-12 16:34:36.577123,288,2,3,ac:23:3f:24:d3:60,e2c56db5-dffb-48d2-b060-d0f5a71096e2,-48
2018-06-12 16:34:36.984511,289,2,3,ac:23:3f:24:d3:60,e2c56db5-dffb-48d2-b060-d0f5a71096e2,-44
2018-06-12 16:34:37.188257,290,2,3,ac:23:3f:24:d3:60,e2c56db5-dffb-48d2-b060-d0f5a71096e2,-38
2018-06-12 16:34:37.390692,291,2,3,ac:23:3f:24:d3:60,e2c56db5-dffb-48d2-b060-d0f5a71096e2,-42
2018-06-12 16:34:37.595718,292,2,3,ac:23:3f:24:d3:60,e2c56db5-dffb-48d2-b060-d0f5a71096e2,-47
2018-06-12 16:34:37.798902,293,2,3,ac:23:3f:24:d3:60,e2c56db5-dffb-48d2-b060-d0f5a71096e2,-50
2018-06-12 16:34:38.010376,294,2,3,ac:23:3f:24:d3:60,e2c56db5-dffb-48d2-b060-d0f5a71096e2,-33
2018-06-12 16:34:38.206988,295,2,3,ac:23:3f:24:d3:60,e2c56db5-dffb-48d2-b060-d0f5a71096e2,-44
2018-06-12 16:34:38.409171,296,2,3,ac:23:3f:24:d3:60,e2c56db5-dffb-48d2-b060-d0f5a71096e2,-48
2018-06-12 16:34:38.820559,297,2,3,ac:23:3f:24:d3:60,e2c56db5-dffb-48d2-b060-d0f5a71096e2,-50
2018-06-12 16:34:39.029420,298,2,3,ac:23:3f:24:d3:60,e2c56db5-dffb-48d2-b060-d0f5a71096e2,-50
2018-06-12 16:34:39.233962,299,2,3,ac:23:3f:24:d3:60,e2c56db5-dffb-48d2-b060-d0f5a71096e2,-44
2018-06-12 16:34:39.440285,300,2,3,ac:23:3f:24:d3:60,e2c56db5-dffb-48d2-b060-d0f5a71096e2,-44
2018-06-12 16:34:39.644338,301,2,3,ac:23:3f:24:d3:60,e2c56db5-dffb-48d2-b060-d0f5a71096e2,-48
2018-06-12 16:34:40.263812,302,2,3,ac:23:3f:24:d3:60,e2c56db5-dffb-48d2-b060-d0f5a71096e2,-50
2018-06-12 16:34:40.469768,303,2,3,ac:23:3f:24:d3:60,e2c56db5-dffb-48d2-b060-d0f5a71096e2,-32
2018-06-12 16:34:40.673906,304,2,3,ac:23:3f:24:d3:60,e2c56db5-dffb-48d2-b060-d0f5a71096e2,-44
2018-06-12 16:34:40.869185,305,2,3,ac:23:3f:24:d3:60,e2c56db5-dffb-48d2-b060-d0f5a71096e2,-48
2018-06-12 16:34:41.293193,306,2,3,ac:23:3f:24:d3:60,e2c56db5-dffb-48d2-b060-d0f5a71096e2,-50
2018-06-12 16:34:41.491980,307,2,3,ac:23:3f:24:d3:60,e2c56db5-dffb-48d2-b060-d0f5a71096e2,-50
2018-06-12 16:34:41.694289,308,2,3,ac:23:3f:24:d3:60,e2c56db5-dffb-48d2-b060-d0f5a71096e2,-44
2018-06-12 16:34:41.898057,309,2,3,ac:23:3f:24:d3:60,e2c56db5-dffb-48d2-b060-d0f5a71096e2,-44
2018-06-12 16:34:42.111468,310,2,3,ac:23:3f:24:d3:60,e2c56db5-dffb-48d2-b060-d0f5a71096e2,-44
2018-06-12 16:34:42.323816,311,2,3,ac:23:3f:24:d3:60,e2c56db5-dffb-48d2-b060-d0f5a71096e2,-34
2018-06-12 16:34:42.530968,312,2,3,ac:23:3f:24:d3:60,e2c56db5-dffb-48d2-b060-d0f5a71096e2,-44
2018-06-12 16:34:42.933139,313,2,3,ac:23:3f:24:d3:60,e2c56db5-dffb-48d2-b060-d0f5a71096e2,-50
2018-06-12 16:34:43.136193,314,2,3,ac:23:3f:24:d3:60,e2c56db5-dffb-48d2-b060-d0f5a71096e2,-49
2018-06-12 16:34:43.345976,315,2,3,ac:23:3f:24:d3:60,e2c56db5-dffb-48d2-b060-d0f5a71096e2,-44
2018-06-12 16:34:43.546430,316,2,3,ac:23:3f:24:d3:60,e2c56db5-dffb-48d2-b060-d0f5a71096e2,-44
2018-06-12 16:34:43.747529,317,2,3,ac:23:3f:24:d3:60,e2c56db5-dffb-48d2-b060-d0f5a71096e2,-47
2018-06-12 16:34:43.952359,318,2,3,ac:23:3f:24:d3:60,e2c56db5-dffb-48d2-b060-d0f5a71096e2,-49
2018-06-12 16:34:44.151336,319,2,3,ac:23:3f:24:d3:60,e2c56db5-dffb-48d2-b060-d0f5a71096e2,-45
2018-06-12 16:34:44.351527,320,2,3,ac:23:3f:24:d3:60,e2c56db5-dffb-48d2-b060-d0f5a71096e2,-47
2018-06-12 16:34:44.767417,321,2,3,ac:23:3f:24:d3:60,e2c56db5-dffb-48d2-b060-d0f5a71096e2,-50
2018-06-12 16:34:44.962446,322,2,3,ac:23:3f:24:d3:60,e2c56db5-dffb-48d2-b060-d0f5a71096e2,-49
2018-06-12 16:34:45.164562,323,2,3,ac:23:3f:24:d3:60,e2c56db5-dffb-48d2-b060-d0f5a71096e2,-44
2018-06-12 16:34:45.366198,324,2,3,ac:23:3f:24:d3:60,e2c56db5-dffb-48d2-b060-d0f5a71096e2,-47
2018-06-12 16:34:45.580851,325,2,3,ac:23:3f:24:d3:60,e2c56db5-dffb-48d2-b060-d0f5a71096e2,-34
2018-06-12 16:34:45.987124,326,2,3,ac:23:3f:24:d3:60,e2c56db5-dffb-48d2-b060-d0f5a71096e2,-49
2018-06-12 16:34:46.190933,327,2,3,ac:23:3f:24:d3:60,e2c56db5-dffb-48d2-b060-d0f5a71096e2,-28
2018-06-12 16:34:46.397020,328,2,3,ac:23:3f:24:d3:60,e2c56db5-dffb-48d2-b060-d0f5a71096e2,-32
2018-06-12 16:34:46.598137,329,2,3,ac:23:3f:24:d3:60,e2c56db5-dffb-48d2-b060-d0f5a71096e2,-47
2018-06-12 16:34:46.800562,330,2,3,ac:23:3f:24:d3:60,e2c56db5-dffb-48d2-b060-d0f5a71096e2,-50
2018-06-12 16:34:47.012480,331,2,3,ac:23:3f:24:d3:60,e2c56db5-dffb-48d2-b060-d0f5a71096e2,-50
2018-06-12 16:34:47.211529,332,2,3,ac:23:3f:24:d3:60,e2c56db5-dffb-48d2-b060-d0f5a71096e2,-44
2018-06-12 16:34:47.412878,333,2,3,ac:23:3f:24:d3:60,e2c56db5-dffb-48d2-b060-d0f5a71096e2,-47
2018-06-12 16:34:47.619355,334,2,3,ac:23:3f:24:d3:60,e2c56db5-dffb-48d2-b060-d0f5a71096e2,-48
2018-06-12 16:34:47.829261,335,2,3,ac:23:3f:24:d3:60,e2c56db5-dffb-48d2-b060-d0f5a71096e2,-48
2018-06-12 16:34:48.039344,336,2,3,ac:23:3f:24:d3:60,e2c56db5-dffb-48d2-b060-d0f5a71096e2,-47
2018-06-12 16:34:48.860584,337,2,3,ac:23:3f:24:d3:60,e2c56db5-dffb-48d2-b060-d0f5a71096e2,-29
2018-06-12 16:34:49.068077,338,2,3,ac:23:3f:24:d3:60,e2c56db5-dffb-48d2-b060-d0f5a71096e2,-45
2018-06-12 16:34:49.271192,339,2,3,ac:23:3f:24:d3:60,e2c56db5-dffb-48d2-b060-d0f5a71096e2,-47
2018-06-12 16:34:49.480454,340,2,3,ac:23:3f:24:d3:60,e2c56db5-dffb-48d2-b060-d0f5a71096e2,-48
2018-06-12 16:34:49.891606,341,2,3,ac:23:3f:24:d3:60,e2c56db5-dffb-48d2-b060-d0f5a71096e2,-50
2018-06-12 16:34:50.092277,342,2,3,ac:23:3f:24:d3:60,e2c56db5-dffb-48d2-b060-d0f5a71096e2,-44
2018-06-12 16:34:50.292064,343,2,3,ac:23:3f:24:d3:60,e2c56db5-dffb-48d2-b060-d0f5a71096e2,-48
2018-06-12 16:34:50.501079,344,2,3,ac:23:3f:24:d3:60,e2c56db5-dffb-48d2-b060-d0f5a71096e2,-48
2018-06-12 16:34:50.708807,345,2,3,ac:23:3f:24:d3:60,e2c56db5-dffb-48d2-b060-d0f5a71096e2,-48
2018-06-12 16:34:50.916670,346,2,3,ac:23:3f:24:d3:60,e2c56db5-dffb-48d2-b060-d0f5a71096e2,-48
2018-06-12 16:34:51.123485,347,2,3,ac:23:3f:24:d3:60,e2c56db5-dffb-48d2-b060-d0f5a71096e2,-33
2018-06-12 16:34:51.326812,348,2,3,ac:23:3f:24:d3:60,e2c56db5-dffb-48d2-b060-d0f5a71096e2,-50
2018-06-12 16:34:51.941126,349,2,3,ac:23:3f:24:d3:60,e2c56db5-dffb-48d2-b060-d0f5a71096e2,-32
2018-06-12 16:34:52.352136,350,2,3,ac:23:3f:24:d3:60,e2c56db5-dffb-48d2-b060-d0f5a71096e2,-50
2018-06-12 16:34:52.557766,351,2,3,ac:23:3f:24:d3:60,e2c56db5-dffb-48d2-b060-d0f5a71096e2,-50
2018-06-12 16:34:52.762043,352,2,3,ac:23:3f:24:d3:60,e2c56db5-dffb-48d2-b060-d0f5a71096e2,-44
2018-06-12 16:34:52.963027,353,2,3,ac:23:3f:24:d3:60,e2c56db5-dffb-48d2-b060-d0f5a71096e2,-47
2018-06-12 16:34:53.585766,354,2,3,ac:23:3f:24:d3:60,e2c56db5-dffb-48d2-b060-d0f5a71096e2,-49
2018-06-12 16:34:53.788524,355,2,3,ac:23:3f:24:d3:60,e2c56db5-dffb-48d2-b060-d0f5a71096e2,-44
2018-06-12 16:34:53.989181,356,2,3,ac:23:3f:24:d3:60,e2c56db5-dffb-48d2-b060-d0f5a71096e2,-44
2018-06-12 16:34:54.190991,357,2,3,ac:23:3f:24:d3:60,e2c56db5-dffb-48d2-b060-d0f5a71096e2,-48
2018-06-12 16:34:54.801686,358,2,3,ac:23:3f:24:d3:60,e2c56db5-dffb-48d2-b060-d0f5a71096e2,-44
2018-06-12 16:34:55.002847,359,2,3,ac:23:3f:24:d3:60,e2c56db5-dffb-48d2-b060-d0f5a71096e2,-48
2018-06-12 16:34:55.223611,360,2,3,ac:23:3f:24:d3:60,e2c56db5-dffb-48d2-b060-d0f5a71096e2,-48
2018-06-12 16:34:55.409497,361,2,3,ac:23:3f:24:d3:60,e2c56db5-dffb-48d2-b060-d0f5a71096e2,-48
2018-06-12 16:34:55.821633,362,2,3,ac:23:3f:24:d3:60,e2c56db5-dffb-48d2-b060-d0f5a71096e2,-50
2018-06-12 16:34:56.032391,363,2,3,ac:23:3f:24:d3:60,e2c56db5-dffb-48d2-b060-d0f5a71096e2,-44
2018-06-12 16:34:56.242682,364,2,3,ac:23:3f:24:d3:60,e2c56db5-dffb-48d2-b060-d0f5a71096e2,-44
2018-06-12 16:34:56.650086,365,2,3,ac:23:3f:24:d3:60,e2c56db5-dffb-48d2-b060-d0f5a71096e2,-41
2018-06-12 16:34:57.675613,366,2,3,ac:23:3f:24:d3:60,e2c56db5-dffb-48d2-b060-d0f5a71096e2,-32
2018-06-12 16:34:57.876990,367,2,3,ac:23:3f:24:d3:60,e2c56db5-dffb-48d2-b060-d0f5a71096e2,-48
2018-06-12 16:34:58.287068,368,2,3,ac:23:3f:24:d3:60,e2c56db5-dffb-48d2-b060-d0f5a71096e2,-32
2018-06-12 16:34:58.489417,369,2,3,ac:23:3f:24:d3:60,e2c56db5-dffb-48d2-b060-d0f5a71096e2,-28
2018-06-12 16:34:58.698962,370,2,3,ac:23:3f:24:d3:60,e2c56db5-dffb-48d2-b060-d0f5a71096e2,-44
2018-06-12 16:34:58.912659,371,2,3,ac:23:3f:24:d3:60,e2c56db5-dffb-48d2-b060-d0f5a71096e2,-48
2018-06-12 16:34:59.322244,372,2,3,ac:23:3f:24:d3:60,e2c56db5-dffb-48d2-b060-d0f5a71096e2,-50
2018-06-12 16:34:59.531129,373,2,3,ac:23:3f:24:d3:60,e2c56db5-dffb-48d2-b060-d0f5a71096e2,-49
2018-06-12 16:34:59.718262,374,2,3,ac:23:3f:24:d3:60,e2c56db5-dffb-48d2-b060-d0f5a71096e2,-44
2018-06-12 16:34:59.924714,375,2,3,ac:23:3f:24:d3:60,e2c56db5-dffb-48d2-b060-d0f5a71096e2,-36
2018-06-12 16:35:00.330261,376,2,3,ac:23:3f:24:d3:60,e2c56db5-dffb-48d2-b060-d0f5a71096e2,-50
2018-06-12 16:35:00.536628,377,2,3,ac:23:3f:24:d3:60,e2c56db5-dffb-48d2-b060-d0f5a71096e2,-49
2018-06-12 16:35:00.744160,378,2,3,ac:23:3f:24:d3:60,e2c56db5-dffb-48d2-b060-d0f5a71096e2,-44
2018-06-12 16:35:00.944448,379,2,3,ac:23:3f:24:d3:60,e2c56db5-dffb-48d2-b060-d0f5a71096e2,-47
2018-06-12 16:35:01.151178,380,2,3,ac:23:3f:24:d3:60,e2c56db5-dffb-48d2-b060-d0f5a71096e2,-47
2018-06-12 16:35:01.769181,381,2,3,ac:23:3f:24:d3:60,e2c56db5-dffb-48d2-b060-d0f5a71096e2,-49
2018-06-12 16:35:01.970192,382,2,3,ac:23:3f:24:d3:60,e2c56db5-dffb-48d2-b060-d0f5a71096e2,-44
2018-06-12 16:35:02.174356,383,2,3,ac:23:3f:24:d3:60,e2c56db5-dffb-48d2-b060-d0f5a71096e2,-48
2018-06-12 16:35:02.381339,384,2,3,ac:23:3f:24:d3:60,e2c56db5-dffb-48d2-b060-d0f5a71096e2,-47
2018-06-12 16:35:03.001903,385,2,3,ac:23:3f:24:d3:60,e2c56db5-dffb-48d2-b060-d0f5a71096e2,-50
2018-06-12 16:35:03.203904,386,2,3,ac:23:3f:24:d3:60,e2c56db5-dffb-48d2-b060-d0f5a71096e2,-44
2018-06-12 16:35:03.412206,387,2,3,ac:23:3f:24:d3:60,e2c56db5-dffb-48d2-b060-d0f5a71096e2,-44
2018-06-12 16:35:03.618127,388,2,3,ac:23:3f:24:d3:60,e2c56db5-dffb-48d2-b060-d0f5a71096e2,-44
2018-06-12 16:35:03.818175,389,2,3,ac:23:3f:24:d3:60,e2c56db5-dffb-48d2-b060-d0f5a71096e2,-41
2018-06-12 16:35:04.023627,390,2,3,ac:23:3f:24:d3:60,e2c56db5-dffb-48d2-b060-d0f5a71096e2,-50
2018-06-12 16:35:04.224726,391,2,3,ac:23:3f:24:d3:60,e2c56db5-dffb-48d2-b060-d0f5a71096e2,-44
2018-06-12 16:35:04.424288,392,2,3,ac:23:3f:24:d3:60,e2c56db5-dffb-48d2-b060-d0f5a71096e2,-48
2018-06-12 16:35:04.629405,393,2,3,ac:23:3f:24:d3:60,e2c56db5-dffb-48d2-b060-d0f5a71096e2,-47
2018-06-12 16:35:04.835092,394,2,3,ac:23:3f:24:d3:60,e2c56db5-dffb-48d2-b060-d0f5a71096e2,-33
2018-06-12 16:35:05.034493,395,2,3,ac:23:3f:24:d3:60,e2c56db5-dffb-48d2-b060-d0f5a71096e2,-28
2018-06-12 16:35:05.234492,396,2,3,ac:23:3f:24:d3:60,e2c56db5-dffb-48d2-b060-d0f5a71096e2,-47
2018-06-12 16:35:05.438026,397,2,3,ac:23:3f:24:d3:60,e2c56db5-dffb-48d2-b060-d0f5a71096e2,-41
2018-06-12 16:35:06.248221,398,2,3,ac:23:3f:24:d3:60,e2c56db5-dffb-48d2-b060-d0f5a71096e2,-48
2018-06-12 16:35:06.658227,399,2,3,ac:23:3f:24:d3:60,e2c56db5-dffb-48d2-b060-d0f5a71096e2,-49
2018-06-12 16:35:06.859290,400,2,3,ac:23:3f:24:d3:60,e2c56db5-dffb-48d2-b060-d0f5a71096e2,-44
2018-06-12 16:35:07.064117,401,2,3,ac:23:3f:24:d3:60,e2c56db5-dffb-48d2-b060-d0f5a71096e2,-47
2018-06-12 16:35:07.277494,402,2,3,ac:23:3f:24:d3:60,e2c56db5-dffb-48d2-b060-d0f5a71096e2,-41
2018-06-12 16:35:07.476944,403,2,3,ac:23:3f:24:d3:60,e2c56db5-dffb-48d2-b060-d0f5a71096e2,-47
2018-06-12 16:35:07.681706,404,2,3,ac:23:3f:24:d3:60,e2c56db5-dffb-48d2-b060-d0f5a71096e2,-32
2018-06-12 16:35:07.890952,405,2,3,ac:23:3f:24:d3:60,e2c56db5-dffb-48d2-b060-d0f5a71096e2,-49
2018-06-12 16:35:08.098994,406,2,3,ac:23:3f:24:d3:60,e2c56db5-dffb-48d2-b060-d0f5a71096e2,-50
2018-06-12 16:35:08.308977,407,2,3,ac:23:3f:24:d3:60,e2c56db5-dffb-48d2-b060-d0f5a71096e2,-49
2018-06-12 16:35:08.516836,408,2,3,ac:23:3f:24:d3:60,e2c56db5-dffb-48d2-b060-d0f5a71096e2,-49
2018-06-12 16:35:08.923369,409,2,3,ac:23:3f:24:d3:60,e2c56db5-dffb-48d2-b060-d0f5a71096e2,-48
2018-06-12 16:35:09.128296,410,2,3,ac:23:3f:24:d3:60,e2c56db5-dffb-48d2-b060-d0f5a71096e2,-48
2018-06-12 16:35:09.543265,411,2,3,ac:23:3f:24:d3:60,e2c56db5-dffb-48d2-b060-d0f5a71096e2,-32
2018-06-12 16:35:09.743989,412,2,3,ac:23:3f:24:d3:60,e2c56db5-dffb-48d2-b060-d0f5a71096e2,-34
2018-06-12 16:35:09.948151,413,2,3,ac:23:3f:24:d3:60,e2c56db5-dffb-48d2-b060-d0f5a71096e2,-44
2018-06-12 16:35:10.152549,414,2,3,ac:23:3f:24:d3:60,e2c56db5-dffb-48d2-b060-d0f5a71096e2,-47
2018-06-12 16:35:10.355097,415,2,3,ac:23:3f:24:d3:60,e2c56db5-dffb-48d2-b060-d0f5a71096e2,-50
2018-06-12 16:35:10.557922,416,2,3,ac:23:3f:24:d3:60,e2c56db5-dffb-48d2-b060-d0f5a71096e2,-33
2018-06-12 16:35:10.761693,417,2,3,ac:23:3f:24:d3:60,e2c56db5-dffb-48d2-b060-d0f5a71096e2,-44
2018-06-12 16:35:10.970292,418,2,3,ac:23:3f:24:d3:60,e2c56db5-dffb-48d2-b060-d0f5a71096e2,-44
2018-06-12 16:35:11.180408,419,2,3,ac:23:3f:24:d3:60,e2c56db5-dffb-48d2-b060-d0f5a71096e2,-44
2018-06-12 16:35:11.381436,420,2,3,ac:23:3f:24:d3:60,e2c56db5-dffb-48d2-b060-d0f5a71096e2,-48
2018-06-12 16:35:11.589898,421,2,3,ac:23:3f:24:d3:60,e2c56db5-dffb-48d2-b060-d0f5a71096e2,-49
2018-06-12 16:35:11.793729,422,2,3,ac:23:3f:24:d3:60,e2c56db5-dffb-48d2-b060-d0f5a71096e2,-49
2018-06-12 16:35:11.996106,423,2,3,ac:23:3f:24:d3:60,e2c56db5-dffb-48d2-b060-d0f5a71096e2,-50
2018-06-12 16:35:12.204135,424,2,3,ac:23:3f:24:d3:60,e2c56db5-dffb-48d2-b060-d0f5a71096e2,-44
2018-06-12 16:35:12.404234,425,2,3,ac:23:3f:24:d3:60,e2c56db5-dffb-48d2-b060-d0f5a71096e2,-33
2018-06-12 16:35:12.608006,426,2,3,ac:23:3f:24:d3:60,e2c56db5-dffb-48d2-b060-d0f5a71096e2,-49
2018-06-12 16:35:13.021258,427,2,3,ac:23:3f:24:d3:60,e2c56db5-dffb-48d2-b060-d0f5a71096e2,-32
2018-06-12 16:35:13.224327,428,2,3,ac:23:3f:24:d3:60,e2c56db5-dffb-48d2-b060-d0f5a71096e2,-44
2018-06-12 16:35:13.426205,429,2,3,ac:23:3f:24:d3:60,e2c56db5-dffb-48d2-b060-d0f5a71096e2,-44
2018-06-12 16:35:13.828448,430,2,3,ac:23:3f:24:d3:60,e2c56db5-dffb-48d2-b060-d0f5a71096e2,-50
2018-06-12 16:35:14.231477,431,2,3,ac:23:3f:24:d3:60,e2c56db5-dffb-48d2-b060-d0f5a71096e2,-42
2018-06-12 16:35:14.434773,432,2,3,ac:23:3f:24:d3:60,e2c56db5-dffb-48d2-b060-d0f5a71096e2,-50
2018-06-12 16:35:14.640735,433,2,3,ac:23:3f:24:d3:60,e2c56db5-dffb-48d2-b060-d0f5a71096e2,-50
2018-06-12 16:35:14.840426,434,2,3,ac:23:3f:24:d3:60,e2c56db5-dffb-48d2-b060-d0f5a71096e2,-44
2018-06-12 16:35:15.043278,435,2,3,ac:23:3f:24:d3:60,e2c56db5-dffb-48d2-b060-d0f5a71096e2,-48
2018-06-12 16:35:15.246197,436,2,3,ac:23:3f:24:d3:60,e2c56db5-dffb-48d2-b060-d0f5a71096e2,-49
2018-06-12 16:35:15.454413,437,2,3,ac:23:3f:24:d3:60,e2c56db5-dffb-48d2-b060-d0f5a71096e2,-50
2018-06-12 16:35:15.658933,438,2,3,ac:23:3f:24:d3:60,e2c56db5-dffb-48d2-b060-d0f5a71096e2,-50
2018-06-12 16:35:15.862347,439,2,3,ac:23:3f:24:d3:60,e2c56db5-dffb-48d2-b060-d0f5a71096e2,-44
2018-06-12 16:35:16.066763,440,2,3,ac:23:3f:24:d3:60,e2c56db5-dffb-48d2-b060-d0f5a71096e2,-44
2018-06-12 16:35:16.269110,441,2,3,ac:23:3f:24:d3:60,e2c56db5-dffb-48d2-b060-d0f5a71096e2,-48
2018-06-12 16:35:16.471146,442,2,3,ac:23:3f:24:d3:60,e2c56db5-dffb-48d2-b060-d0f5a71096e2,-50
2018-06-12 16:35:16.674623,443,2,3,ac:23:3f:24:d3:60,e2c56db5-dffb-48d2-b060-d0f5a71096e2,-44
2018-06-12 16:35:16.881346,444,2,3,ac:23:3f:24:d3:60,e2c56db5-dffb-48d2-b060-d0f5a71096e2,-44
2018-06-12 16:35:17.289518,445,2,3,ac:23:3f:24:d3:60,e2c56db5-dffb-48d2-b060-d0f5a71096e2,-48
2018-06-12 16:35:17.703264,446,2,3,ac:23:3f:24:d3:60,e2c56db5-dffb-48d2-b060-d0f5a71096e2,-50
2018-06-12 16:35:18.112315,447,2,3,ac:23:3f:24:d3:60,e2c56db5-dffb-48d2-b060-d0f5a71096e2,-28
2018-06-12 16:35:18.321758,448,2,3,ac:23:3f:24:d3:60,e2c56db5-dffb-48d2-b060-d0f5a71096e2,-44
2018-06-12 16:35:18.528126,449,2,3,ac:23:3f:24:d3:60,e2c56db5-dffb-48d2-b060-d0f5a71096e2,-44
2018-06-12 16:35:18.729360,450,2,3,ac:23:3f:24:d3:60,e2c56db5-dffb-48d2-b060-d0f5a71096e2,-48
2018-06-12 16:35:18.939167,451,2,3,ac:23:3f:24:d3:60,e2c56db5-dffb-48d2-b060-d0f5a71096e2,-48
2018-06-12 16:35:19.147238,452,2,3,ac:23:3f:24:d3:60,e2c56db5-dffb-48d2-b060-d0f5a71096e2,-48
2018-06-12 16:35:19.354610,453,2,3,ac:23:3f:24:d3:60,e2c56db5-dffb-48d2-b060-d0f5a71096e2,-50
2018-06-12 16:35:19.561716,454,2,3,ac:23:3f:24:d3:60,e2c56db5-dffb-48d2-b060-d0f5a71096e2,-50
2018-06-12 16:35:19.764110,455,2,3,ac:23:3f:24:d3:60,e2c56db5-dffb-48d2-b060-d0f5a71096e2,-44
2018-06-12 16:35:19.971837,456,2,3,ac:23:3f:24:d3:60,e2c56db5-dffb-48d2-b060-d0f5a71096e2,-44
2018-06-12 16:35:20.173277,457,2,3,ac:23:3f:24:d3:60,e2c56db5-dffb-48d2-b060-d0f5a71096e2,-49
2018-06-12 16:35:20.376694,458,2,3,ac:23:3f:24:d3:60,e2c56db5-dffb-48d2-b060-d0f5a71096e2,-42
2018-06-12 16:35:20.789152,459,2,3,ac:23:3f:24:d3:60,e2c56db5-dffb-48d2-b060-d0f5a71096e2,-50
2018-06-12 16:35:20.998981,460,2,3,ac:23:3f:24:d3:60,e2c56db5-dffb-48d2-b060-d0f5a71096e2,-50
2018-06-12 16:35:21.204789,461,2,3,ac:23:3f:24:d3:60,e2c56db5-dffb-48d2-b060-d0f5a71096e2,-44
2018-06-12 16:35:21.414102,462,2,3,ac:23:3f:24:d3:60,e2c56db5-dffb-48d2-b060-d0f5a71096e2,-37
2018-06-12 16:35:21.613789,463,2,3,ac:23:3f:24:d3:60,e2c56db5-dffb-48d2-b060-d0f5a71096e2,-48
2018-06-12 16:35:21.819194,464,2,3,ac:23:3f:24:d3:60,e2c56db5-dffb-48d2-b060-d0f5a71096e2,-41
2018-06-12 16:35:22.443842,465,2,3,ac:23:3f:24:d3:60,e2c56db5-dffb-48d2-b060-d0f5a71096e2,-49
2018-06-12 16:35:22.647061,466,2,3,ac:23:3f:24:d3:60,e2c56db5-dffb-48d2-b060-d0f5a71096e2,-49
2018-06-12 16:35:22.850728,467,2,3,ac:23:3f:24:d3:60,e2c56db5-dffb-48d2-b060-d0f5a71096e2,-44
2018-06-12 16:35:23.050442,468,2,3,ac:23:3f:24:d3:60,e2c56db5-dffb-48d2-b060-d0f5a71096e2,-48
2018-06-12 16:35:23.457226,469,2,3,ac:23:3f:24:d3:60,e2c56db5-dffb-48d2-b060-d0f5a71096e2,-50
2018-06-12 16:35:24.076153,470,2,3,ac:23:3f:24:d3:60,e2c56db5-dffb-48d2-b060-d0f5a71096e2,-44
2018-06-12 16:35:24.488180,471,2,3,ac:23:3f:24:d3:60,e2c56db5-dffb-48d2-b060-d0f5a71096e2,-48
2018-06-12 16:35:24.697761,472,2,3,ac:23:3f:24:d3:60,e2c56db5-dffb-48d2-b060-d0f5a71096e2,-49
2018-06-12 16:35:24.900613,473,2,3,ac:23:3f:24:d3:60,e2c56db5-dffb-48d2-b060-d0f5a71096e2,-50
2018-06-12 16:35:25.099855,474,2,3,ac:23:3f:24:d3:60,e2c56db5-dffb-48d2-b060-d0f5a71096e2,-44
2018-06-12 16:35:25.306320,475,2,3,ac:23:3f:24:d3:60,e2c56db5-dffb-48d2-b060-d0f5a71096e2,-44
2018-06-12 16:35:25.507130,476,2,3,ac:23:3f:24:d3:60,e2c56db5-dffb-48d2-b060-d0f5a71096e2,-48
2018-06-12 16:35:25.712219,477,2,3,ac:23:3f:24:d3:60,e2c56db5-dffb-48d2-b060-d0f5a71096e2,-50
2018-06-12 16:35:25.917858,478,2,3,ac:23:3f:24:d3:60,e2c56db5-dffb-48d2-b060-d0f5a71096e2,-50
2018-06-12 16:35:26.126219,479,2,3,ac:23:3f:24:d3:60,e2c56db5-dffb-48d2-b060-d0f5a71096e2,-49
2018-06-12 16:35:26.211341,480,2,3,ac:23:3f:24:d3:60,e2c56db5-dffb-48d2-b060-d0f5a71096e2,-44
2018-06-12 16:35:26.414808,481,2,3,ac:23:3f:24:d3:60,e2c56db5-dffb-48d2-b060-d0f5a71096e2,-42
2018-06-12 16:35:26.820319,482,2,3,ac:23:3f:24:d3:60,e2c56db5-dffb-48d2-b060-d0f5a71096e2,-49
2018-06-12 16:35:27.022876,483,2,3,ac:23:3f:24:d3:60,e2c56db5-dffb-48d2-b060-d0f5a71096e2,-44
2018-06-12 16:35:27.227088,484,2,3,ac:23:3f:24:d3:60,e2c56db5-dffb-48d2-b060-d0f5a71096e2,-48
2018-06-12 16:35:27.426211,485,2,3,ac:23:3f:24:d3:60,e2c56db5-dffb-48d2-b060-d0f5a71096e2,-32
2018-06-12 16:35:27.834407,486,2,3,ac:23:3f:24:d3:60,e2c56db5-dffb-48d2-b060-d0f5a71096e2,-49
2018-06-12 16:35:28.043735,487,2,3,ac:23:3f:24:d3:60,e2c56db5-dffb-48d2-b060-d0f5a71096e2,-44
2018-06-12 16:35:28.453033,488,2,3,ac:23:3f:24:d3:60,e2c56db5-dffb-48d2-b060-d0f5a71096e2,-48
2018-06-12 16:35:28.850978,489,2,3,ac:23:3f:24:d3:60,e2c56db5-dffb-48d2-b060-d0f5a71096e2,-50
2018-06-12 16:35:29.051990,490,2,3,ac:23:3f:24:d3:60,e2c56db5-dffb-48d2-b060-d0f5a71096e2,-44
2018-06-12 16:35:29.258559,491,2,3,ac:23:3f:24:d3:60,e2c56db5-dffb-48d2-b060-d0f5a71096e2,-48
2018-06-12 16:35:29.467006,492,2,3,ac:23:3f:24:d3:60,e2c56db5-dffb-48d2-b060-d0f5a71096e2,-48
2018-06-12 16:35:29.899482,493,2,3,ac:23:3f:24:d3:60,e2c56db5-dffb-48d2-b060-d0f5a71096e2,-49
2018-06-12 16:35:30.088517,494,2,3,ac:23:3f:24:d3:60,e2c56db5-dffb-48d2-b060-d0f5a71096e2,-49
2018-06-12 16:35:30.291471,495,2,3,ac:23:3f:24:d3:60,e2c56db5-dffb-48d2-b060-d0f5a71096e2,-44
2018-06-12 16:35:30.491611,496,2,3,ac:23:3f:24:d3:60,e2c56db5-dffb-48d2-b060-d0f5a71096e2,-48
2018-06-12 16:35:30.902465,497,2,3,ac:23:3f:24:d3:60,e2c56db5-dffb-48d2-b060-d0f5a71096e2,-49
2018-06-12 16:35:31.104082,498,2,3,ac:23:3f:24:d3:60,e2c56db5-dffb-48d2-b060-d0f5a71096e2,-44
2018-06-12 16:35:31.300291,499,2,3,ac:23:3f:24:d3:60,e2c56db5-dffb-48d2-b060-d0f5a71096e2,-44
2018-06-12 16:35:31.506893,500,2,3,ac:23:3f:24:d3:60,e2c56db5-dffb-48d2-b060-d0f5a71096e2,-48
2018-06-12 16:35:32.126565,501,2,3,ac:23:3f:24:d3:60,e2c56db5-dffb-48d2-b060-d0f5a71096e2,-49
2018-06-12 16:35:32.327854,502,2,3,ac:23:3f:24:d3:60,e2c56db5-dffb-48d2-b060-d0f5a71096e2,-44
2018-06-12 16:35:32.542068,503,2,3,ac:23:3f:24:d3:60,e2c56db5-dffb-48d2-b060-d0f5a71096e2,-44
2018-06-12 16:35:32.746434,504,2,3,ac:23:3f:24:d3:60,e2c56db5-dffb-48d2-b060-d0f5a71096e2,-44
2018-06-12 16:35:32.954429,505,2,3,ac:23:3f:24:d3:60,e2c56db5-dffb-48d2-b060-d0f5a71096e2,-48
2018-06-12 16:35:33.158242,506,2,3,ac:23:3f:24:d3:60,e2c56db5-dffb-48d2-b060-d0f5a71096e2,-49
2018-06-12 16:35:33.567141,507,2,3,ac:23:3f:24:d3:60,e2c56db5-dffb-48d2-b060-d0f5a71096e2,-44
2018-06-12 16:35:33.773963,508,2,3,ac:23:3f:24:d3:60,e2c56db5-dffb-48d2-b060-d0f5a71096e2,-44
2018-06-12 16:35:33.976326,509,2,3,ac:23:3f:24:d3:60,e2c56db5-dffb-48d2-b060-d0f5a71096e2,-43
2018-06-12 16:35:34.184085,510,2,3,ac:23:3f:24:d3:60,e2c56db5-dffb-48d2-b060-d0f5a71096e2,-48
2018-06-12 16:35:34.393622,511,2,3,ac:23:3f:24:d3:60,e2c56db5-dffb-48d2-b060-d0f5a71096e2,-48
2018-06-12 16:35:34.596532,512,2,3,ac:23:3f:24:d3:60,e2c56db5-dffb-48d2-b060-d0f5a71096e2,-48
2018-06-12 16:35:34.794897,513,2,3,ac:23:3f:24:d3:60,e2c56db5-dffb-48d2-b060-d0f5a71096e2,-49
2018-06-12 16:35:35.004963,514,2,3,ac:23:3f:24:d3:60,e2c56db5-dffb-48d2-b060-d0f5a71096e2,-50
2018-06-12 16:35:35.209375,515,2,3,ac:23:3f:24:d3:60,e2c56db5-dffb-48d2-b060-d0f5a71096e2,-50
2018-06-12 16:35:35.421133,516,2,3,ac:23:3f:24:d3:60,e2c56db5-dffb-48d2-b060-d0f5a71096e2,-40
2018-06-12 16:35:35.621786,517,2,3,ac:23:3f:24:d3:60,e2c56db5-dffb-48d2-b060-d0f5a71096e2,-49
2018-06-12 16:35:36.031197,518,2,3,ac:23:3f:24:d3:60,e2c56db5-dffb-48d2-b060-d0f5a71096e2,-33
2018-06-12 16:35:36.240510,519,2,3,ac:23:3f:24:d3:60,e2c56db5-dffb-48d2-b060-d0f5a71096e2,-49
2018-06-12 16:35:36.444716,520,2,3,ac:23:3f:24:d3:60,e2c56db5-dffb-48d2-b060-d0f5a71096e2,-44
2018-06-12 16:35:36.651525,521,2,3,ac:23:3f:24:d3:60,e2c56db5-dffb-48d2-b060-d0f5a71096e2,-44
2018-06-12 16:35:36.851944,522,2,3,ac:23:3f:24:d3:60,e2c56db5-dffb-48d2-b060-d0f5a71096e2,-48
2018-06-12 16:35:37.054477,523,2,3,ac:23:3f:24:d3:60,e2c56db5-dffb-48d2-b060-d0f5a71096e2,-49
2018-06-12 16:35:37.456749,524,2,3,ac:23:3f:24:d3:60,e2c56db5-dffb-48d2-b060-d0f5a71096e2,-48
2018-06-12 16:35:37.660740,525,2,3,ac:23:3f:24:d3:60,e2c56db5-dffb-48d2-b060-d0f5a71096e2,-48
2018-06-12 16:35:38.275199,526,2,3,ac:23:3f:24:d3:60,e2c56db5-dffb-48d2-b060-d0f5a71096e2,-44
2018-06-12 16:35:38.476620,527,2,3,ac:23:3f:24:d3:60,e2c56db5-dffb-48d2-b060-d0f5a71096e2,-44
2018-06-12 16:35:38.677459,528,2,3,ac:23:3f:24:d3:60,e2c56db5-dffb-48d2-b060-d0f5a71096e2,-42
2018-06-12 16:35:39.093357,529,2,3,ac:23:3f:24:d3:60,e2c56db5-dffb-48d2-b060-d0f5a71096e2,-50
2018-06-12 16:35:39.299758,530,2,3,ac:23:3f:24:d3:60,e2c56db5-dffb-48d2-b060-d0f5a71096e2,-50
2018-06-12 16:35:39.504181,531,2,3,ac:23:3f:24:d3:60,e2c56db5-dffb-48d2-b060-d0f5a71096e2,-28
2018-06-12 16:35:39.713276,532,2,3,ac:23:3f:24:d3:60,e2c56db5-dffb-48d2-b060-d0f5a71096e2,-44
2018-06-12 16:35:39.912788,533,2,3,ac:23:3f:24:d3:60,e2c56db5-dffb-48d2-b060-d0f5a71096e2,-49
2018-06-12 16:35:40.118198,534,2,3,ac:23:3f:24:d3:60,e2c56db5-dffb-48d2-b060-d0f5a71096e2,-49
2018-06-12 16:35:40.526817,535,2,3,ac:23:3f:24:d3:60,e2c56db5-dffb-48d2-b060-d0f5a71096e2,-50
2018-06-12 16:35:40.734072,536,2,3,ac:23:3f:24:d3:60,e2c56db5-dffb-48d2-b060-d0f5a71096e2,-44
2018-06-12 16:35:41.140624,537,2,3,ac:23:3f:24:d3:60,e2c56db5-dffb-48d2-b060-d0f5a71096e2,-33
2018-06-12 16:35:41.764189,538,2,3,ac:23:3f:24:d3:60,e2c56db5-dffb-48d2-b060-d0f5a71096e2,-49
2018-06-12 16:35:41.973140,539,2,3,ac:23:3f:24:d3:60,e2c56db5-dffb-48d2-b060-d0f5a71096e2,-49
2018-06-12 16:35:42.394388,540,2,3,ac:23:3f:24:d3:60,e2c56db5-dffb-48d2-b060-d0f5a71096e2,-44
2018-06-12 16:35:42.576082,541,2,3,ac:23:3f:24:d3:60,e2c56db5-dffb-48d2-b060-d0f5a71096e2,-48
2018-06-12 16:35:42.785880,542,2,3,ac:23:3f:24:d3:60,e2c56db5-dffb-48d2-b060-d0f5a71096e2,-48
2018-06-12 16:35:42.992330,543,2,3,ac:23:3f:24:d3:60,e2c56db5-dffb-48d2-b060-d0f5a71096e2,-48
2018-06-12 16:35:43.203443,544,2,3,ac:23:3f:24:d3:60,e2c56db5-dffb-48d2-b060-d0f5a71096e2,-50
2018-06-12 16:35:43.407008,545,2,3,ac:23:3f:24:d3:60,e2c56db5-dffb-48d2-b060-d0f5a71096e2,-49
2018-06-12 16:35:43.831335,546,2,3,ac:23:3f:24:d3:60,e2c56db5-dffb-48d2-b060-d0f5a71096e2,-44
2018-06-12 16:35:44.021448,547,2,3,ac:23:3f:24:d3:60,e2c56db5-dffb-48d2-b060-d0f5a71096e2,-48
2018-06-12 16:35:44.635260,548,2,3,ac:23:3f:24:d3:60,e2c56db5-dffb-48d2-b060-d0f5a71096e2,-44
2018-06-12 16:35:45.042935,549,2,3,ac:23:3f:24:d3:60,e2c56db5-dffb-48d2-b060-d0f5a71096e2,-48
